fdic_cert_number,rssd_id,bank_name,city,state,active_status,total_assets,charter_type,established_date,last_updated
14,35301,State Street Bank and Trust Company,Boston,MA,True,386546000,0,1792-01-01,2026-07-10
35,749635,AuburnBank,Auburn,AL,True,1026359,0,1907-01-03,2026-07-10
40,,EAST GADSDEN BANK,GADSDEN,,False,,,,2026-07-10
55,,THE COMMERCIAL BANK,ANDALUSIA,,False,,,,2026-07-10
58,994435,United Bank,Atmore,AL,True,1452054,0,1904-01-04,2026-07-10
76,,THE PEOPLES BANK,COLLINSVILLE,,False,,,,2026-07-10
88,329345,Generations Bank,Rogers,AR,True,1072055,0,1907-10-08,2026-07-10
89,3350724,Signature Bank of Arkansas,Fayetteville,AR,True,1628308,0,1933-08-18,2026-07-10
91,,ALLIED BANK,MULBERRY,,False,,,,2026-07-10
110,107244,Bank OZK,Little Rock,AR,True,41663976,0,1903-03-03,2026-07-10
131,34537,Seacoast National Bank,Stuart,FL,True,21134120,14838,1933-01-01,2026-07-10
143,,CARIBANK,DANIA,,False,,,,2026-07-10
151,,HABERSHAM BANK,CLARKESVILLE,,False,,,,2026-07-10
172,37435,United Bank,Zebulon,GA,True,2216638,0,1905-01-31,2026-07-10
182,,THE PEOPLES BANK,WINDER,,False,,,,2026-07-10
193,,HERITAGE BANK,HINESVILLE,GA,,1004001,,,2026-07-10
228,735441,American State Bank,Sioux Center,IA,True,1458577,0,1913-09-01,2026-07-10
233,,OAKLAND SAVINGS BANK,OAKLAND,,False,,,,2026-07-10
253,674849,Luana Savings Bank,Luana,IA,True,2198462,0,1908-08-01,2026-07-10
257,,COMMERCIAL STATE BANK,POCAHONTAS,,False,,,,2026-07-10
258,317342,Stock Yards Bank & Trust Company,Louisville,KY,True,9457499,0,1904-06-01,2026-07-10
287,698144,Community Financial Services Bank,Benton,KY,True,1370973,0,1890-01-01,2026-07-10
292,266945,The Monticello Banking Company,Monticello,KY,True,1094102,0,1895-01-01,2026-07-10
317,,BANK OF OAK GROVE,OAK GROVE,,False,,,,2026-07-10
338,,BANK OF FALKNER,FALKNER,,False,,,,2026-07-10
354,,FIRST SECURITY BANK OF GLENDIVE,GLENDIVE,,False,,,,2026-07-10
384,498317,The Ohio Valley Bank Company,Gallipolis,OH,True,1663062,0,1872-01-01,2026-07-10
401,,THE FIRST STATE BANK,WILLOW,,False,,,,2026-07-10
411,,UNITED OKLAHOMA BANK,OKLAHOMA CITY,,False,,,,2026-07-10
415,,FIRST STATE BANK,FOSS,,False,,,,2026-07-10
416,,FIRST CAPITAL BANK,KINGFISHER,,False,,,,2026-07-10
425,,THE CITIZENS BANK,DRUMRIGHT,,False,,,,2026-07-10
431,,THE BANK OF RED OAK,RED OAK,,False,,,,2026-07-10
433,,SECURITY STATE BANK,ROOSEVELT,,False,,,,2026-07-10
497,,MARSHALL COUNTY BANK,BRITTON,,False,,,,2026-07-10
506,,FIRST STATE BANK OF SISSETON,SISSETON,,False,,,,2026-07-10
513,,SUMMIT BANK,BURLINGTON,,False,,,,2026-07-10
520,,JACKSON STATE BANK,JACKSON,WY,,1476523,,,2026-07-10
525,,SARATOGA STATE BANK,SARATOGA,,False,,,,2026-07-10
588,501105,Manufacturers and Traders Trust Company,Buffalo,NY,True,214201000,0,1856-01-01,2026-07-10
597,884303,Chemung Canal Trust Company,Elmira,NY,True,2748374,0,1833-10-22,2026-07-10
609,433608,Tompkins Community Bank,Ithaca,NY,True,8696575,0,1934-01-01,2026-07-10
622,661308,Amalgamated Bank,New York,NY,True,9168378,0,1923-04-14,2026-07-10
623,214807,Deutsche Bank Trust Company Americas,New York,NY,True,39745000,0,1903-03-30,2026-07-10
628,852218,"JPMorgan Chase Bank, National Association",Columbus,OH,True,4016571000,8,1824-01-01,2026-07-10
638,,AMERICAN BANK & TRUST COMPANY,NEW YORK,,False,,,,2026-07-10
639,541101,The Bank of New York Mellon,New York,NY,True,467349000,0,1851-01-01,2026-07-10
659,601416,Five Star Bank,Rochester,NY,True,6255437,0,1881-12-26,2026-07-10
660,645317,The Adirondack Trust Company,Saratoga Springs,NY,True,1763293,0,1901-01-01,2026-07-10
664,,BANK OF SMITHTOWN,SMITHTOWN,NY,,2276313,,,2026-07-10
679,,PNC BANK DELAWARE,WILMINGTON,DE,,3169706,,,2026-07-10
680,,WILMINGTON TRUST CO,WILMINGTON,DE,,1150601,,,2026-07-10
686,881012,Journey Bank,Bloomsburg,PA,True,1714230,0,1926-02-01,2026-07-10
698,59316,Wayne Bank,Honesdale,PA,True,2915509,0,1871-01-01,2026-07-10
713,342410,Orrstown Bank,Harrisburg,PA,True,5576514,0,1919-05-01,2026-07-10
719,,"FIRST PENNSYLVANIA BK, N.A.",PHILADELPHIA,,False,,,,2026-07-10
734,,KENTUCKY BANK,PARIS,KY,,1270926,,,2026-07-10
803,645625,"WesBanco Bank, Inc.",Wheeling,WV,True,27420438,0,1870-01-20,2026-07-10
843,,THE TUCKER COUNTY BANK,PARSONS,,False,,,,2026-07-10
856,,WATKINS BANKING COMPANY,FAUNSDALE,,False,,,,2026-07-10
867,,SUNTRUST BANK,ATLANTA,GA,,221424201,,,2026-07-10
873,,SYNOVUS BANK,COLUMBUS,GA,,61204265,,,2026-07-10
878,,BRAND BANKING CO,LAWRENCEVILLE,GA,,2242881,,,2026-07-10
895,,GREENBANK,GREENEVILLE,TN,,2290864,,,2026-07-10
903,397531,Amalgamated Bank of Chicago,Chicago,IL,True,1276984,0,1922-06-30,2026-07-10
913,210434,The Northern Trust Company,Chicago,IL,True,173842608,0,1889-01-01,2026-07-10
916,,NATIONAL REPUBLIC BK CHICAGO,CHICAGO,IL,False,1035257,,,2026-07-10
917,,STATE BANK OF CLEARING,CHICAGO,,False,,,,2026-07-10
949,,COMMERCIAL STATE BANK,AFTON,,False,,,,2026-07-10
953,811046,Bankers Trust Company,Des Moines,IA,True,7469647,0,1917-06-01,2026-07-10
958,738040,United Bank of Iowa,Ida Grove,IA,True,2533545,0,1932-02-04,2026-07-10
983,,COMERICA BANK,DALLAS,TX,,80052000,,,2026-07-10
986,,CITIZENS BANK,FLINT,MI,,9309422,,,2026-07-10
993,,FIFTH THIRD BANK,GRAND RAPIDS,MI,,50893622,,,2026-07-10
1003,,CHEMICAL BANK,DETROIT,MI,,22460247,,,2026-07-10
1005,74140,Isabella Bank,Mount Pleasant,MI,True,2203614,0,1903-07-01,2026-07-10
1006,,CITIZENS STATE BANK,NEW BALTIMORE,,False,,,,2026-07-10
1014,324340,ChoiceOne Bank,Sparta,MI,True,4391138,0,1898-01-01,2026-07-10
1020,,M&I MARSHALL&ILSLEY BANK,MILWAUKEE,WI,,44975270,,,2026-07-10
1027,33147,Fm Bank And Trust,Blytheville,AR,True,1303870,0,1908-03-16,2026-07-10
1039,,BANK OF EDWARDSVILLE,EDWARDSVILLE,IL,,1943295,,,2026-07-10
1040,773247,Midland States Bank,Effingham,IL,True,6539611,0,1881-01-01,2026-07-10
1056,,GLASGOW SAVINGS BANK,GLASGOW,,False,,,,2026-07-10
1058,657459,Midwest BankCentre,Lemay,MO,True,3034068,0,1906-03-01,2026-07-10
1060,671558,Wood & Huston Bank,Marshall,MO,True,1217421,0,1874-02-12,2026-07-10
1068,177751,Cass Commercial Bank,Des Peres,MO,True,1328042,0,1906-01-01,2026-07-10
1081,,SOUTHWEST BANK AN M&I BANK,SAINT LOUIS,MO,,5374091,,,2026-07-10
1105,659855,First Interstate Bank,Billings,MT,True,26361352,0,1916-10-09,2026-07-10
1108,,CLARKS FORK NATIONAL BANK,FROMBERG,,False,,,,2026-07-10
1117,275358,American Bank & Trust,Sioux Falls,SD,True,2242998,0,1892-01-01,2026-07-10
1143,,BANK OF BLUE VALLEY,OVERLAND PARK,KS,,1433092,,,2026-07-10
1148,,THE SEDAN STATE BANK,SEDAN,,False,,,,2026-07-10
1177,,BROWNFIELD STATE BK & TR CO.,BROWNFIELD,,False,,,,2026-07-10
1178,,FIRST BANK & TRUST,BRYAN,,False,,,,2026-07-10
1181,,FIRST REPUBLICBANK-CLIFTON,CLIFTON,,False,,,,2026-07-10
1186,,EDEN STATE BANK,EDEN,,False,,,,2026-07-10
1187,,FIRST CONSOLIDATED BANK - FERRIS,FERRIS,,False,,,,2026-07-10
1188,,FIRST REPUBLICBANK-FORNEY,FORNEY,,False,,,,2026-07-10
1191,,"MBANK GREENVILLE, NATIONAL ASSOC",GREENVILLE,,False,,,,2026-07-10
1193,,THE HUNTSVILLE NATIONAL BANK,HUNTSVILLE,,False,,,,2026-07-10
1204,,FARMERS STATE BANK OF MADISONVILLLE,MADISONVILLE,,False,,,,2026-07-10
1208,,GUARANTY BANK&TRUST N A,MOUNT PLEASANT,TX,,3108145,,,2026-07-10
1209,885869,"Commercial Bank of Texas, National Association",Nacogdoches,TX,True,1707118,14371,1901-10-14,2026-07-10
1210,,VISTA BANK,DALLAS,TX,,2541208,,,2026-07-10
1211,,"FIRST CITY, TEXAS - RICHARDSON",RICHARDSON,,False,,,,2026-07-10
1213,2891622,"Cornerstone Capital Bank, SSB",Houston,TX,True,3798501,0,1906-12-06,2026-07-10
1215,,"FARMERS STATE BANK OF SHIRO, TEXAS",SHIRO,,False,,,,2026-07-10
1220,,SECURITY BANK & TRUST COMPANY,WHARTON,,False,,,,2026-07-10
1225,871769,Farmers and Merchants Bank of Long Beach,Long Beach,CA,True,11856598,0,1907-11-20,2026-07-10
1249,,BANK OF EPHRAIM,EPHRAIM,,False,,,,2026-07-10
1252,,BARNES BANKING COMPANY,KAYSVILLE,,False,,,,2026-07-10
1259,,TRACY-COLLINS BANK & TRUST COMPANY,SALT LAKE CITY,,False,,,,2026-07-10
1265,574976,Cashmere Valley Bank,Cashmere,WA,True,2300997,0,1932-09-24,2026-07-10
1281,58971,Washington Trust Bank,Spokane,WA,True,10700024,0,1902-11-03,2026-07-10
1291,12946,Farmers Bank & Trust Company,Magnolia,AR,True,3143422,0,1906-01-01,2026-07-10
1299,592448,Evolve Bank & Trust,West Memphis,AR,True,1208364,0,1925-06-05,2026-07-10
1331,808260,Farmers & Merchants Bank of Central California,Lodi,CA,True,5836466,0,1916-05-24,2026-07-10
1361,,HEARTLAND BANK,LEAWOOD,,False,,,,2026-07-10
1365,153353,Peoples Bank and Trust Company,Mcpherson,KS,True,1599701,0,1898-11-01,2026-07-10
1368,,THE MISSION STATE BK & TR CO.,MISSION,,False,,,,2026-07-10
1373,684455,BOM Bank,Natchitoches,LA,True,1522511,0,1903-10-05,2026-07-10
1399,751656,Frandsen Bank & Trust,Lonsdale,MN,True,3688224,0,1901-08-01,2026-07-10
1402,279954,Citizens Alliance Bank,Clara City,MN,True,1453104,0,1902-07-02,2026-07-10
1405,,FARMERS & MERCHANTS ST BK OF LAMBERTON,LAMBERTON,,False,,,,2026-07-10
1407,,LAKELAND STATE BANK,PEQUOT LAKES,,False,,,,2026-07-10
1414,,KLEINBANK,CHASKA,MN,,1959321,,,2026-07-10
1428,,THE HOME BANK,SAVANNAH,,False,,,,2026-07-10
1433,,SECURITY STATE BANK,BROKEN BOW,,False,,,,2026-07-10
1435,492650,Exchange Bank,Kearney,NE,True,1559458,0,1917-04-09,2026-07-10
1472,,CITIZENS BK OF MONROE COUNTY,TELICO PLAINS,,False,,,,2026-07-10
1473,,CITY & COUNTY BK OF ROANE CTY,KINGSTON,,False,,,,2026-07-10
1479,,FIRST STATE BANK,UNION CITY,TN,,1900083,,,2026-07-10
1483,,SMITH COUNTY BANK,CARTHAGE,,False,,,,2026-07-10
1487,150035,First Farmers and Merchants Bank,Columbia,TN,True,1794226,0,1909-01-01,2026-07-10
1497,839068,Security State Bank,Pearsall,TX,True,1131558,0,1925-01-01,2026-07-10
1500,,FIRST INDEPENDENT BANK,VANCOUVER,WA,,1003111,,,2026-07-10
1520,,FIRST SECURITY BANK,BOZEMAN,MT,,1024287,,,2026-07-10
1528,852544,Southern Bancorp Bank,Arkadelphia,AR,True,2810125,0,1884-03-01,2026-07-10
1536,479268,Bank of Stockton,Stockton,CA,True,4834846,0,1867-08-12,2026-07-10
1545,820048,"First National Bank, Ames, Iowa",Ames,IA,True,1092193,10408,1903-05-22,2026-07-10
1552,830542,CBI Bank & Trust,Muscatine,IA,True,1657965,0,1933-06-13,2026-07-10
1597,,FIRSTBANK,MT. PLEASANT,MI,,1247618,,,2026-07-10
1602,,SWIFT COUNTY BANK,BENSON,,False,,,,2026-07-10
1617,330855,The Bank of Missouri,Perryville,MO,True,4236274,0,1891-11-07,2026-07-10
1620,,FIRST STOCK YARDS BANK,ST. JOSEPH,,False,,,,2026-07-10
1643,,PROVIDENCE BANK,COLUMBIA,MO,,1043348,,,2026-07-10
1673,526452,1st Financial Bank USA,Dakota Dunes,SD,True,1333008,0,1910-01-01,2026-07-10
1678,593052,Plains Commerce Bank,Sioux Falls,SD,True,1346131,0,1931-07-16,2026-07-10
1690,,THE FARMERS BANK OF LYNCHBURG,LYNCHBURG,,False,,,,2026-07-10
1711,63733,Wellworth Bank,Lafayette,TN,True,1776310,0,1909-07-01,2026-07-10
1717,,"FIRST REPUBLICBANK-TEMPLE, N.A.",TEMPLE,,False,,,,2026-07-10
1722,,"FIRST CITY, TEXAS - DALLAS, NA",DALLAS,,False,,,,2026-07-10
1723,,HILDALGO COUNTY BANK,MERCEDES,,False,,,,2026-07-10
1726,,WILCOX COUNTY BANK,CAMDEN,,False,,,,2026-07-10
1731,,BANK OF HACKLEBURG,HACKLEBURG,,False,,,,2026-07-10
1733,,FIRST BANK OF MACON COUNTY,NOTASULGA,,False,,,,2026-07-10
1758,,FIRST SECURITY BANK OF NORTH ARKANSAS,HORSESHOE,,False,,,,2026-07-10
1768,936462,Mechanics Bank,Walnut Creek,CA,True,21403986,0,1905-01-01,2026-07-10
1769,,COLORADO STATE B&T N A,DENVER,CO,,1378228,,,2026-07-10
1802,,FAYETTE COUNTY BANK,SAINT ELMO,,False,,,,2026-07-10
1810,,THE INA STATE BANK,INA,,False,,,,2026-07-10
1874,246657,Bank of Labor,Overland Park,KS,True,1099845,0,1924-09-02,2026-07-10
1876,,BEREA BANK AND TRUST COMPANY,BEREA,,False,,,,2026-07-10
1909,,MAINSTREET BANK,FOREST LAKE,,False,,,,2026-07-10
1917,,STATE BANK OF FROST,FROST,,False,,,,2026-07-10
1930,,STATE BANK OF MORGAN,MORGAN,,False,,,,2026-07-10
1947,,FIRST MIDWEST BANK,MARYVILLE,,False,,,,2026-07-10
1971,,HUME BANK,HUME,,False,,,,2026-07-10
1978,680457,The Yellowstone Bank,Laurel,MT,True,1343203,0,1926-05-26,2026-07-10
1994,,THE BANK OF CODY,CODY,,False,,,,2026-07-10
2036,,FARMERS&MERCHANTS BANK,GRANITE QUARRY,NC,,1001914,,,2026-07-10
2055,,BREMER BANK NATIONAL ASSN,GRAND FORKS,ND,,1006333,,,2026-07-10
2092,,THE NATIONAL BANK OF WASHINGTON,WASHINGTON,,False,,,,2026-07-10
2102,631422,The Conway National Bank,Conway,SC,True,1940788,10536,1914-01-01,2026-07-10
2111,,NATIONAL BANK OF SC,SUMTER,SC,,4370118,,,2026-07-10
2119,,THE FIRST NATIONAL BANK OF BARNESVILLE,BARNESVILLE,,False,,,,2026-07-10
2138,960935,Queensborough National Bank & Trust Company,Louisville,GA,True,2342102,6207,1902-01-01,2026-07-10
2166,,FIRST NAT BK OF BROWNING,BROWNING,,False,,,,2026-07-10
2174,,Q BANK,FORT BENTON,,False,,,,2026-07-10
2230,,THE FIRST NATIONAL BANK OF SHERIDAN,SHERIDAN,,False,,,,2026-07-10
2232,561659,Pinnacle Bank - Wyoming,Cody,WY,True,1274405,0,1918-04-06,2026-07-10
2239,,FIRST NB OF SANTA FE,ALBUQUERQUE,NM,,1680025,,,2026-07-10
2240,771458,First American Bank,Artesia,NM,True,1931040,0,1903-01-01,2026-07-10
2241,,CNB BANK,CARLSBAD,NM,,1025455,,,2026-07-10
2270,276579,"Zions Bancorporation, N.A.",Salt Lake City,UT,True,87956932,4341,1873-07-06,2026-07-10
2303,,THE FIRST STATE BANK,CAMARGO,,False,,,,2026-07-10
2304,,SECURITY STATE BANK,WEATHERFORD,,False,,,,2026-07-10
2306,,THE DILL STATE BANK,DILL CITY,,False,,,,2026-07-10
2309,,CITIZENS BANK OF KREBS,KREBS,,False,,,,2026-07-10
2310,,UNITED SERVICES BANK,HARTSHORNE,,False,,,,2026-07-10
2313,,FIRST STATE BANK,BLANCHARD,,False,,,,2026-07-10
2315,470452,Armstrong Bank,Muskogee,OK,True,2712746,0,1910-03-15,2026-07-10
2319,,WAUKOMIS STATE BANK,WAUKOMIS,,False,,,,2026-07-10
2321,,FARMERS STATE BANK IN AFTON,AFTON,,False,,,,2026-07-10
2336,,BANK OF HUNTER,HUNTER,,False,,,,2026-07-10
2345,,WEST COAST BANK,LAKE OSWEGO,OR,,2414497,,,2026-07-10
2376,,BANK OF YORKVILLE,YORKVILLE,,False,,,,2026-07-10
2378,,THE DAYTON BK & TR CO.,DAYTON,,False,,,,2026-07-10
2393,,PEOPLES BANK & TRUST CO.,WARTBURG,,False,,,,2026-07-10
2443,886624,Clear Mountain Bank,Bruceton Mills,WV,True,1011712,0,1931-01-01,2026-07-10
2531,,CITYTRUST,BRIDGEPORT,,False,,,,2026-07-10
2545,,THE CONNECTICUT BANK & TRUST CO,HARTFORD,,False,,,,2026-07-10
2560,,"BANK OF NEW ENGLAND, NATIONAL ASSOC",BOSTON,,False,,,,2026-07-10
2599,,MERCHANTS NATIONAL BANK,LEOMINSTER,,False,,,,2026-07-10
2609,,THE FIRST NATIONAL BANK OF MARLBOROUGH,MARLBOROUGH,,False,,,,2026-07-10
2614,,THE HOME NATIONAL BANK OF MILFORD,MILFORD,,False,,,,2026-07-10
2700,702612,First Southern National Bank,Lancaster,KY,True,1277097,1493,1865-04-13,2026-07-10
2711,786210,"Traditional Bank, Inc.",Mount Sterling,KY,True,2408557,0,1902-03-17,2026-07-10
2720,509811,"Community Trust Bank, Inc.",Pikeville,KY,True,6698348,0,1903-11-17,2026-07-10
2740,,FARMERS NB OF DANVILLE,DANVILLE,KY,,1000539,,,2026-07-10
2773,,ALIANT BANK,ALEXANDER CITY,AL,,1027803,,,2026-07-10
2832,257233,First Bank of Alabama,Talladega,AL,True,1370032,0,1848-01-01,2026-07-10
2864,,FIRST BANK & TRUST OF IDAHO,MALAD CITY,,False,,,,2026-07-10
2993,,VECTRA BANK COLORADO NA,FARMINGTON,NM,,3317609,,,2026-07-10
2994,,BANK OF CHOICE,GREELEY,CO,False,1066036,,,2026-07-10
2998,,THE FIRST NATIONAL BANK OF BRUSH,BRUSH,,False,,,,2026-07-10
3007,,THE FIRST NATIONAL BANK OF CRIPPLE CREEK,CRIPPLE CREEK,,False,,,,2026-07-10
3012,,NATIONAL CITY BANK OF DENVER,DENVER,,False,,,,2026-07-10
3036,,MILE HIGH BANKS,LONGMONT,CO,,1047999,,,2026-07-10
3051,,THE FIRST NATIONAL BANK IN RIFLE,RIFLE,,False,,,,2026-07-10
3057,,THE FIRST NATIONAL BANK OF SPRINGFIELD,SPRINGFIELD,,False,,,,2026-07-10
3065,,"FIRST REPUBLICBANK-ABILENE, N.A.",ABILENE,,False,,,,2026-07-10
3066,470050,First Financial Bank,Abilene,TX,True,15317679,0,1889-01-01,2026-07-10
3067,340751,"Clear Fork Bank, National Association",Albany,TX,True,1016278,3248,1883-01-01,2026-07-10
3071,,ALVORD NATIONAL BANK,ALVORD,,False,,,,2026-07-10
3076,,INDEPENDENT BANK,MCKINNEY,TX,,17535258,,,2026-07-10
3083,,"MBANK AUSTIN, NATIONAL ASSOCIATION",AUSTIN,,False,,,,2026-07-10
3084,,"FIRST REPUBLICBANK- AUSTIN, N.A.",AUSTIN,,False,,,,2026-07-10
3088,,THE FIRST NATIONAL BANK OF BANDERA,BANDERA,,False,,,,2026-07-10
3091,18050,The First National Bank of Bastrop,Bastrop,TX,True,1099263,4093,1889-08-15,2026-07-10
3093,,"FIRST CITY, TEXAS - BEAUMONT, NA",BEAUMONT,,False,,,,2026-07-10
3108,100357,"Legend Bank, N.A.",Bowie,TX,True,1247150,4265,1890-03-01,2026-07-10
3112,,"MBANK BRENHAM, NATIONAL ASSOCIATION",BRENHAM,,False,,,,2026-07-10
3116,,LONE STAR STB OF WEST TEXAS,LUBBOCK,TX,,1383765,,,2026-07-10
3118,,"FIRST REPUBLICBANK-BROWNWOOD, N.A.",BROWNWOOD,,False,,,,2026-07-10
3120,,"FIRST CITY, TEXAS - BRYAN, NA",BRYAN,,False,,,,2026-07-10
3123,,FIRST CONSOLIDATED BANK - HILLSBORO,HILLSBORO,,False,,,,2026-07-10
3139,,RED RIVER NATIONAL BANK IN CLARKSVILLE,CLARKSVILLE,,False,,,,2026-07-10
3147,,"FIRST REPUBLICBANK-CONROE, N.A.",CONROE,,False,,,,2026-07-10
3153,,"FIRST REPUBLICBANK-CORSICANA, N.A.",CORSICANA,,False,,,,2026-07-10
3154,,"MBANK CORSICANA, NATIONAL ASSOCIATION",CORSICANA,,False,,,,2026-07-10
3163,,"MBANK DALLAS, NATIONAL ASSOCIATION",DALLAS,,False,,,,2026-07-10
3164,,"BANCTEXAS DALLAS, N.A.",DALLAS,,False,,,,2026-07-10
3165,,"FIRST REPUBLICBANK-DALLAS, N.A.",DALLAS,,False,,,,2026-07-10
3166,,THE FIRST NATIONAL BANK OF DAROUZZET,DARROUZETT,,False,,,,2026-07-10
3172,,"TEXAS AMERICAN BANK/DENISON, NA",DENISON,,False,,,,2026-07-10
3173,,"FIRST REPUBLICBANK-DENISON, N.A.",DENISON,,False,,,,2026-07-10
3182,594451,MapleMark Bank,Tulsa,OK,True,1010629,0,1909-01-01,2026-07-10
3189,,"FIRST REPUBLICBANK-ENNIS, N.A.",ENNIS,,False,,,,2026-07-10
3200,,"FIRST REPUBLICBANK-FT. WORTH, N.A.",FT. WORTH,,False,,,,2026-07-10
3201,,"MBANK FORT WORTH, NATIONAL ASSOC",FORT WORTH,,False,,,,2026-07-10
3202,,"TEXAS AMERICAN BANK/FORT WORTH,",FORT WORTH,,False,,,,2026-07-10
3205,,TEXAS AMERICAN BANK/FREDERICKSBURG,FREDERICKSBURG,,False,,,,2026-07-10
3209,,"FIRST REPUBLICBANK-GALVESTON, N.A.",GALVESTON,,False,,,,2026-07-10
3210,253356,The Moody National Bank,Galveston,TX,True,1507059,8899,1907-01-01,2026-07-10
3216,,THE FIRST NATIONAL BANK OF GEORGETOWN,GEORGETOWN,,False,,,,2026-07-10
3223,,THE FIRST NATIONAL BANK OF GORDON,GORDON,,False,,,,2026-07-10
3224,,THE FIRST NATIONAL BANK OF GORMAN,GORMAN,,False,,,,2026-07-10
3227,,"FIRST CITY, TEXAS - GRAHAM, NA",GRAHAM,,False,,,,2026-07-10
3234,,"FIRST REPUBLICBANK-GREENVILLE, N.A.",GREENVILLE,,False,,,,2026-07-10
3246,,"FIRST REPUBLICBANK-HARLINGEN, N.A.",HARLINGEN,,False,,,,2026-07-10
3249,,"FIRST REPUBLICBANK-HENDERSON, N.A.",HENDERSON,,False,,,,2026-07-10
3250,56351,"VeraBank, National Association",Henderson,TX,True,4530899,13443,1930-03-28,2026-07-10
3256,703552,"Horizon Bank, SSB",Austin,TX,True,2435028,0,1905-01-01,2026-07-10
3258,,PATRIOT BANK,HOUSTON,TX,,1434940,,,2026-07-10
3262,,"FIRST REPUBLICBANK-HOUSTON, N.A.",HOUSTON,,False,,,,2026-07-10
3276,548351,"Austin Bank, Texas National Association",Jacksonville,TX,True,3267608,5581,1900-10-01,2026-07-10
3283,,THE KERENS BANK,KERENS,,False,,,,2026-07-10
3285,613950,First National Bank Texas,Killeen,TX,True,4679568,5750,1901-02-27,2026-07-10
3287,,THE LA COSTE NATIONAL BANK,LA COSTE,,False,,,,2026-07-10
3294,,THE PEOPLES NATIONAL BANK OF LAMPASAS,LAMPASAS,,False,,,,2026-07-10
3295,,"UNITED BANK, N.A.",LANCASTER,,False,,,,2026-07-10
3299,,THE FIRST NATIONAL BANK OF LEVELLAND,LEVELLAND,,False,,,,2026-07-10
3304,,AIMBANK,LITTLEFIELD,TX,,1851830,,,2026-07-10
3309,,"MBANK LONGVIEW, NATIONAL ASSOC",LONGVIEW,,False,,,,2026-07-10
3315,,"FIRST REPUBLICBANK-LUBBOCK, N.A.",LUBBUCK,,False,,,,2026-07-10
3316,,"FIRST CITY, TEXAS - LUFKIN, NA",LUFKIN,,False,,,,2026-07-10
3318,,"FIRST CITY, TEXAS - MADISONVILLE",MADISONVILLE,,False,,,,2026-07-10
3323,,"MBANK MARSHALL, NATIONAL ASSOC",MARSHALL,,False,,,,2026-07-10
3325,369659,First National Bank of Central Texas,Waco,TX,True,1697242,5850,1901-08-12,2026-07-10
3330,895055,The First National Bank of McGregor,Mc Gregor,TX,True,1047468,4076,1889-01-01,2026-07-10
3331,,"TEXAS AMERICAN BANK/MCKINNEY, NA",MCKINNEY,,False,,,,2026-07-10
3334,,RANCHLANDER NATIONAL BANK,MELVIN,,False,,,,2026-07-10
3337,497954,Texas National Bank,Mercedes,TX,True,1172965,11879,1920-11-26,2026-07-10
3343,,THE FIRST NAT BK OF MIDLAND,MIDLAND,,False,,,,2026-07-10
3344,,"FIRST CITY, TEXAS - MIDLAND, NA",MIDLAND,,False,,,,2026-07-10
3346,,FIRST STATE BANK,MILFORD,,False,,,,2026-07-10
3349,,FIRST REPUBLICBANK-MINERAL WELLS,MINERAL WELLS,,False,,,,2026-07-10
3352,,THE MORAN NATIONAL BANK,MORAN,,False,,,,2026-07-10
3354,,FIRST REPUBLICBANK-MT. PLEASANT,MT. PLEASANT,,False,,,,2026-07-10
3359,,THE FIRST NATIONAL BANK OF NAVASOTA,NAVASOTA,,False,,,,2026-07-10
3361,,CENTURY BANK NATIONAL ASSN,TEXARKANA,TX,,1436344,,,2026-07-10
3363,,COMMUNITYBANK OF TEXAS N A,BEAUMONT,TX,,4272248,,,2026-07-10
3366,,FIRST NATIONAL BANK OF NOCONA,NOCONA,,False,,,,2026-07-10
3369,,"FIRST REPUBLICBANK-ODESSA, N.A.",ODESSA,,False,,,,2026-07-10
3372,,THE FIRST NATIONAL BANK OF OLNEY,OLNEY,,False,,,,2026-07-10
3374,,"FIRST CITY, TEXAS - ORANGE, NA",ORANGE,,False,,,,2026-07-10
3382,,FIRST NB OF THE PANHANDLE,PANHANDLE,,False,,,,2026-07-10
3387,840363,FirstBank Southwest,Amarillo,TX,True,1862376,0,1907-01-01,2026-07-10
3389,844567,Pointbank,Pilot Point,TX,True,1139913,0,1892-07-13,2026-07-10
3391,,"FIRST REPUBLICBANK-PLANO, N.A.",PLANO,,False,,,,2026-07-10
3393,,"MBANK JEFFERSON COUNTY, NA",PORT ARTHUR,,False,,,,2026-07-10
3397,,THE FIRST NATIONAL BANK OF POTH,POTH,,False,,,,2026-07-10
3402,,BTH BANK NATIONAL ASSN,QUITMAN,TX,,1821396,,,2026-07-10
3405,26765,Vantage Bank Texas,San Antonio,TX,True,4934452,0,1923-11-06,2026-07-10
3406,,THE FIRST NATIONAL BANK IN RHOME,RHOME,,False,,,,2026-07-10
3408,,"FIRST REPUBLICBANK-RICHMOND, N.A",RICHMOND,,False,,,,2026-07-10
3409,,"FIRST CITY, TEXAS - RICHMOND",RICHMOND,,False,,,,2026-07-10
3410,,"NBC BANK- SOUTH TEXAS, NATIONAL",CORPUS CHRISTI,,False,,,,2026-07-10
3430,697763,Westamerica Bank,San Rafael,CA,True,5827278,0,1884-02-24,2026-07-10
3432,,CAPITAL BANK,DOWNEY,,False,,,,2026-07-10
3440,783161,First Northern Bank of Dixon,Dixon,CA,True,1924057,0,1910-01-02,2026-07-10
3480,,FIRST TRUST BANK,ONTARIO,,False,,,,2026-07-10
3506,,UNITED STATES NATIONAL BANK,SAN DIEGO,,False,,,,2026-07-10
3510,480228,"Bank of America, National Association",Charlotte,NC,True,2672192000,13044,1904-10-17,2026-07-10
3511,451965,"Wells Fargo Bank, National Association",Sioux Falls,SD,True,1852239000,1,1870-01-01,2026-07-10
3514,,BANK OF THE WEST,SAN FRANCISCO,CA,,91580361,,,2026-07-10
3547,,FIRST NATIONAL BANK,WILLOWS,,False,,,,2026-07-10
3575,,"SOUTHEAST BANK, NATIONAL ASSOCIATION",MIAMI,,False,,,,2026-07-10
3603,936136,Old Second National Bank,Aurora,IL,True,6846609,4596,1887-11-21,2026-07-10
3622,,CONTINENTAL ILLINOIS NAT BK & TR,CHICAGO,,False,,,,2026-07-10
3623,,THE DROVERS' NATIONAL BANK OF CHICAGO,CHICAGO,,False,,,,2026-07-10
3628,,MB FINANCIAL BANK NA,CHICAGO,IL,,19603964,,,2026-07-10
3643,,THE FIRST NAT BK OF DANVERS,DANVERS,,False,,,,2026-07-10
3644,,THE FIRST NATIONAL BANK OF DANVILLE,DANVILLE,,False,,,,2026-07-10
3657,850036,First American Bank,Elk Grove Village,IL,True,8221637,0,1901-03-26,2026-07-10
3664,925037,"INB, National Association",Springfield,IL,True,2542843,11443,1905-01-01,2026-07-10
3695,,THE LEWISTOWN BANK,LEWISTOWN,,False,,,,2026-07-10
3705,762447,"First Mid Bank & Trust, National Association",Mattoon,IL,True,8200993,10045,1865-02-08,2026-07-10
3709,,FIRST MIDWEST BANK,CHICAGO,IL,,21629046,,,2026-07-10
3719,856243,"American Commercial Bank & Trust, National Association",Ottawa,IL,True,2035262,1154,1865-06-01,2026-07-10
3731,,CITIZENS FIRST NATIONAL BANK,PRINCETON,IL,False,1020988,,,2026-07-10
3733,,"EAGLE BANK OF CHAMPAIGN COUNTY, NATIONAL A",RANTOUL,,False,,,,2026-07-10
3735,,AMCORE BANK NATIONAL ASSN,ROCKFORD,IL,False,3066240,,,2026-07-10
3744,,CENTRUE BANK,STREATOR,IL,,1020787,,,2026-07-10
3751,,THE FIRST NATIONAL BANK AND TRUST COMPANY,TUSCOLA,,False,,,,2026-07-10
3774,,SECURITY BK & TR COMPANY,CAIRO,,False,,,,2026-07-10
3775,,CNB BANK&TRUST N A,CARLINVILLE,IL,,1794976,,,2026-07-10
3782,,THE COFFEEN NATIONAL BANK,COFFEEN,,False,,,,2026-07-10
3787,771140,Dieterich Bank,Effingham,IL,True,1550080,0,1909-01-01,2026-07-10
3809,375043,"Peoples National Bank , N.A.",Mount Vernon,IL,True,2005305,9408,1909-03-01,2026-07-10
3815,,NATIONAL STATE BANK OF METROPOLIS,METROPOLIS,,False,,,,2026-07-10
3832,208244,Old National Bank,Evansville,IN,True,72614322,8846,1907-08-27,2026-07-10
3857,,BEAR STATE BANK,LITTLE ROCK,AR,,2119679,,,2026-07-10
3864,397540,The First National Bank of Fort Smith,Fort Smith,AR,True,2297413,1950,1872-02-29,2026-07-10
3869,261940,Anstaff Bank,Green Forest,AR,True,1177237,0,1931-05-04,2026-07-10
3878,,LIBERTY BANK OF ARKANSAS,JONESBORO,AR,,2852849,,,2026-07-10
3887,42448,First National Bank,Paragould,AR,True,2554094,10004,1889-03-22,2026-07-10
3890,663245,Simmons Bank,Pine Bluff,AR,True,24649062,0,1903-03-23,2026-07-10
3895,,JACKSON COUNTY NATIONAL BANK,TUCKERMAN,,False,,,,2026-07-10
3931,933256,"Alerus Financial, National Association",Grand Forks,ND,True,5277526,13790,1933-09-30,2026-07-10
3973,77851,First Bank & Trust,Brookings,SD,True,4868698,0,1925-11-02,2026-07-10
4009,540551,"BankWest, Inc.",Pierre,SD,True,1919735,0,1889-08-30,2026-07-10
4016,326858,The First National Bank in Sioux Falls,Sioux Falls,SD,True,2105071,3393,1885-09-08,2026-07-10
4028,441256,First Dakota National Bank,Yankton,SD,True,3296280,2068,1872-12-07,2026-07-10
4040,,UNION BANK & TRUST,BARTLESVILLE,,False,,,,2026-07-10
4042,,LEGACY BANK,HINTON,OK,,1134055,,,2026-07-10
4047,,FIRST NATIONAL BANK OF BRAMAN,BRAMAN,,False,,,,2026-07-10
4048,,SPIRITBANK,TULSA,OK,,1066813,,,2026-07-10
4055,,THE FIRST NATIONAL BANK OF CARTER,CARTER,,False,,,,2026-07-10
4062,154154,"The First National Bank and Trust Co., Chickasha, Oklahoma",Chickasha,OK,True,1068072,5547,1892-08-21,2026-07-10
4063,595270,MidFirst Bank,Oklahoma City,OK,True,42109827,714191,1911-02-28,2026-07-10
4068,,FIRST NATIONAL BANK IN CORDELL,CORDELL,,False,,,,2026-07-10
4069,,CORDELL NATIONAL BANK,CORDELL,,False,,,,2026-07-10
4070,,THE FARMERS NATIONAL BANK OF CORDELL,CORDELL,,False,,,,2026-07-10
4073,,EIGHTY NINER BANK OF COYLE,COYLE,,False,,,,2026-07-10
4074,,THE FIRST NAT BANK & TRUST CO. OF CUSHING,CUSHING,,False,,,,2026-07-10
4077,,THE FIRST NATIONAL BANK OF DAVIS,DAVIS,,False,,,,2026-07-10
4080,,FIRST BANK & TRUST CO.,DUNCAN,,False,,,,2026-07-10
4088,,THE FIRST NAT BANK & TRUST CO. OF EL RENO,EL RENO,,False,,,,2026-07-10
4090,,THE FIRST NATIONAL BANK & TR CO.,ENID,,False,,,,2026-07-10
4091,278555,"Stride Bank, National Association",Enid,OK,True,5644142,12044,1913-01-01,2026-07-10
4093,,FARMERS NATIONAL BANK OF ERICK,ERICK,,False,,,,2026-07-10
4103,,THE FIRST NATIONAL BANK OF GRACEMONT,GRACEMONT,,False,,,,2026-07-10
4104,,BANK OF GRANITE,GRANITE,,False,,,,2026-07-10
4108,,THE FIRST NATIONAL BANK OF HAMMON,HAMMON,,False,,,,2026-07-10
4115,,THE FARMERS AND MERCHANTS NATIONAL BANK OF,HENNESSY,,False,,,,2026-07-10
4134,,FIRST NB OF LINDSAY,LINDSAY,,False,,,,2026-07-10
4136,,THE FIRST NATIONAL BANK OF LUTHER,LUTHER,,False,,,,2026-07-10
4141,,THE FIRST NATIONAL BANK IN MARLOW,MARLOW,,False,,,,2026-07-10
4147,18854,Bank 7,Oklahoma City,OK,True,1944068,0,1901-05-06,2026-07-10
4157,,THE FIRST NATIONAL BK & TR CO. OF NORMAN,NORMAN,,False,,,,2026-07-10
4159,,THE SECURITY NAT BK & TR CO. OF NORMAN,NORMAN,,False,,,,2026-07-10
4160,309655,Regent Bank,Tulsa,OK,True,2072897,0,1898-01-01,2026-07-10
4164,,THE FIRST NAT BK & TR CO. OF OKLAHOMA,OKLAHOMA CITY,,False,,,,2026-07-10
4165,,"FIRST CITY BANK, N.A.",OKLAHOMA CITY,,False,,,,2026-07-10
4166,,"BANK OF OKLAHOMA, OKLA. CITY, N.A.",OKLAHOMA CITY,,False,,,,2026-07-10
4168,,OKLAHOMA NATIONAL BK & TR CO.,OKLAHOMA CITY,,False,,,,2026-07-10
4178,,THE PAWNEE NATIONAL BANK,PAWNEE,,False,,,,2026-07-10
4189,,THE FIRST NATIONAL BANK OF RUSH SPRINGS,RUSH SPRINGS,,False,,,,2026-07-10
4190,311050,American Heritage Bank,Sapulpa,OK,True,1494982,0,1905-06-15,2026-07-10
4192,,CITY NATIONAL BANK OF SAYRE,SAYRE,,False,,,,2026-07-10
4201,,BANK SNB,STILLWATER,OK,,2889097,,,2026-07-10
4207,,THE FIRST NATIONLAL BANK IN TERRAL,TERRAL,,False,,,,2026-07-10
4210,,THE FIRST NATIONAL BANK OF TIPTON,TIPTON,,False,,,,2026-07-10
4214,339858,"BOKF, National Association",Tulsa,OK,True,53492601,13679,1910-02-10,2026-07-10
4215,,BANK OF COMMERCE & TRUST COMPANY,TULSA,,False,,,,2026-07-10
4233,,FIRST BANK AND TRUST COMPANY,YALE,,False,,,,2026-07-10
4234,,THE FIRST NATIONAL BANK OF YUKON,YUKON,,False,,,,2026-07-10
4237,,THE FIRST NATIONAL BANK OF COLBERT,COLBERT,,False,,,,2026-07-10
4239,509950,First United Bank and Trust Company,Durant,OK,True,16403712,0,1900-01-01,2026-07-10
4243,,THE MADILL BANK & TRUST COMPANY,MADILL,,False,,,,2026-07-10
4255,593007,The Camden National Bank,Camden,ME,True,6951638,2311,1875-01-01,2026-07-10
4256,439404,First National Bank,Damariscotta,ME,True,3165021,446,1864-04-19,2026-07-10
4264,,OCEAN BANK,PORTSMOUTH,NH,,2208891,,,2026-07-10
4275,,MAINE NATIONAL BANK,PORTLAND,,False,,,,2026-07-10
4295,,THE PEOPLES BANK AND TRUST OF IBERIA PARIS,NEW IBERIA,,False,,,,2026-07-10
4297,112837,"Capital One, National Association",Mclean,VA,True,672010000,13688,1933-05-22,2026-07-10
4360,130541,Horizon Bank,Michigan City,IN,True,6540325,0,1873-04-21,2026-07-10
4365,17147,First Merchants Bank,Muncie,IN,True,21048883,0,1893-03-13,2026-07-10
4372,,THE FARMERS NATIONAL BANK OF REMINGTON,REMINGTON,,False,,,,2026-07-10
4378,,THE RUSHVILLE NATIONAL BANK,RUSHVILLE,,False,,,,2026-07-10
4380,,THE SHELBY NAT BK OF SHELBYVILLE,SHELBYVILLE,,False,,,,2026-07-10
4382,693345,"First Financial Bank, National Association",Terre Haute,IN,True,6121994,47,1863-08-03,2026-07-10
4392,,INTEGRA BANK NATIONAL ASSN,EVANSVILLE,IN,False,1994430,,,2026-07-10
4422,,THE PEOPLES NATIONAL BANK & TRUST,ALBIA,,False,,,,2026-07-10
4424,,THE FARMERS NAT BK OF AURELIA,AURELIA,,False,,,,2026-07-10
4426,,THE BEDFORD NATIONAL BANK,BEDFORD,,False,,,,2026-07-10
4433,186744,First Citizens Bank,Mason City,IA,True,1822778,0,1892-01-09,2026-07-10
4452,,THE NATIONAL BANK,DYERSVILLE,,False,,,,2026-07-10
4467,,THE FIRST NATIONAL BK IN HUMBOLD,HUMBOLDT,,False,,,,2026-07-10
4492,,THE FIRST NATIONAL BANK OF PRAIRIE CITY,PRAIRIE CITY,,False,,,,2026-07-10
4506,418249,"The Security National Bank of Sioux City, Iowa",Sioux City,IA,True,1736177,3124,1884-01-01,2026-07-10
4523,,FIRST NATIONAL BANK OF WOODBINE,WOODBINE,,False,,,,2026-07-10
4533,,CITIZENS BANK&TRUST CO,KANSAS CITY,MO,,1024592,,,2026-07-10
4534,,CENTRAL BANK OF ST LOUIS,CLAYTON,MO,,2446697,,,2026-07-10
4536,,CENTRAL BANK OF BOONE COUNTY,COLUMBIA,MO,,2801357,,,2026-07-10
4537,,LANDMARK BANK,COLUMBIA,MO,,3556045,,,2026-07-10
4602,,THE FIRST NATIONAL BANK OF ST. JOSEPH,ST. JOSEPH,,False,,,,2026-07-10
4614,,FIRST NATIONAL BANK OF ANTHONY,ANTHONY,,False,,,,2026-07-10
4623,,BARNARD STATE BANK,BARNARD,,False,,,,2026-07-10
4637,,THE FIRST NATIONAL BANK OF CHANUTE,CHANUTE,,False,,,,2026-07-10
4657,,THE FIRST STATE BANK,EDNA,,False,,,,2026-07-10
4666,983457,"Armed Forces Bank, National Association",Fort Leavenworth,KS,True,1439702,8796,1907-01-01,2026-07-10
4671,,THE FIRST NAT BK OF GAYLORD,GAYLORD,,False,,,,2026-07-10
4673,928056,"GNBank, National Association",Girard,KS,True,1068527,13347,1929-07-01,2026-07-10
4685,,THE FIRST NATIONAL BANK OF HERINGTON,HERINGTON,,False,,,,2026-07-10
4697,754853,The First National Bank of Hutchinson,Hutchinson,KS,True,1225665,3180,1876-05-02,2026-07-10
4702,234355,Central National Bank,Junction City,KS,True,1376153,4284,1884-01-01,2026-07-10
4705,1009354,Security Bank of Kansas City,Kansas City,KS,True,3821766,0,1933-10-13,2026-07-10
4731,,SOLUTIONSBANK,OVERLAND PARK,,False,,,,2026-07-10
4740,,DECATAUR COUNTY NATIONAL BANK OF OBERLIN,OBERLIN,,False,,,,2026-07-10
4742,,BANK OF NORTONVILLE,NORTONVILLE,,False,,,,2026-07-10
4744,,FIRST NATIONAL BANK OF OLA,OLATHE,KS,False,1065956,,,2026-07-10
4745,,THE FIRST NATIONAL BANK OF ONAGA,ONAGA,,False,,,,2026-07-10
4749,,FIRST NATIONAL BANK AT OSWEGO,OSWEGO,,False,,,,2026-07-10
4754,,"TEAMBANK, N.A.",PAOLA,,False,,,,2026-07-10
4767,474759,"Sunflower Bank, National Association",Dallas,TX,True,8553297,4742,1892-05-24,2026-07-10
4780,,THE FIRST STATE BANK,THAYER,,False,,,,2026-07-10
4789,65858,Emprise Bank,Wichita,KS,True,2773623,0,1910-05-21,2026-07-10
4798,,THE FIRST NATIONAL BANK OF WHITE CITY,WHITE CITY,,False,,,,2026-07-10
4799,557858,"Intrust Bank, National Association",Wichita,KS,True,6783388,2782,1876-11-01,2026-07-10
4832,933023,"Shore United Bank, National Association",Easton,MD,True,6203118,25270,1876-06-01,2026-07-10
4857,61122,First United Bank & Trust,Oakland,MD,True,2012851,0,1900-01-01,2026-07-10
4862,,NBRS FINANCIAL BANK,RISING SUN,,False,,,,2026-07-10
4865,,SANDY SPRING BANK,OLNEY,MD,,13765535,,,2026-07-10
4879,,COMMUNITYONE BANK NA,ASHEBORO,NC,,2344451,,,2026-07-10
4886,,FIRST CHARTER BANK,CHARLOTTE,NC,,4787611,,,2026-07-10
4910,,FIRST NB OF SHELBY,SHELBY,NC,,1059902,,,2026-07-10
4921,,THE HAMILTON NATIONAL BANK OF CHATTANOOGA,CHATTANOOGA,,False,,,,2026-07-10
4925,,CITY & COUNTY BK OF ANDERSON CTY,LAKE CITY,,False,,,,2026-07-10
4931,,MOUNTAIN COMMERCE BANK,KNOXVILLE,TN,,1781141,,,2026-07-10
4939,,CITY & COUNTY BK OF CAMPBELL CTY,JELLICO,,False,,,,2026-07-10
4943,,UNITED AMERICAN BK IN KNOXVILLE,KNOXVILLE,,False,,,,2026-07-10
4963,,THE FIRST CENTRAL BANK,SMITHVILLE,,False,,,,2026-07-10
4968,,FIRST BANK & TRUST,TRACY CITY,,False,,,,2026-07-10
4971,,FARMERS BK & TR CO.,WINCHESTER,,False,,,,2026-07-10
4972,,FIRST CITIZENS NATIONAL BANK,DYERSBURG,TN,,2651069,,,2026-07-10
4976,,FIRST NATIONAL BANK OF JACKSON,JACKSON,,False,,,,2026-07-10
4977,485559,First Horizon Bank,Memphis,TN,True,83823830,0,1864-01-01,2026-07-10
4988,342634,Trustmark Bank,Jackson,MS,True,18984962,0,1889-12-19,2026-07-10
4993,69333,The Citizens National Bank of Meridian,Meridian,MS,True,1879784,7266,1888-01-01,2026-07-10
4999,,CADENCE BANK N A,ATLANTA,GA,,19735912,,,2026-07-10
5019,822042,Southern Michigan Bank & Trust,Coldwater,MI,True,1704832,0,1872-01-16,2026-07-10
5033,47247,The Dart Bank,Mason,MI,True,1368016,0,1925-05-01,2026-07-10
5058,245557,Superior National Bank,Hancock,MI,True,1052628,9087,1890-03-06,2026-07-10
5093,363657,The First National Bank of Bemidji,Bemidji,MN,True,1030296,5582,1897-11-27,2026-07-10
5096,,THE FIRST NATIONAL BANK OF BLOOMING PRAIRI,BLOOMING PRAIRIE,,False,,,,2026-07-10
5123,314257,Deerwood Bank,Waite Park,MN,True,1557977,0,1910-03-21,2026-07-10
5135,,THE FIRST NATIONAL BANK OF ELBOW LAKE,ELBOW LAKE,,False,,,,2026-07-10
5146,2362458,"Wells Fargo Bank South Central, National Association",Houston,TX,True,2700336,11668,1894-06-18,2026-07-10
5170,45551,Bank Midwest,Spirit Lake,IA,True,1317428,0,1887-01-01,2026-07-10
5177,,FIRST TRUST BANK OF LAKEFIELD,LAKEFIELD,,False,,,,2026-07-10
5239,,THE FIRST NAT BK OF RUSHFORD,RUSHFORD,,False,,,,2026-07-10
5258,,FIRST NATIONAL BANK OF STEWARTVILLE,STEWARTVILLE,,False,,,,2026-07-10
5275,,FIRST NATIONAL BANK OF WILMONT,WILMONT,,False,,,,2026-07-10
5285,,FIRST NATIONAL BANK&TRUST CO,BELOIT,WI,,1591626,,,2026-07-10
5287,,FIRST BANKING CENTER,BURLINGTON,WI,False,1004975,,,2026-07-10
5296,917742,"Associated Bank, National Association",Green Bay,WI,True,45537550,23695,1874-01-01,2026-07-10
5304,594947,"Bank First, N.A.",Manitowoc,WI,True,6064567,4975,1894-01-01,2026-07-10
5328,,EVERGREEN STATE BANK,STOUGHTON,,False,,,,2026-07-10
5409,,THE GERING NATIONAL BANK & TRUST,GERING,,False,,,,2026-07-10
5415,276850,Security First Bank,Lincoln,NE,True,2139871,0,1924-07-01,2026-07-10
5431,,SHERMAN COUNTY BANK,LOUP CITY,,False,,,,2026-07-10
5437,,BANK OF GERING,GERING,,False,,,,2026-07-10
5450,,FIRST STATE BANK,OAKDALE,,False,,,,2026-07-10
5452,527954,First National Bank of Omaha,Omaha,NE,True,34725218,209,1857-01-01,2026-07-10
5482,,THE FIRST NATIONAL BANK OF TEKAMAH,TEKAMAH,,False,,,,2026-07-10
5496,403151,Cornerstone Bank,York,NE,True,2646823,0,1882-04-22,2026-07-10
5498,,FIRST CONSOLIDATED BANK - ROSEBUD,ROSEBUD,,False,,,,2026-07-10
5499,,THE PLANTERS NB OF ROSEBUD,ROSEBUD,,False,,,,2026-07-10
5506,,"FIRST CITY, TEXAS - SAN ANGELO,",SAN ANGELO,,False,,,,2026-07-10
5507,,THE CENTRAL NATIONAL BANK OF SAN ANGELO,SAN ANGELO,,False,,,,2026-07-10
5509,,"MBANK ALAMO, NATIONAL ASSOCIATION",SAN ANTONIO,,False,,,,2026-07-10
5510,682563,Frost  Bank,San Antonio,TX,True,52769892,0,1899-02-20,2026-07-10
5512,,"NBC BANK-SAN ANTONIO, NATIONAL ASSOC",SAN ANTONIO,,False,,,,2026-07-10
5513,,NATIONAL BANK OF FT. SAM HOUSTON,FT. SAM HOUSTON,,False,,,,2026-07-10
5516,,FIRST NATIONAL BANK OF SANGER,SANGER,,False,,,,2026-07-10
5517,,THE FIRST NATIONAL BANK OF SAN MARCOS,SAN MARCOS,,False,,,,2026-07-10
5519,,THE SAN SABA NATIONAL BANK,SAN SABA,,False,,,,2026-07-10
5520,,SANTA ANNA NATIONAL BANK,SANTA ANNA,,False,,,,2026-07-10
5524,,"NBC BANK-SEGUIN, NATIONAL ASSOC",SEGUIN,,False,,,,2026-07-10
5528,,"MBANK SHERMAN, NATIONAL ASSOC",SHERMAN,,False,,,,2026-07-10
5529,,FIRST NB OF SHINER,SHINER,TX,,1018159,,,2026-07-10
5537,,FIRST REPUBLICBANK-STEPHENVILLE,STEPHENVILLE,,False,,,,2026-07-10
5540,,STRAWN SECURITY BANK,STRAWN,,False,,,,2026-07-10
5544,596062,The City National Bank of Sulphur Springs,Sulphur Springs,TX,True,1373215,3989,1889-01-01,2026-07-10
5547,,FIRST-TAYLOR NATIONAL BANK,TAYLOR,,False,,,,2026-07-10
5550,,FIRST NATIONAL BANK OF TEAGUE,TEAGUE,,False,,,,2026-07-10
5551,537560,"Extraco Banks, National Association",Temple,TX,True,2495690,13778,1933-09-20,2026-07-10
5560,,TROUP BANK & TRUST COMPANY,TROUP,,False,,,,2026-07-10
5562,,"FIRST CITY, TEXAS - TYLER, NA",TYLER,,False,,,,2026-07-10
5563,,"FIRST REPUBLICBANK-TYLER, N.A.",TYLER,,False,,,,2026-07-10
5566,,THE VALLEY VIEW NATIONAL BANK,VALLEY VIEW,,False,,,,2026-07-10
5570,,FIRST VICTORIA NATIONAL BANK,VICTORIA,TX,,2471099,,,2026-07-10
5572,,"FIRST REPUBLICBANK-WACO, N.A.",WACO,,False,,,,2026-07-10
5574,552161,Citizens National Bank of Texas,Waxahachie,TX,True,2109952,13516,1868-07-01,2026-07-10
5575,,FIRST NB&T CO OF WEATHERFORD,WEATHERFORD,TX,,1008984,,,2026-07-10
5579,,THE FIRST NATIONAL BANK OF WESLACO,WESLACO,,False,,,,2026-07-10
5585,,"MBANK WICHITA FALLS, NATIONAL ASSOC",WICHITA FALLS,,False,,,,2026-07-10
5586,,FIRST REPUBLICBANK-WICHITA FALLS,WICHITA FALLS,,False,,,,2026-07-10
5592,,THE WOLFE CITY NATIONAL BANK,WOLFE CITY,,False,,,,2026-07-10
5594,,THE FIRST NATIONAL BANK OF WORTH,WORTHAM,,False,,,,2026-07-10
5596,,THE FIRST NATIONAL BANK OF YORKTOWN,YORKTOWN,,False,,,,2026-07-10
5598,134437,Troy Bank & Trust Company,Troy,AL,True,1560774,0,1906-01-01,2026-07-10
5615,517049,Chambers Bank,Danville,AR,True,1570169,0,1930-10-07,2026-07-10
5631,,THE CORNING BANK,CORNING,,False,,,,2026-07-10
5633,673440,First Security Bank,Searcy,AR,True,8404781,0,1932-02-06,2026-07-10
5649,,DISCOVER BANK,GREENWOOD,DE,,145412640,,,2026-07-10
5672,,FLORIDA COMMUNITY BANK,IMMOKALEE,,False,,,,2026-07-10
5673,701839,Citizens Bank and Trust,Frostproof,FL,True,1476326,0,1920-05-13,2026-07-10
5676,760331,Brannen Bank,Inverness,FL,True,1021832,0,1926-07-01,2026-07-10
5687,,CENTRAL BANK OF GEORGIA,ELLAVILLE,,False,,,,2026-07-10
5694,1011638,PrimeSouth Bank,Blackshear,GA,True,1538347,0,1891-01-01,2026-07-10
5702,,COMMUNITY BANK&TRUST,CORNELIA,GA,False,1181717,,,2026-07-10
5732,,DUPAGE NATIONAL BANK,WEST CHICAGO,,False,,,,2026-07-10
5744,595430,"State Bank of the Lakes, National Association",Antioch,IL,True,2689580,25200,1926-01-01,2026-07-10
5749,556936,Foresight Bank,Winnebago,IL,True,1757504,0,1907-01-06,2026-07-10
5757,,CITIZENS NATIONAL BANK,MACOMB,,False,,,,2026-07-10
5766,,MAINSOURCE BANK,GREENSBURG,IN,,4559515,,,2026-07-10
5798,,MINGO TRUST & SAVINGS BANK,MINGO,,False,,,,2026-07-10
5813,,STORY COUNTY STATE BANK,STORY CITY,,False,,,,2026-07-10
5826,481177,Landmark National Bank,Manhattan,KS,True,1600806,23038,1919-05-02,2026-07-10
5832,,THE BANK OF LOUISBURG,LOUISBURG,,False,,,,2026-07-10
5840,,CITIZENS UNION BK SHELBYVILL,SHELBYVILLE,KY,,1105283,,,2026-07-10
5854,473042,"South Central Bank,  Inc.",Glasgow,KY,True,2166977,0,1908-01-01,2026-07-10
5874,,CALVIN B TAYLOR BK BERLIN MD,BERLIN,MD,,1012711,,,2026-07-10
5903,121642,BankPlus,Belzoni,MS,True,8279783,0,1909-01-01,2026-07-10
5950,,BANK OF GRANITE,GRANITE FALLS,NC,,1035907,,,2026-07-10
5956,220527,Peoples Bank,Newton,NC,True,1733567,0,1912-01-01,2026-07-10
5962,110413,Sutton Bank,Attica,OH,True,1683330,0,1878-01-01,2026-07-10
5969,214414,The Farmers & Merchants State Bank,Archbold,OH,True,3479335,0,1897-04-01,2026-07-10
5993,,FARMERS & MERCHANTS BANK,EUFAULA,,False,,,,2026-07-10
5998,,THE FIRST STATE BANK IN TALIHINA,TALIHINA,,False,,,,2026-07-10
6004,,THE SECURITY STATE BANK,DAVENPORT,,False,,,,2026-07-10
6012,,THE FIRST STATE BANK,FORGAN,,False,,,,2026-07-10
6063,61355,CorTrust Bank National Association,Mitchell,SD,True,1581898,23771,1930-10-31,2026-07-10
6066,,COMMUNITY BANK,HARTFORD,,False,,,,2026-07-10
6085,374653,First PREMIER Bank,Sioux Falls,SD,True,3550585,0,1914-01-01,2026-07-10
6086,,THE AMERICAN STATE BANK,YANKTON,,False,,,,2026-07-10
6096,,THE BANK OF LORETTO,LORETTO,,False,,,,2026-07-10
6106,,AVENUE BANK,NASHVILLE,TN,,1224181,,,2026-07-10
6123,753324,Bank Of Clarke,Berryville,VA,True,1838119,0,1881-04-01,2026-07-10
6158,455972,Peoples Bank,Bellingham,WA,True,2513864,0,1921-01-07,2026-07-10
6161,,KITSAP BANK,PORT ORCHARD,WA,,1653440,,,2026-07-10
6203,,"AMERICAN CITY BANK & TRUST COMPANY, N.A.",MILWAUKEE,,False,,,,2026-07-10
6251,,THE SOMERSWORTH BANK,SOMERSWORTH,,False,,,,2026-07-10
6268,,MERCHANTS BANK,SOUTH BURLINGTON,VT,,2030561,,,2026-07-10
6271,270504,Community National Bank,Derby,VT,True,1234804,1368,1851-01-15,2026-07-10
6290,,FIRST NATIONAL BANK OF VERMONT,BRADFORD,,False,,,,2026-07-10
6384,817824,"PNC Bank, National Association",Wilmington,DE,True,567948516,1316,1804-01-01,2026-07-10
6423,9807,Amboy Bank,Old Bridge,NJ,True,2872182,0,1888-05-12,2026-07-10
6431,,UNION CENTER NATIONAL BANK,UNION,NJ,,1665105,,,2026-07-10
6443,,SUSQUEHANNA BANK DV,BRYN MAWR,PA,,3282420,,,2026-07-10
6499,,THE FIRST NATIONAL BANK OF TOMS RIVER,TOMS RIVER,,False,,,,2026-07-10
6531,738013,The Citizens National Bank of Bluffton,Bluffton,OH,True,1078019,11573,1920-01-13,2026-07-10
6540,680813,The Farmers National Bank of Canfield,Canfield,OH,True,7215780,3654,1887-02-17,2026-07-10
6544,577128,Peoples Bank,Marietta,OH,True,9637896,0,1902-05-26,2026-07-10
6548,504713,U.S. Bank National Association,Cincinnati,OH,True,683379960,24,1863-07-13,2026-07-10
6557,,NATIONAL CITY BANK,CLEVELAND,OH,,131594152,,,2026-07-10
6560,12311,The Huntington National Bank,Columbus,OH,True,284135374,7745,1866-01-06,2026-07-10
6600,165628,First Financial Bank,Cincinnati,OH,True,22686655,0,1863-01-01,2026-07-10
6605,701222,The Merchants National Bank,Hillsboro,OH,True,1338064,2449,1879-12-25,2026-07-10
6623,785923,LCNB National Bank,Lebanon,OH,True,2233698,2360,1877-05-10,2026-07-10
6629,,MALTA NATIONAL BANK,MALTA,,False,,,,2026-07-10
6636,754826,THE VINTON COUNTY NATIONAL BANK,Mcarthur,OH,True,1577252,2036,1867-01-01,2026-07-10
6653,489623,The Park National Bank,Newark,OH,True,12926059,9179,1908-07-08,2026-07-10
6672,723112,"Fifth Third Bank, National Association",Cincinnati,OH,True,296118000,25190,1865-01-01,2026-07-10
6771,,FIRST NB OF KEYSTONE,KEYSTONE,,False,,,,2026-07-10
6782,,"AMERIBANK, INC.",NORTHFORK,,False,,,,2026-07-10
6784,,UNITED BANK,PARKERSBURG,WV,,6313647,,,2026-07-10
6799,,THE FIRST NATIONAL BANK OF SOUTH CHARLESTO,SOUTH CHARLESTON,,False,,,,2026-07-10
6811,979629,First National Bank,Altavista,VA,True,1087944,9295,1908-03-01,2026-07-10
6821,754929,The National Bank of Blacksburg,Blacksburg,VA,True,1826168,12229,1891-01-01,2026-07-10
6830,,FIRST NATIONAL BANK,CHRISTIANSBURG,VA,,1472981,,,2026-07-10
6834,,STELLARONE BANK,CHRISTIANSBURG,VA,,3131552,,,2026-07-10
6837,,AMERICAN NB&T CO,DANVILLE,VA,,3069984,,,2026-07-10
6861,90328,SKYLINE NATIONAL BANK,Independence,VA,True,1309619,10834,1900-10-06,2026-07-10
6862,214722,Chesapeake Bank,Kilmarnock,VA,True,1724117,0,1900-01-01,2026-07-10
6881,,MIDDLEBURG BANK,MIDDLEBURG,VA,,1244109,,,2026-07-10
6892,,OLD POINT NB OF PHOEBUS,HAMPTON,VA,,1395312,,,2026-07-10
6917,899428,First Bank,Strasburg,VA,True,2076629,0,1907-07-01,2026-07-10
6947,,EVANS BANK NATIONAL ASSN,ANGOLA,NY,,2177426,,,2026-07-10
6976,23504,Dime Commercial Bank,Hauppauge,NY,True,14990679,0,1909-02-19,2026-07-10
6985,161602,The Canandaigua National Bank and Trust Company,Canandaigua,NY,True,5456717,3817,1887-12-01,2026-07-10
6989,202907,"Community Bank, National Association",Canton,NY,True,17433997,8531,1866-01-01,2026-07-10
7052,,AMERICAN NATIONAL BANK OF NEW YORK,FLEISCHMANNS,,False,,,,2026-07-10
7060,,FRANKLIN NATIONAL BANK,NEW YORK,,False,,,,2026-07-10
7072,,FIRST NB OF LONG ISLAND,GLEN HEAD,NY,,4075121,,,2026-07-10
7074,866000,Arrow Bank National Association,Glens Falls,NY,True,4500795,7699,1851-01-01,2026-07-10
7135,,JEFFERSON NATIONAL BANK,WATERTOWN,,False,,,,2026-07-10
7151,323204,The Lyons National Bank,Lyons,NY,True,2110424,1027,1865-01-01,2026-07-10
7153,,MAHOPAC BANK,MAHOPAC,NY,,1551206,,,2026-07-10
7213,476810,"Citibank, National Association",Sioux Falls,SD,True,1933622000,1461,1812-06-16,2026-07-10
7220,,STERLING NATIONAL BANK,NEW YORK,NY,,2751335,,,2026-07-10
7230,702117,"NBT Bank, National Association",Norwich,NY,True,16090102,1354,1856-03-03,2026-07-10
7237,,ALLIANCE BANK NATIONAL ASSN,SYRACUSE,NY,,1403943,,,2026-07-10
7278,,SUFFOLK CNTY NB OF RIVERHEAD,RIVERHEAD,NY,,2093900,,,2026-07-10
7404,790918,First Keystone Community Bank,Berwick,PA,True,1521898,0,1864-09-23,2026-07-10
7414,,NATIONAL PENN BANK,ALLENTOWN,PA,,9627027,,,2026-07-10
7461,,CENTRIC BANK,HARRISBURG,PA,,1078774,,,2026-07-10
7464,,DNB FIRST NATIONAL ASSN,DOWNINGTOWN,PA,,1113665,,,2026-07-10
7468,42420,First Commonwealth Bank,Indiana,PA,True,12232517,0,1880-09-21,2026-07-10
7472,,FNCB BANK,DUNMORE,PA,,1812547,,,2026-07-10
7493,425911,The Ephrata National Bank,Ephrata,PA,True,2423035,2515,1881-03-17,2026-07-10
7506,5210,ACNB Bank,Gettysburg,PA,True,3253225,0,1857-04-11,2026-07-10
7514,278818,Peoples Security Bank and Trust Company,Dunmore,PA,True,5415574,0,1905-01-01,2026-07-10
7516,,HARLEYSVILLE NB&T CO,HARLEYSVILLE,PA,,5145939,,,2026-07-10
7526,465618,The Honesdale National Bank,Honesdale,PA,True,1152101,644,1836-12-26,2026-07-10
7533,,OMEGA BANK,HUNTINGDON,PA,,1755173,,,2026-07-10
7542,928618,Ameriserv Financial Bank,Johnstown,PA,True,1468483,0,1933-09-23,2026-07-10
7551,474919,"Fulton Bank, National Association",Lancaster,PA,True,32107617,24891,1882-01-01,2026-07-10
7579,,SUSQUEHANNA BANK,LITITZ,PA,,18522702,,,2026-07-10
7593,978118,First Citizens Community Bank,Mansfield,PA,True,3022065,0,1932-06-11,2026-07-10
7598,,RIVERVIEW BANK,MARYSVILLE,PA,,1241968,,,2026-07-10
7658,1007417,First National Bank and Trust Company of Newtown,Newtown,PA,True,1156591,324,1864-02-25,2026-07-10
7675,,FIRST NORTHERN BANK&TRUST CO,PALMERTON,PA,,1005942,,,2026-07-10
7714,852713,QNB Bank,Quakertown,PA,True,1899721,0,1877-07-21,2026-07-10
7748,,VIST BANK,WYOMISSING,PA,,1945388,,,2026-07-10
7759,354310,Univest  Bank and Trust Co.,Souderton,PA,True,8108083,0,1876-04-01,2026-07-10
7768,,BLC BANK N A,STRASBURG,PA,,3653747,,,2026-07-10
7799,895710,Citizens & Northern Bank,Wellsboro,PA,True,3153919,0,1864-01-01,2026-07-10
7802,,FIRST NB OF CHESTER COUNTY,WEST CHESTER,PA,,1134586,,,2026-07-10
7848,371924,Community Bank,Carmichaels,PA,True,1583033,0,1901-07-01,2026-07-10
7875,,FARMERS NB OF EMLENTON,EMLENTON,PA,,1011490,,,2026-07-10
7888,379920,First National Bank of Pennsylvania,Greenville,PA,True,50421258,249,1864-02-04,2026-07-10
7900,18827,"NEXTIER BANK, NATIONAL ASSOCIATION",Kittanning,PA,True,2853576,5073,1897-01-01,2026-07-10
7946,934329,"BNY Mellon, National Association",Pittsburgh,PA,True,30917000,6301,1869-01-01,2026-07-10
8011,146663,Savings Bank of Mendocino County,Ukiah,CA,True,1293076,0,1903-11-28,2026-07-10
8018,648130,Grove Bank & Trust,Miami,FL,True,1410085,0,1926-07-12,2026-07-10
8021,200435,Crews Bank & Trust,Wauchula,FL,True,2364087,0,1929-04-01,2026-07-10
8040,,LIBERTY BANK & TRUST COMPANY,WARSAW,,False,,,,2026-07-10
8047,,FIRST MERCHANTS BK CNTL NA,ANDERSON,IN,,1085287,,,2026-07-10
8056,963945,Merchants Bank of Indiana,Carmel,IN,True,20263028,0,1923-06-23,2026-07-10
8100,,HAYESVILLE SAVINGS BANK,HAYESVILLE,,False,,,,2026-07-10
8112,,THE STATE EXCHANGE BANK,YATES CENTER,,False,,,,2026-07-10
8136,648242,Independence Bank of Kentucky,Owensboro,KY,True,3794060,0,1909-01-01,2026-07-10
8139,,BANK OF BENTON,BENTON,,False,,,,2026-07-10
8141,125855,Sabine State Bank and Trust Company,Many,LA,True,1357381,0,1902-01-01,2026-07-10
8142,,BOSSIER BANK & TRUST COMPANY,BOSSIER CITY,,False,,,,2026-07-10
8147,,BANK OF DIXIE,LAKE PROVIDENCE,,False,,,,2026-07-10
8149,101037,First American Bank and Trust,Vacherie,LA,True,1387108,0,1910-12-03,2026-07-10
8152,,CAMBRIDGE TRUST CO,CAMBRIDGE,MA,,5325505,,,2026-07-10
8158,,MALDEN TRUST COMPANY,MALDEN,,False,,,,2026-07-10
8221,,STATE BANK OF AURORA,AURORA,,False,,,,2026-07-10
8235,972648,Planters Bank & Trust Company,Indianola,MS,True,2688272,0,1920-04-10,2026-07-10
8249,,FIDELITY BANK,UTICA,,False,,,,2026-07-10
8252,2785646,Omb Bank,Springfield,MO,True,2205885,0,1883-04-13,2026-07-10
8255,613558,Montgomery Bank,Sikeston,MO,True,1221231,0,1934-01-01,2026-07-10
8265,,BANK OF LEETON,LEETON,,False,,,,2026-07-10
8266,,AMERICAN STERLING BANK,SUGAR CREEK,,False,,,,2026-07-10
8273,936855,"UMB Bank, National Association",Kansas City,MO,True,72349509,23920,1902-08-28,2026-07-10
8283,893855,Lead Bank,Kansas City,MO,True,2680831,0,1928-01-12,2026-07-10
8287,,BOLLINGER COUNTY BANK,LUTESVILLE,,False,,,,2026-07-10
8299,,PRINCETON STATE BANK,PRINCETON,,False,,,,2026-07-10
8315,,BANK OF COLUMBIA FALLS,COLUMBIA FALLS,,False,,,,2026-07-10
8316,,DEER LODGE BANK & TRUST COMPANY,DEER LODGE,,False,,,,2026-07-10
8332,,BANK OF SALEM,SALEM,,False,,,,2026-07-10
8342,,FARMERS STATE BANK,KILGORE,,False,,,,2026-07-10
8345,,CITIZENS STATE BANK,ARAPAHOE,,False,,,,2026-07-10
8405,289515,Farmers and Merchants Trust Company of Chambersburg,Chambersburg,PA,True,2298449,0,1906-01-10,2026-07-10
8426,526519,1st Summit Bank,Johnstown,PA,True,1512087,0,1924-01-01,2026-07-10
8429,,FIRST PEOPLES BANK OF WASHINGTON COUNTY,JOHNSON CITY,,False,,,,2026-07-10
8432,99536,One Bank of Tennessee,Cookeville,TN,True,1670707,0,1901-11-01,2026-07-10
8438,,FARMER'S BANK,TRIMBLE,,False,,,,2026-07-10
8439,531250,Centennial Bank,Trezevant,TN,True,1062984,0,1916-01-01,2026-07-10
8441,,CHIRENO STATE BANK,CHIRENO,,False,,,,2026-07-10
8444,,THE LA PRYOR STATE BANK,LA PRYOR,,False,,,,2026-07-10
8446,,"PLAZA BANK, N.A. OF NEW BRAUNFELS",NEW BRAUNFELS,,False,,,,2026-07-10
8468,507068,Exchange Bank,Santa Rosa,CA,True,3266467,0,1890-05-01,2026-07-10
8486,,SECURITY BANK OF JONES COUNTY,GRAY,,False,,,,2026-07-10
8562,,THE CLARKSDALE BANK OF CLARKDALE,CLARKSDALE,,False,,,,2026-07-10
8593,,THE MADISON COUNTY BANK,FREDERICKTOWN,,False,,,,2026-07-10
8596,,FARMERS & MERCHANTS BANK,COMSTOCK,,False,,,,2026-07-10
8605,,SECURITY STATE BANK,OXFORD,,False,,,,2026-07-10
8660,467658,Commercial Bank & Trust Co.,Paris,TN,True,1096299,0,1877-05-15,2026-07-10
8663,436159,FirstBank,Nashville,TN,True,16433171,0,1906-01-01,2026-07-10
8668,713926,Farmers & Merchants Bank,Timberville,VA,True,1407432,0,1908-01-01,2026-07-10
8675,,ESSEX BANK,RICHMOND,VA,,1771169,,,2026-07-10
8698,937740,The Port Washington State Bank,Port Washington,WI,True,1003271,0,1899-09-11,2026-07-10
8720,,STOCKMEN'S BANK & TRUST COMPANY,GILLETTE,,False,,,,2026-07-10
8728,311845,Arvest Bank,Fayetteville,AR,True,28023532,0,1871-01-01,2026-07-10
8758,,CITIZENS BANK,SAC CITY,,False,,,,2026-07-10
8765,,UNION DEPOSIT BANK,UNION,,False,,,,2026-07-10
8774,982142,The Cecilian Bank,Cecilia,KY,True,1573393,0,1903-05-01,2026-07-10
8780,,MT. ZION DEPOSIT BANK,MT. ZION,,False,,,,2026-07-10
8783,,THE PEOPLES BANK,OLIVE HILL,,False,,,,2026-07-10
8803,,TALLULAH STATE BANK & TRUST COMP,TALLULAH,,False,,,,2026-07-10
8805,,THE LASALLE STATE BANK,JENA,,False,,,,2026-07-10
8810,,BANK OF DELMARVA,SEAFORD,DE,,1029633,,,2026-07-10
8837,,WATSON STATE BANK,WATSON,,False,,,,2026-07-10
8846,,BEAVER CREEK STATE BANK,BEAVER CREEK,,False,,,,2026-07-10
8851,286457,Park State Bank,Duluth,MN,True,1471716,0,1916-06-28,2026-07-10
8866,779351,"Merchants Bank, National Association",Winona,MN,True,2930432,14488,1875-01-01,2026-07-10
8868,,ANCHOR BANK NATIONAL ASSN,SAINT PAUL,MN,,2085265,,,2026-07-10
8870,914648,BankFirst Financial Services,Columbus,MS,True,3323022,0,1888-06-01,2026-07-10
8878,,STATE BANK&TRUST CO,GREENWOOD,MS,,1169616,,,2026-07-10
8879,460033,Community Bank of Mississippi,Flowood,MS,True,5123303,0,1905-08-14,2026-07-10
8888,,COUNTRY CLUB BANK,KANSAS CITY,MO,,2234069,,,2026-07-10
8889,,MIDWEST REGIONAL BANK,CLAYTON,MO,,1049767,,,2026-07-10
8892,436953,SULLIVAN BANK,Sullivan,MO,True,1338745,0,1895-04-01,2026-07-10
8904,770657,The Nodaway Valley Bank,Maryville,MO,True,1651548,0,1868-12-12,2026-07-10
8941,812557,Bank Forward,Fargo,ND,True,1177195,0,1927-09-05,2026-07-10
8949,,THE FIRST STATE BANK OF REGENT,REGENT,,False,,,,2026-07-10
8966,,OAKWOOD DEPOSIT BANK,OAKWOOD,,False,,,,2026-07-10
8976,,FIRST STATE BANK,CACHE,,False,,,,2026-07-10
8979,,FIRST STATE BANK,SEMINOLE,,False,,,,2026-07-10
8985,,AMERICAN STATE BANK,THOMAS,,False,,,,2026-07-10
8997,,PALMETTO BANK,GREENVILLE,SC,,1165004,,,2026-07-10
9009,,FARMERS STATE BANK,LYONS,,False,,,,2026-07-10
9015,,CITIZENS STATE BANK,PRINCETON,,False,,,,2026-07-10
9018,,FIRST REPUBLICBANK-LUFKIN,LUFKIN,,False,,,,2026-07-10
9019,,THE STATE BANK OF OMAHA,OMAHA,,False,,,,2026-07-10
9053,,CEDAR BLUFF BANK,CEDAR BLUFF,,False,,,,2026-07-10
9054,,CHEROKEE COUNTY BANK,CENTRE,,False,,,,2026-07-10
9087,991340,1st Source Bank,South Bend,IN,True,9110853,0,1922-01-01,2026-07-10
9100,585749,Pilot Grove Savings Bank,Pilot Grove,IA,True,1183399,0,1911-01-01,2026-07-10
9101,,THE FIRST STATE BANK,ROCKFORD,,False,,,,2026-07-10
9123,233554,Western State Bank,Devils Lake,ND,True,2585304,0,1902-10-01,2026-07-10
9139,189129,"The Commercial and Savings Bank of Millersburg, Ohio",Millersburg,OH,True,1265131,0,1879-01-01,2026-07-10
9150,,CENTENNIAL BANK,PHILADELPHIA,,False,,,,2026-07-10
9172,118156,Security Bank and Trust Company,Paris,TN,True,1601377,0,1905-01-01,2026-07-10
9175,,AMERICAN BANK,SAINT JOSEPH,,False,,,,2026-07-10
9176,51253,Apex Bank,Camden,TN,True,1406483,0,1931-02-27,2026-07-10
9195,,BANK OF ENVILLE,ENVILLE,,False,,,,2026-07-10
9204,622774,Central Bank,Provo,UT,True,2149085,0,1891-10-17,2026-07-10
9219,,HEREFORD STATE BANK,HEREFORD,,False,,,,2026-07-10
9257,,FARMERS' AND TRADERS' STATE BANK,SHABBONA,,False,,,,2026-07-10
9262,,THE ELIZABETH STATE BANK,ELIZABETH,,False,,,,2026-07-10
9268,,BANK OF ILLINOIS,NORMAL,,False,,,,2026-07-10
9288,312244,First Bank of Berne,Berne,IN,True,1078099,0,1891-10-21,2026-07-10
9312,,GAMALIEL BANK,GAMALIEL,,False,,,,2026-07-10
9314,,LIMESTONE BANK INC,LOUISVILLE,KY,,1487347,,,2026-07-10
9321,,PELICAN STATE BANK,MANSFIELD,,False,,,,2026-07-10
9325,121651,Jonesboro State Bank,Jonesboro,LA,True,1281701,0,1913-01-01,2026-07-10
9359,99442,Bank of Commerce,Greenwood,MS,True,1159601,0,1904-08-04,2026-07-10
9361,,MERCHANTS&FARMERS BANK,KOSCIUSKO,MS,,1519543,,,2026-07-10
9380,,JACKSON EXCHANGE BANK & TRUST CO,JACKSON,,False,,,,2026-07-10
9391,,THE CITIZENS BANK OF WINIGAN,WINIGAN,,False,,,,2026-07-10
9396,229801,Valley National Bank,Passaic,NJ,True,64388074,15790,1927-01-01,2026-07-10
9423,826956,Choice Financial Group,Fargo,ND,True,6133303,0,1906-01-01,2026-07-10
9426,,FARMERS STATE BANK,MADDOCK,,False,,,,2026-07-10
9437,294023,First State Bank,Winchester,OH,True,1188670,0,1934-01-01,2026-07-10
9443,,HEARTLAND BANK,WHITEHALL,OH,,1968452,,,2026-07-10
9457,615217,The North Side Bank and Trust Company,Cincinnati,OH,True,1161035,0,1892-01-01,2026-07-10
9466,,THE FIRST STATE BANK IN BILLINGS,BILLINGS,,False,,,,2026-07-10
9469,,FIRST STATE BANK,LEXINGTON,,False,,,,2026-07-10
9477,,BANK OF OREGON,WOODBURN,,False,,,,2026-07-10
9499,841838,Thread Bank,Rogersville,TN,True,1038742,0,1906-04-01,2026-07-10
9572,,OREGON MUTUAL SAVINGS BANK,PORTLAND,,False,,,,2026-07-10
9609,,COLONIAL BANK,MONTGOMERY,AL,False,25455112,,,2026-07-10
9619,,COASTAL COMMUNITY BANK,PANAMA CITY BEACH,,False,,,,2026-07-10
9622,876634,Capital City Bank,Tallahassee,FL,True,4450684,0,1907-06-13,2026-07-10
9657,,THE BURR OAK STATE BANK,BURR OAK,,False,,,,2026-07-10
9662,,UNITED BANK OF MINNEAPOLIS,MINNEAPOLIS,,False,,,,2026-07-10
9678,845247,Edmonton State Bank,Glasgow,KY,True,1168092,0,1899-03-17,2026-07-10
9694,,SUSQUEHANNA BANK,HAGERSTOWN,MD,,3675063,,,2026-07-10
9712,613008,Rockland Trust Company,Rockland,MA,True,24787974,0,1907-09-10,2026-07-10
9719,,OXFORD BANK,OXFORD,MI,,1088968,,,2026-07-10
9730,,FARMERS STATE BANK OF CLARISSA,CLARISSA,,False,,,,2026-07-10
9744,,HORIZON BANK,PINE CITY,,False,,,,2026-07-10
9753,,PEOPLE'S STATE BANK OF MAZEPPA,MAZEPPA,,False,,,,2026-07-10
9768,,FIRST STATE BANK OF ROLLINGSTONE,ROLLINGSTONE,,False,,,,2026-07-10
9797,,M1 BANK,CLAYTON,MO,,1196604,,,2026-07-10
9806,,SECURITY BANK OF RICH HILL,RICH HILL,,False,,,,2026-07-10
9813,,CENTER STATE BANK,CENTER,,False,,,,2026-07-10
9846,852320,Truist Bank,Charlotte,NC,True,541180000,0,1872-01-01,2026-07-10
9873,,FIRST STATE BANK OF ALTUS,ALTUS,,False,,,,2026-07-10
9874,,THE SECURITY STATE BANK,MOORELAND,,False,,,,2026-07-10
9878,,THE SECURITY STATE BANK,COMANCHE,,False,,,,2026-07-10
9880,,BANK OF MEEKER,MEEKER,,False,,,,2026-07-10
9883,,THE FARMERS & MERCHANTS BANK,TECUMSEH,,False,,,,2026-07-10
9888,56717,The Dime Bank,Honesdale,PA,True,1146168,0,1906-01-01,2026-07-10
9889,786612,Mid Penn Bank,Millersburg,PA,True,6938525,0,1868-02-21,2026-07-10
9923,6329,Anderson Brothers Bank,Mullins,SC,True,2275809,0,1933-01-01,2026-07-10
9951,,STOCKHOLM STATE BANK,STOCKHOLM,,False,,,,2026-07-10
9956,,TRUST COMPANY BANK,MEMPHIS,,False,,,,2026-07-10
9960,,CITY & COUNTY BK OF JEFFERSON CT,WHITE PINE,,False,,,,2026-07-10
9961,,BANK OF ALAMO,ALAMO,,False,,,,2026-07-10
9963,,F&M BANK,CLARKSVILLE,TN,,1549080,,,2026-07-10
9967,,AMERICAN STATE BANK,ARP,TX,,1021697,,,2026-07-10
9972,,RED OAK STATE BANK,RED OAK,,False,,,,2026-07-10
9977,,"FIRST CITY, TEXAS - LEWISVILLE",LEWISVILLE,,False,,,,2026-07-10
9978,273662,First State Bank of Uvalde,Uvalde,TX,True,1755759,0,1907-07-06,2026-07-10
10044,722544,National Exchange Bank and Trust,Fond Du Lac,WI,True,2933056,13879,1933-12-20,2026-07-10
10054,,BANK OF HIAWASSEE,HIAWASSEE,,False,,,,2026-07-10
10070,,THE HAMILTON BANK AND TRUST COMPANY,ATLANTA,,False,,,,2026-07-10
10085,,STATE BANK OF FARMERSVILLE,FARMERSVILLE,,False,,,,2026-07-10
10086,,WESTERN SPRINGS NATIONAL BANK AND TRUST,WESTERN SPRINGS,,False,,,,2026-07-10
10094,,THE CITIZENS STATE BANK,BROWNSTOWN,,False,,,,2026-07-10
10100,,IRWIN UNION BANK&TRUST CO,COLUMBUS,IN,False,2839747,,,2026-07-10
10116,,EARLY SAVINGS BANK,EARLY,,False,,,,2026-07-10
10146,,COMMONWEALTH BANK&TRUST CO,LOUISVILLE,KY,,1299520,,,2026-07-10
10155,,THE FIRST STATE BANK,WHITE CLOUD,,False,,,,2026-07-10
10216,,THE RIVERBANK,WYOMING,,False,,,,2026-07-10
10248,236153,First International Bank & Trust,Watford City,ND,True,6047838,0,1910-05-01,2026-07-10
10252,,CITIZENS BANK OF RAY,RAY,,False,,,,2026-07-10
10307,234739,Builtwell Bank,Chattanooga,TN,True,2302796,0,1904-05-03,2026-07-10
10308,466754,The Bank of Fayette County,Piperton,TN,True,1121513,0,1905-04-26,2026-07-10
10331,,CITADEL BANK,WILLIS,,False,,,,2026-07-10
10350,,BAY CITY BANK & TRUST CO.,BAY CITY,,False,,,,2026-07-10
10357,,"FIRST CITY, TEXAS - HUMBLE",HUMBLE,,False,,,,2026-07-10
10359,,HAPPY STATE BANK,HAPPY,TX,,6749038,,,2026-07-10
10363,928421,Citizens and Farmers Bank,West Point,VA,True,2790564,0,1927-02-01,2026-07-10
10413,,THE CITIZENS BANK OF PAGOSA SPRINGS,PAGOSA SPRINGS,,False,,,,2026-07-10
10417,,FARMERS STATE BANK OF YUMA,YUMA,,False,,,,2026-07-10
10440,,BENCHMARK BANK,AURORA,,False,,,,2026-07-10
10450,,VALLEY BANK,MOLINE,,False,,,,2026-07-10
10454,,FARMERS STATE BK OF LEWISTON,LEWISTON,,False,,,,2026-07-10
10466,,HERITAGE BANK OF BUREAU COUNTY,DEPUE,,False,,,,2026-07-10
10472,,FARMERS STATE BANK OF CARLOCK,CARLOCK,,False,,,,2026-07-10
10480,,PEOPLES STATE BANK OF CLAY COUNTY,POLAND,,False,,,,2026-07-10
10496,,STATE BANK OF ALLISON,ALLISON,,False,,,,2026-07-10
10498,,FIRST NATIONAL BANK OF ELDORA,ELDORA,,False,,,,2026-07-10
10501,,THE BANK OF BRONSON,BRONSON,,False,,,,2026-07-10
10506,,THUNDER BANK,SYLVAN GROVE,,False,,,,2026-07-10
10507,,FARMERS STATE BANK OF DEXTER,DEXTER,,False,,,,2026-07-10
10510,,MADISON BANK,MADISON,,False,,,,2026-07-10
10544,,"UNIVERSITY BANK, NATIONAL ASSOCIATION",NEWTON,,False,,,,2026-07-10
10599,,FARMERS STATE BANK,ST. JOSEPH,,False,,,,2026-07-10
10618,1009242,BTC Bank,Bethany,MO,True,1618873,0,1919-09-19,2026-07-10
10619,508346,Hawthorn Bank,Jefferson City,MO,True,1842799,0,1911-01-01,2026-07-10
10625,,LINN COUNTY BANK,LINNEUS,,False,,,,2026-07-10
10634,913856,Pinnacle Bank,Lincoln,NE,True,9115395,0,1880-01-01,2026-07-10
10667,139553,Mabrey Bank,Bixby,OK,True,1994473,0,1924-01-26,2026-07-10
10668,,FARMERS & MERCHANTS BANK,TRYON,,False,,,,2026-07-10
10673,,FAIRVIEW STATE BANK OF FAIRVIEW,FAIRVIEW,,False,,,,2026-07-10
10677,653611,"Jonestown Bank and Trust Company, of Jonestown, Pennsylvania",Jonestown,PA,True,1004066,0,1873-01-01,2026-07-10
10685,779016,Central Penn Bank & Trust,Mifflinburg,PA,True,1259608,0,1872-01-01,2026-07-10
10692,,HOHENWALD NATIONAL BANK,HOHENWALD,,False,,,,2026-07-10
10699,,COALMONT SAVINGS BANK,COALMONT,,False,,,,2026-07-10
10711,,WAXAHACHIE BANK & TRUST COMPANY,WAXAHACHIE,,False,,,,2026-07-10
10714,,FIRST STATE BANK OF RISING STAR,RISING STAR,,False,,,,2026-07-10
10716,,ENLOE STATE BANK,COOPER,,False,,,,2026-07-10
10811,,TAYLOR STATE BANK,EMINGTON,,False,,,,2026-07-10
10836,,MT. ZION STATE BANK,MOUNT ZION,,False,,,,2026-07-10
10888,,PEOTONE BANK AND TRUST COMPANY,PEOTONE,,False,,,,2026-07-10
10892,,BOND COUNTY STATE BANK,POCAHONTAS,,False,,,,2026-07-10
10911,,COMMERCE BANK NATIONAL ASSN,WICHITA,KS,,1211811,,,2026-07-10
10957,,CITIZENS STATE BANK,HAYFIELD,,False,,,,2026-07-10
10970,,FARMERS STATE BANK OF ROUND LAKE,ROUND LAKE,,False,,,,2026-07-10
10985,,TOWN & COUNTRY BANK OF ALMELUND,ALMELUND,,False,,,,2026-07-10
10988,141556,Stearns Bank National Association,Saint Cloud,MN,True,3296457,15576,1912-05-28,2026-07-10
10995,,CHOKIO STATE BANK,CHOKIO,,False,,,,2026-07-10
10997,,CITIZENS STATE BANK OF FULDA,FULDA,,False,,,,2026-07-10
11000,,CENTRAL BK LAKE OZARKS,OSAGE BEACH,MO,,1144350,,,2026-07-10
11008,,BUCKLIN STATE BANK OF BUCKLIN,BUCKLIN,,False,,,,2026-07-10
11035,236706,Peapack Private Bank & Trust,Bedminster,NJ,True,7690114,0,1921-09-21,2026-07-10
11063,491224,First-Citizens Bank & Trust Company,Raleigh,NC,True,235521000,0,1898-01-01,2026-07-10
11106,,LAFAYETTE AMBASSADOR BANK,BETHLEHEM,PA,,1576848,,,2026-07-10
11112,212522,Somerset Trust Company,Somerset,PA,True,2460076,0,1889-01-01,2026-07-10
11124,936426,S&T Bank,Indiana,PA,True,9939635,0,1902-05-21,2026-07-10
11138,,FIRST STATE BANK,BANGS,,False,,,,2026-07-10
11146,,FIRST CAPITOL BANK,WEST COLUMBIA,,False,,,,2026-07-10
11151,,FIRST STB CENTRAL TEXAS,AUSTIN,TX,,1412826,,,2026-07-10
11158,,FIRST STATE BANK,LIBERTY,,False,,,,2026-07-10
11170,,THE FIRST STATE BANK,VERNON,,False,,,,2026-07-10
11173,,THE TEXAS BANK & TRUST COMPANY,SWEETWATER,,False,,,,2026-07-10
11178,908861,"Transpecos Banks, SSB",Pecos,TX,True,1038922,0,1924-03-01,2026-07-10
11185,,SABINAL BANK,SABINAL,,False,,,,2026-07-10
11200,,VIRGINIA COMMONWEALTH BANK,RICHMOND,VA,,1219037,,,2026-07-10
11236,528849,Horicon Bank,Horicon,WI,True,1675596,0,1896-09-07,2026-07-10
11241,456045,Centennial Bank,Conway,AR,True,23028965,0,1903-01-01,2026-07-10
11259,,THE GUNNISON BANK & TRUST CO.,GUNNISON,,False,,,,2026-07-10
11272,,THE MERCHANTS BANK AND TRUST CO,NORWALK,,False,,,,2026-07-10
11297,,THE WOODBURY BANKING COMPANY,WOODBURY,,False,,,,2026-07-10
11406,,STATE BANK,FENTON,MI,,1806828,,,2026-07-10
11416,,JENNINGS STATE BANK,SPRING GROVE,,False,,,,2026-07-10
11426,,THE BANK OF NORTH MISSISSIPPI,OAKLAND,,False,,,,2026-07-10
11427,,BANK OF PICAYUNE,PICAYUNE,,False,,,,2026-07-10
11451,,THE PEOPLES BANK OF MERCER,MERCER,,False,,,,2026-07-10
11456,,GENTRY COUNTY BANK,ALBANY,,False,,,,2026-07-10
11459,873259,Mid America Bank,Jefferson City,MO,True,1194073,0,1914-04-12,2026-07-10
11484,,JOHNSON COUNTY BANK,TECUMSEH,,False,,,,2026-07-10
11486,,NASHUA TRUST COMPANY,NASHUA,,False,,,,2026-07-10
11492,209858,InBank,Raton,NM,True,1360927,0,1918-04-09,2026-07-10
11507,584920,The Fidelity Bank,Fuquay Varina,NC,True,4498624,0,1909-01-01,2026-07-10
11522,68756,Liberty National Bank,Lawton,OK,True,1313993,23516,1902-01-01,2026-07-10
11543,,AMERICAN BANK & TRUST,ORANGEBURG,,False,,,,2026-07-10
11548,,CITIZENS STATE BANK,CARRIZO SPRINGS,,False,,,,2026-07-10
11558,,WASHINGTON COUNTY STATE BANK,BRENHAM,,False,,,,2026-07-10
11561,,NORTHSTAR BANK,DENTON,TX,,2169104,,,2026-07-10
11568,,SANDERSON STATE BANK,SANDERSON,,False,,,,2026-07-10
11569,176464,Alliance Bank,Sulphur Springs,TX,True,1369574,0,1927-06-16,2026-07-10
11576,,FIRST STATE BANK,WEIMAR,,False,,,,2026-07-10
11578,933621,Burke & Herbert Bank & Trust Company,Alexandria,VA,True,7912763,0,1852-01-01,2026-07-10
11579,,UNION BANK&TRUST CO,BOWLING GREEN,VA,,2037566,,,2026-07-10
11584,,EVB,TAPPAHANNOCK,VA,,1445922,,,2026-07-10
11613,,STRONG'S BANK,DODGEVILLE,,False,,,,2026-07-10
11636,,HOME NATIONAL BANK,BLACKWELL,,False,,,,2026-07-10
11639,,THE FIRST NATIONAL BANK OF BLANCHARDVILLE,BLANCHARDVILLE,,False,,,,2026-07-10
11666,543262,D. L. Evans Bank,Burley,ID,True,3660167,0,1904-08-29,2026-07-10
11670,931038,Central Bank Illinois,Geneseo,IL,True,1474470,0,1907-02-01,2026-07-10
11677,,PARK NATIONAL BANK,CHICAGO,IL,False,4680881,,,2026-07-10
11692,,ATKINSON TRUST & SAVINGS BANK,ATKINSON,,False,,,,2026-07-10
11710,,THE FIRST STATE BANK OF WINCHESTER,WINCHESTER,,False,,,,2026-07-10
11771,859141,Availa Bank,Carroll,IA,True,1737007,0,1870-01-01,2026-07-10
11775,,THE BANK OF COMMERCE,CHANUTE,,False,,,,2026-07-10
11783,,AVOYELLES TRUST & SAVINGS BANK,BUNKIE,,False,,,,2026-07-10
11786,,BANK OF ST. CHARLES,ST. ROSE,,False,,,,2026-07-10
11787,,THE OLLA STATE BANK,OLLA,,False,,,,2026-07-10
11789,,THE PEOPLES BANK & TRUST COMPANY,NATCHITOCHES,,False,,,,2026-07-10
11791,,PLANTERS TRUST & SAVINGS BANK OF OPELOUSAS,OPELOUSAS,,False,,,,2026-07-10
11807,150044,United Bank of Michigan,Grand Rapids,MI,True,1091126,0,1903-01-01,2026-07-10
11813,,CADENCE BANK,TUPELO,MS,,53529044,,,2026-07-10
11828,,FARMERS STATE BANK,RISING CITY,,False,,,,2026-07-10
11866,,BRYN MAWR TRUST CO,BRYN MAWR,PA,,5040019,,,2026-07-10
11868,1007819,The Fidelity Deposit and Discount Bank,Dunmore,PA,True,2859364,0,1903-05-11,2026-07-10
11890,,FIRST STATE BANK,VEGA,,False,,,,2026-07-10
11893,,THE FARMERS & MERCHANTS STATE BANK,BALLINGER,,False,,,,2026-07-10
11911,,FIRST STATE BANK,MEMPHIS,,False,,,,2026-07-10
11914,,"FIRST CITY, TEXAS - SOUR LAKE",SOUR LAKE,,False,,,,2026-07-10
11918,,LEXINGTON STATE BANK,LEXINGTON,,False,,,,2026-07-10
11926,,NEW ULM STATE BANK,NEW ULM,,False,,,,2026-07-10
11931,,CHESTER STATE BANK,CHESTER,,False,,,,2026-07-10
11935,444350,First Texas Bank,Georgetown,TX,True,1329168,0,1898-01-01,2026-07-10
11936,,FARMERS STATE BANK,LUEDERS,,False,,,,2026-07-10
11971,522605,Bar Harbor Bank & Trust,Bar Harbor,ME,True,4672493,0,1887-09-15,2026-07-10
12008,,FARMERS & MECHANICS SAVINGS BANK OF MINNEA,MINNEAPOLIS,,False,,,,2026-07-10
12010,204004,Provident Bank,Jersey City,NJ,True,25187481,0,1839-02-28,2026-07-10
12013,373601,Union County Savings Bank,Elizabeth,NJ,True,1490109,0,1883-10-01,2026-07-10
12015,,"UNITED STATES BK OF NEWARK, N.J.",NEWARK,,False,,,,2026-07-10
12054,,EMIGRANT BANK,NEW YORK,NY,,6412660,,,2026-07-10
12080,,THE TATNALL BANK,REIDSVILLE,,False,,,,2026-07-10
12093,,THE JOHN WARNER BANK,CLINTON,,False,,,,2026-07-10
12124,,WORTHINGTON STATE BANK,WORTHINGTON,,False,,,,2026-07-10
12133,,THE PEOPLES STATE BANK & TRUST CO,ELLINWOOD,,False,,,,2026-07-10
12142,,THE BANK OF KIOWA,KIOWA,,False,,,,2026-07-10
12181,,MONROE BANK&TRUST,MONROE,MI,,1325155,,,2026-07-10
12185,,STATE BANK OF GREENWALD,GREENWALD,,False,,,,2026-07-10
12189,,FARMERS STATE BANK OF KANARANZI,KANARANZI,,False,,,,2026-07-10
12190,,LANESBORO STATE BANK,LANESBORO,,False,,,,2026-07-10
12204,29636,"The Citizens Bank of Philadelphia, Mississippi",Philadelphia,MS,True,1528973,0,1908-01-01,2026-07-10
12213,,REPUBLIC BK OF KANSAS CITY,KANSAS CITY,,False,,,,2026-07-10
12227,,FIRST STATE BANK OF BONNE TERRE,BONNE TERRE,,False,,,,2026-07-10
12229,169653,First Bank,St. Louis,MO,True,6691682,0,1906-07-30,2026-07-10
12261,,FIRST COMMUNITY BANK,TAOS,NM,False,2188154,,,2026-07-10
12294,,FIRST BANK & TRUST CO.,BOOKER,,False,,,,2026-07-10
12295,,THE FIRST STATE BANK,CHILDRESS,,False,,,,2026-07-10
12299,171768,"SouthStar Bank, S.S.B.",Moulton,TX,True,1336572,0,1920-11-06,2026-07-10
12300,,FIRST STATE BANK,PFLUGERVILLE,,False,,,,2026-07-10
12312,,COMMERCIAL STATE BANK,SAN AUGUSTINE,,False,,,,2026-07-10
12368,233031,Regions Bank,Birmingham,AL,True,159430000,0,1928-01-01,2026-07-10
12383,1001648,Carrollton Bank,Carrollton,IL,True,3820112,0,1877-01-01,2026-07-10
12406,,GLENVIEW STATE BANK,GLENVIEW,IL,,1435473,,,2026-07-10
12414,,PEOPLES STATE BANK,ODEBOLT,,False,,,,2026-07-10
12423,,CITIZENS STATE BANK OF EL DORADO,EL DORADO,,False,,,,2026-07-10
12429,,THE STRONG CITY STATE BANK,STRONG CITY,,False,,,,2026-07-10
12437,749242,Renasant Bank,Tupelo,MS,True,27090994,0,1904-02-27,2026-07-10
12441,463735,Hancock Whitney Bank,Gulfport,MS,True,35533297,0,1899-10-09,2026-07-10
12460,,"THE FARMERS STATE BANK OF BARRY COUNTY, EX",EXETER,,False,,,,2026-07-10
12483,,THE FREEDOM STATE BANK,FREEDOM,,False,,,,2026-07-10
12484,75259,First Oklahoma Bank,Jenks,OK,True,1269526,0,1923-01-01,2026-07-10
12501,,CITIZENS STATE BANK,BUFFALO,TX,,1027134,,,2026-07-10
12517,806846,Bank Five Nine,Oconomowoc,WI,True,2609889,0,1859-09-01,2026-07-10
12527,,BANK OF QUITMAN,QUITMAN,,False,,,,2026-07-10
12548,,STATE BANK OF CUBA,CUBA,,False,,,,2026-07-10
12591,72258,The Converse County Bank,Douglas,WY,True,1092587,0,1918-01-01,2026-07-10
12611,372538,The Evangeline Bank and Trust Company,Ville Platte,LA,True,1117417,0,1933-01-01,2026-07-10
12614,667757,Origin Bank,Choudrant,LA,True,10093380,0,1912-11-23,2026-07-10
12627,565750,Bank of Washington,Washington,MO,True,1175143,0,1877-10-29,2026-07-10
12633,853952,The Central Trust Bank,Jefferson City,MO,True,20473249,0,1902-02-03,2026-07-10
12667,,WILLIAMS SAVINGS BANK,WILLIAMS,,False,,,,2026-07-10
12718,,THE PLANTERS BANK & TRUST COMPANY,HAYNESVILLE,,False,,,,2026-07-10
12736,,"FIRST INTEGRITY BANK, N.A.",STAPLES,,False,,,,2026-07-10
12743,,ELBA STATE BANK,ELBA,,False,,,,2026-07-10
12767,,GUARANTY BOND STATE BANK,REDWATER,,False,,,,2026-07-10
12769,578255,First United Bank,Dimmitt,TX,True,2449456,0,1907-03-07,2026-07-10
12773,,ALTABANK,AMERICAN FORK,UT,,3648859,,,2026-07-10
12828,423449,"The Farmers Bank, Frankfort, Indiana",Frankfort,IN,True,1122769,0,1876-01-01,2026-07-10
12839,139843,First Farmers Bank & Trust Co.,Converse,IN,True,3551779,0,1932-01-01,2026-07-10
12854,783648,Centier Bank,Whiting,IN,True,10084903,0,1895-04-21,2026-07-10
12855,840747,Farmers State Bank,Waterloo,IA,True,1579523,0,1903-06-25,2026-07-10
12867,,THE REXFORD STATE BANK,REXFORD,,False,,,,2026-07-10
12874,327305,Katahdin Trust Company,Patten,ME,True,1112819,0,1918-03-07,2026-07-10
12923,,BREMER BANK NATIONAL ASSN,SAINT PAUL,MN,,16414076,,,2026-07-10
12944,176101,Orange Bank & Trust Company,Middletown,NY,True,2697498,0,1892-05-02,2026-07-10
12969,780218,The Union Bank Company,Columbus Grove,OH,True,1212097,0,1904-11-21,2026-07-10
12978,150727,The Richwood Banking Company,Richwood,OH,True,1272143,0,1867-07-01,2026-07-10
12982,542528,Civista Bank,Sandusky,OH,True,4290141,0,1884-03-01,2026-07-10
12998,,THE CITIZENS STATE BANK,DONNA,,False,,,,2026-07-10
13012,2353595,First Community Bank,Bluefield,VA,True,3644798,0,1920-01-07,2026-07-10
13023,,WISCONSIN BANK&TRUST,MADISON,WI,,1388430,,,2026-07-10
13028,,LINCOLN STATE BANK,MILWAUKEE,WI,,1293565,,,2026-07-10
13050,,THE AMERICAN BANK,ALMA,,False,,,,2026-07-10
13055,783844,Citizens Bank,Mukwonago,WI,True,1173908,0,1892-12-12,2026-07-10
13060,,BAYLAKE BANK,STURGEON BAY,WI,,1061527,,,2026-07-10
13063,247908,Kennebunk Savings Bank,Kennebunk,ME,True,2099477,0,1871-05-01,2026-07-10
13074,,HUDSON CITY SAVINGS BANK,PARAMUS,NJ,,35099327,,,2026-07-10
13082,,BANK OF CHIDESTER,CHIDESTER,,False,,,,2026-07-10
13095,,MOROCCO STATE BANK,MOROCCO,,False,,,,2026-07-10
13102,874845,Lake City Bank,Warsaw,IN,True,7078433,0,1872-01-01,2026-07-10
13109,884442,Jackson County Bank,Seymour,IN,True,1080401,0,1900-01-01,2026-07-10
13150,,AMERICAN TRUST&SAVINGS BANK,DUBUQUE,IA,,1234462,,,2026-07-10
13152,,FARMERS STATE BANK,KANAWHA,,False,,,,2026-07-10
13153,,URBANA SAVINGS BANK,URBANA,,False,,,,2026-07-10
13160,,THE FARMERS AND MERCHANTS STATE BANK OF RU,LA CROSSE,,False,,,,2026-07-10
13164,,FARMERS BANK OF PETERSBURG,PETERSBURG,,False,,,,2026-07-10
13189,,BANK OF NIOBRARA,NIOBRARA,,False,,,,2026-07-10
13198,879457,Cornerstone Bank,Fargo,ND,True,1750393,0,1907-07-15,2026-07-10
13245,,THE FARMERS AND MERCHANTS BANK OF SHEYENNE,SHEYENNE,,False,,,,2026-07-10
13247,,CITIZENS BANK AND TRUST,CALVERT,,False,,,,2026-07-10
13254,,FRENCHMAN VALLEY BANK,PALISADE,,False,,,,2026-07-10
13255,669555,Midwest Bank,Pierce,NE,True,1245317,0,1882-01-01,2026-07-10
13256,,DAVID CITY BANK,DAVID CITY,,False,,,,2026-07-10
13272,,BADGER STATE BANK,CASSVILLE,,False,,,,2026-07-10
13292,,BANK OF CASTILE,CASTILE,NY,,1865267,,,2026-07-10
13297,722816,Solvay Bank,Solvay,NY,True,1190928,0,1917-03-17,2026-07-10
13300,,ZIA NEW MEXICO BANK,TUCUMCARI,,False,,,,2026-07-10
13339,614313,The State Bank and Trust Company,Defiance,OH,True,1597487,0,1902-03-28,2026-07-10
13341,362717,The Croghan Colonial Bank,Fremont,OH,True,1352351,0,1888-07-25,2026-07-10
13383,,STATE BANK OF SPRINGFIELD,SPRINGFIELD,,False,,,,2026-07-10
13397,254317,Bank of Utica,Utica,NY,True,1447578,0,1927-04-23,2026-07-10
13403,,CENTRAL NATIONAL BANK OF NEW YORK,NEW YORK,,False,,,,2026-07-10
13421,450856,Union Bank and Trust Company,Lincoln,NE,True,9188563,0,1917-02-28,2026-07-10
13425,,SOUTH STATE BANK,COLUMBIA,SC,,16638533,,,2026-07-10
13440,,FIRST STATE BANK,HARPER,,False,,,,2026-07-10
13570,,THE HOXIE STATE BANK,HOXIE,,False,,,,2026-07-10
13586,,THE BELLE-BLAND BANK,BLAND,,False,,,,2026-07-10
13606,,THE ALEXANDER STATE BANK,ALEXANDER,,False,,,,2026-07-10
13607,,THE MURDOCK STATE BANK,MURDOCK,,False,,,,2026-07-10
13620,,THE TIMKEN STATE BANK,TIMKEN,,False,,,,2026-07-10
13622,151957,Dayspring Bank,Gothenburg,NE,True,1183388,0,1906-01-01,2026-07-10
13640,,CITIZENS STATE BK OF GIBBON,GIBBON,,False,,,,2026-07-10
13644,,FARMERS & MERCHANTS BANK OF ELMO,ELMO,,False,,,,2026-07-10
13667,,HOME STATE BANK,TRENT,,False,,,,2026-07-10
13675,,FIRSTMERIT BANK NA,AKRON,OH,,26155280,,,2026-07-10
13693,,CORUS BANK NATIONAL ASSN,CHICAGO,IL,False,7003321,,,2026-07-10
13702,,"FIRST CITY, TEXAS - HOUSTON, NA",HOUSTON,,False,,,,2026-07-10
13714,,MENDON STATE BANK,MENDON,,False,,,,2026-07-10
13716,,MIDDLEFIELD BANKING CO,MIDDLEFIELD,OH,,1901612,,,2026-07-10
13718,,WELLS FARGO TRUST CO NA,OGDEN,UT,,1324267,,,2026-07-10
13743,,"FIRST REPUBLICBANK-CLEBURNE, N.A",CLEBURNE,,False,,,,2026-07-10
13789,,MERIDIAN BANK,ELDRED,,False,,,,2026-07-10
13790,,BANK OF LOCKESBURG,LOCKESBURG,,False,,,,2026-07-10
13797,,BANK OF TAYLOR,TAYLOR,,False,,,,2026-07-10
13812,,FIRST NATIONAL BANK IN CLARKSVILLE,CLARKSVILLE,,False,,,,2026-07-10
13830,,THE HOME STATE BANK,ARCADIA,,False,,,,2026-07-10
13868,499453,First State Bank Nebraska,Lincoln,NE,True,1113298,0,1912-12-12,2026-07-10
13876,399517,CNB Bank,Clearfield,PA,True,8496254,0,1934-01-27,2026-07-10
13879,,PEOPLESBANK CODORUS VALLEY,YORK,PA,,2218961,,,2026-07-10
13908,,CASTLE BANK NATIONAL ASSN,DEKALB,IL,,1058768,,,2026-07-10
13914,,DONAHUE SAVINGS BANK,DONAHUE,,False,,,,2026-07-10
13920,,THE CITY NATIONAL BANK OF PLAINVIEW,PLAINVIEW,,False,,,,2026-07-10
13925,,THE TALMAGE STATE BANK,TALMAGE,,False,,,,2026-07-10
13953,982348,Iowa State Bank,Hull,IA,True,1234983,0,1879-01-01,2026-07-10
13973,,TEXAS AMERICAN BANK/BRECKENRIDGE,BRECKENRIDGE,,False,,,,2026-07-10
14017,41825,Middletown Valley Bank,Middletown,MD,True,1153306,0,1908-01-04,2026-07-10
14028,422433,First Guaranty Bank,Hammond,LA,True,3956090,0,1934-03-12,2026-07-10
14034,,ROSELAND STATE BANK,ROSELAND,,False,,,,2026-07-10
14065,366238,Vallant Bank,Elberton,GA,True,2345636,0,1934-03-12,2026-07-10
14073,682143,County National Bank,Hillsdale,MI,True,1331769,14062,1934-03-19,2026-07-10
14078,,BLACKHAWK BANK,BELOIT,WI,,1474412,,,2026-07-10
14094,,THE FALUN STATE BANK,FALUN,,False,,,,2026-07-10
14111,,MCCUNE STATE BANK,MCCUNE,,False,,,,2026-07-10
14140,520003,Northfield Savings Bank,Northfield,VT,True,1576055,0,1867-11-21,2026-07-10
14149,,CHITTENDEN TRUST CO,BURLINGTON,VT,,3793058,,,2026-07-10
14158,333203,Union Bank,Morrisville,VT,True,1624523,0,1891-01-01,2026-07-10
14180,,MINEOLA STATE BANK,MINEOLA,,False,,,,2026-07-10
14194,,POLK COUNTY BANK,JOHNSTON,,False,,,,2026-07-10
14207,589943,Lincoln Savings Bank,Reinbeck,IA,True,1780330,0,1902-01-01,2026-07-10
14209,1006148,Farmers State Bank,Marion,IA,True,1128929,0,1927-08-27,2026-07-10
14222,450959,Security Financial Bank,Durand,WI,True,1021358,0,1934-04-06,2026-07-10
14228,,HARTFORD-CARLISLE SB,CARLISLE,,False,,,,2026-07-10
14240,,NORTHWAY BANK,BERLIN,NH,,1188010,,,2026-07-10
14241,,FIRST AMERICAN BANK & TRUST OF BAYTOWN,BAYTOWN,,False,,,,2026-07-10
14246,,THE BANK OF BONIFAY,BONIFAY,,False,,,,2026-07-10
14250,,CROMWELL STATE SAVINGS BANK,CROMWELL,,False,,,,2026-07-10
14262,,THE CITIZENS BANK OF WINDSOR,WINDSOR,,False,,,,2026-07-10
14264,544652,Cornhusker Bank,Lincoln,NE,True,1032319,0,1903-08-24,2026-07-10
14266,775456,National Bank of Commerce,Superior,WI,True,2205753,14109,1934-02-07,2026-07-10
14271,,AUBURN SAVINGS BANK,AUBURN,,False,,,,2026-07-10
14273,,HERITAGE BANKING GROUP,CARTHAGE,,False,,,,2026-07-10
14279,,MARLIN NATIONAL BANK,MARLIN,,False,,,,2026-07-10
14308,,THE FIRST NATIONAL BANK OF RUSTON,RUSTON,,False,,,,2026-07-10
14318,,FIRST NATIONAL BANK,EDINBURG,TX,False,3085764,,,2026-07-10
14359,,JERSEY SHORE STATE BANK,WILLIAMSPORT,PA,,1615808,,,2026-07-10
14361,,THE FIRST STATE BANK,BARBOURSVILLE,,False,,,,2026-07-10
14372,,FIRST NATIONAL BANK,FORT COLLINS,CO,,1865087,,,2026-07-10
14376,,AREDALE STATE BANK,AREDALE,,False,,,,2026-07-10
14382,939249,Fidelity Bank & Trust,Dubuque,IA,True,2582570,0,1910-04-20,2026-07-10
14389,,FARMERS & MERCHANTS BANK OF HUNTSVILLE,HUNTSVILLE,,False,,,,2026-07-10
14421,,BUCHEL BANK & TRUST CO.,CUERO,,False,,,,2026-07-10
14422,,AMERICAN NAT BK IN MCLEAN,MCLEAN,,False,,,,2026-07-10
14426,,FIRST NATIONAL BANK IN WEST CONCORD,WEST CONCORD,,False,,,,2026-07-10
14483,,PISGAH SAVINGS BANK,PISGAH,,False,,,,2026-07-10
14521,187947,Bank Iowa,West Des Moines,IA,True,2348968,0,1923-03-07,2026-07-10
14531,353555,Amarillo National Bank,Amarillo,TX,True,10225871,14206,1892-01-01,2026-07-10
14563,,FIRST NATIONAL BANK OF EADS,EADS,,False,,,,2026-07-10
14571,,STATE BANK OF PRAIRIE CITY,PRAIRIE CITY,,False,,,,2026-07-10
14578,113441,Farmers State Bank,Lagrange,IN,True,1260534,0,1934-07-16,2026-07-10
14580,,DARBY BANK & TRUST COMPANY,VIDALIA,,False,,,,2026-07-10
14587,137652,University Bank,Ann Arbor,MI,True,1142099,0,1908-05-08,2026-07-10
14598,,NATIONAL BANK AND TRUST COMPANY OF TRAVERS,TRAVERSE CITY,,False,,,,2026-07-10
14609,,FIRST COMANCHE BANK,COMANCHE,,False,,,,2026-07-10
14618,,"BANCTEXAS MCKINNEY, N.A.",MCKINNEY,,False,,,,2026-07-10
14627,,NATIONAL BANK OF FREDERICK,FREDERICK,,False,,,,2026-07-10
14650,731247,Hills Bank and Trust Company,Hills,IA,True,4671475,0,1904-01-01,2026-07-10
14670,,FIRST STATE BANK,JET,,False,,,,2026-07-10
14712,355858,First National Bank,Fort Pierre,SD,True,2046492,14252,1934-01-01,2026-07-10
14742,,"FIRST STATE BANK OF KING CITY, MISSOURI",KING CITY,,False,,,,2026-07-10
14758,,OMNIBANK,RIVER ROUGE,,False,,,,2026-07-10
14767,,THE CITIZENS STATE BANK OF ST. FRANCIS,ST. FRANCIS,,False,,,,2026-07-10
14778,,FIRST BANK&TRUST,LUBBOCK,TX,,2949987,,,2026-07-10
14787,,VALLEY NATIONAL BANK OF FREMONT,HAMBURG,,False,,,,2026-07-10
14794,,BANK OF JACKSON COUNTY,GRACEVILLE,,False,,,,2026-07-10
14796,,THE TINGLEY STATE SAVINGS BANK,MOUNT AYR,,False,,,,2026-07-10
14804,,FIRST NATIONAL BANK AND TRUST CO,BLACKWELL,,False,,,,2026-07-10
14808,,FIRST AMERICAN BANK,FORT DODGE,IA,,1035753,,,2026-07-10
14816,,MBANK,MANISTIQUE,MI,,1516625,,,2026-07-10
14819,,FIRST REPUBLICBANK-SAN ANTONIO,SAN ANTONIO,,False,,,,2026-07-10
14832,,LORAIN NATIONAL BANK,LORAIN,OH,,1237190,,,2026-07-10
14837,,THE FIRST NATIONAL BANK OF JACKSONVILLE,JACKSONVILLE,,False,,,,2026-07-10
14843,,MIDWESTONE BANK,IOWA CITY,IA,,6254039,,,2026-07-10
14851,778738,Citizens Bank,Elizabethton,TN,True,1401762,0,1934-11-03,2026-07-10
14863,,LINKBANK,CAMP HILL,PA,,3117180,,,2026-07-10
14899,517357,Blue Sky Bank,Pawhuska,OK,True,1336844,0,1905-11-23,2026-07-10
14909,,THE HOME STATE BANK,LONGTON,,False,,,,2026-07-10
14939,,PEOPLES STATE BANK,HAMTRAMCK,,False,,,,2026-07-10
14950,,"FIRST REPUBLICBANK-HILLSBORO, N.A.",HILLSBORO,,False,,,,2026-07-10
14957,,MISSOURI FARMERS BANK,MOUND CITY,,False,,,,2026-07-10
14969,600419,Kish Bank,Belleville,PA,True,1980496,0,1927-01-01,2026-07-10
14987,,THE PEOPLES STATE SAVINGS BANK,AUBURN,,False,,,,2026-07-10
14995,279842,River Bank,Stoddard,WI,True,1052694,0,1911-10-11,2026-07-10
15000,,BROADWAY BANK,PATERSON,,False,,,,2026-07-10
15019,216922,First Bank,Southern Pines,NC,True,12937641,0,1934-01-01,2026-07-10
15032,113740,First State Bank,Eastpointe,MI,True,1348773,0,1917-01-01,2026-07-10
15051,,CORINTH DEPOSIT NATIONAL BANK,CORINTH,,False,,,,2026-07-10
15062,,ALLENDALE COUNTY BANK,FAIRFAX,,False,,,,2026-07-10
15080,,THE LEE STATE BANK,BROWERVILLE,,False,,,,2026-07-10
15081,,CITIZENS STATE BANK OF EAGLE BEND,EAGLE BEND,,False,,,,2026-07-10
15088,,THE BANK OF WOODSON,WOODSON,,False,,,,2026-07-10
15091,525549,Lake Ridge Bank,Middleton,WI,True,3334131,0,1908-01-01,2026-07-10
15109,,CITIZENS STATE BANK,IOWA FALLS,,False,,,,2026-07-10
15118,3851427,Gateway First Bank,Jenks,OK,True,2014346,0,1935-03-02,2026-07-10
15136,894348,Bank of Wisconsin Dells,Wisconsin Dells,WI,True,1073149,0,1910-02-26,2026-07-10
15143,,FIRST STATE BANK OF PATTONSBURG,PATTONBURG,,False,,,,2026-07-10
15154,,ALGOMA BANK,ALGOMA,,False,,,,2026-07-10
15219,,DUBUQUE BANK&TRUST CO,DUBUQUE,IA,,1882254,,,2026-07-10
15223,,"THE FARMERS STATE BANK, BOGUE",BOGUE,,False,,,,2026-07-10
15229,537449,First Business Bank,Madison,WI,True,4320998,0,1909-05-01,2026-07-10
15274,,IREDELL STATE BANK,IREDELL,,False,,,,2026-07-10
15276,,VALLEY BANK OF BELGRADE,BELGRADE,,False,,,,2026-07-10
15289,,GREAT WESTERN BANK,SIOUX FALLS,SD,,13339325,,,2026-07-10
15301,,SPARTA-SANDERS STATE BANK,SPARTA,,False,,,,2026-07-10
15302,,ROCK RIVER BANK,OREGON,,False,,,,2026-07-10
15310,594433,"CB&S Bank, Inc.",Russellville,AL,True,2938465,0,1906-01-01,2026-07-10
15324,1001059,Security Bank & Trust Company,Glencoe,MN,True,1290968,0,1935-10-12,2026-07-10
15332,,"TEXAS AMERICAN BANK/AMARILLO, NA",AMARILLO,,False,,,,2026-07-10
15342,,"MBANK ROUND ROCK, NATIONAL ASSOC",ROUND ROCK,,False,,,,2026-07-10
15359,717924,Southern Bank and Trust Company,Mount Olive,NC,True,5251445,0,1901-01-01,2026-07-10
15366,,FARMERS STATE BANK OF BROOKSHIRE,BROOKSHIRE,,False,,,,2026-07-10
15371,,PANHANDLE BANK & TRUST COMPANY,BORGER,,False,,,,2026-07-10
15379,,FIRST MEXIA BANK,MEXIA,,False,,,,2026-07-10
15380,,STATE BANK OF HERNDON,HERNDON,,False,,,,2026-07-10
15399,945053,RCB Bank,Claremore,OK,True,4073384,0,1936-01-14,2026-07-10
15404,,THE COSMOPOLITAN NATIONAL BANK OF CHICAGO,CHICAGO,,False,,,,2026-07-10
15407,,LASALLE BANK NATIONAL ASSN,CHICAGO,IL,,63388382,,,2026-07-10
15409,,BANK OF COMMERCE,MORRISTOWN,,False,,,,2026-07-10
15426,,ALMENA STATE BANK,ALMENA,,False,,,,2026-07-10
15437,,UNITED BANK&CAPITAL TRUST CO,FRANKFORT,KY,,1588512,,,2026-07-10
15448,,1ST AMERICAN STATE BANK OF MINNESOTA,HANCOCK,,False,,,,2026-07-10
15488,,"NBC BANK-RIO GRANDE VALLEY, NA",MISSION,,False,,,,2026-07-10
15504,,FIRST CITIZENS B&T CO INC,COLUMBIA,SC,,8346821,,,2026-07-10
15511,435750,First State Bank,Gainesville,TX,True,1814144,0,1905-08-16,2026-07-10
15514,,UNION BANK,SAN ANTONIO,,False,,,,2026-07-10
15545,,FRONTIER BANK,OMAHA,NE,,1431193,,,2026-07-10
15555,546544,Central Bank,Storm Lake,IA,True,2249066,0,1879-01-01,2026-07-10
15559,,CITIZENS STATE BK OF GALENA,GALENA,,False,,,,2026-07-10
15562,,PIONEER BANK&TRUST,BELLE FOURCHE,SD,,1014794,,,2026-07-10
15565,382649,First Southern Bank,Marion,IL,True,1045859,0,1937-12-15,2026-07-10
15572,972732,First National Bank of Pulaski,Pulaski,TN,True,1507769,14619,1938-01-12,2026-07-10
15579,,FREEDOM BANK,RANGER,,False,,,,2026-07-10
15603,,STATE BANK OF WESTPHALIA,WESTPHALIA,,False,,,,2026-07-10
15614,139740,West Bank,West Des Moines,IA,True,4010344,0,1893-01-01,2026-07-10
15640,,SHOREBANK,CHICAGO,IL,False,2166431,,,2026-07-10
15643,,"FIRST REPUBLICBANK-MALAKOFF, N.A",MALAKOFF,,False,,,,2026-07-10
15657,601658,Alliance Bank Central Texas,Woodway,TX,True,1306019,0,1939-03-16,2026-07-10
15670,,FIRST SOUTHWEST BANK,ELDORADO,,False,,,,2026-07-10
15697,,BENEFICIAL BANK,PHILADELPHIA,PA,,5808297,,,2026-07-10
15698,,THE WESTERN SAVING FUND SOCIETY OF PHILADE,PHILADELPHIA,,False,,,,2026-07-10
15721,,"FIRST CITY, TEXAS - AUSTIN, NA",AUSTIN,,False,,,,2026-07-10
15728,815156,"Dakota Community Bank & Trust, National Association",Hebron,ND,True,1387693,24604,1940-01-01,2026-07-10
15740,,BANK OF WILSON,WILSON,,False,,,,2026-07-10
15745,,FOREST CITY BANK & TRUST CO.,FOREST CITY,,False,,,,2026-07-10
15748,,STATE BANK OF BARNUM,BARNUM,,False,,,,2026-07-10
15750,,MERITOR SAVINGS BANK,PHILADELPHIA,,False,,,,2026-07-10
15752,887340,First State Bank,Mendota,IL,True,1578856,0,1940-07-06,2026-07-10
15756,,BANK OF CANTON,CANTON,,False,,,,2026-07-10
15783,,SEMINOLE STATE NATIONAL BANK,SEMINOLE,,False,,,,2026-07-10
15786,,LIVINGSTON BANK,DENHAM SPRINGS,,False,,,,2026-07-10
15797,474254,Broadway National Bank,San Antonio,TX,True,5740527,14447,1941-02-03,2026-07-10
15809,247355,Security State Bank & Trust,Fredericksburg,TX,True,1981114,0,1941-04-07,2026-07-10
15811,,BURNS STATE BANK,BURNS,,False,,,,2026-07-10
15814,,FIRST NATIONAL BANK,ROSEDALE,,False,,,,2026-07-10
15815,1007015,Central Bank & Trust Co.,Lexington,KY,True,3992204,0,1938-04-15,2026-07-10
15862,,THE FARMERS & MERCHANTS BK OF HILL CITY,HILL CITY,,False,,,,2026-07-10
15867,,NORTHWEST BANK,DALLAS,,False,,,,2026-07-10
15869,,THE BAZINE STATE BANK,BAZINE,,False,,,,2026-07-10
15886,,THE MERCHANTS BANK,KANSAS CITY,,False,,,,2026-07-10
15896,,THE HOME STATE BANK,ROCHESTER,,False,,,,2026-07-10
15897,,DOLLAR DRY DOCK BANK,WHITE PLAINS,,False,,,,2026-07-10
15901,,THE NEW YORK BK FOR SAVINGS,NEW YORK,,False,,,,2026-07-10
15903,,FIRST STATE BANK,ROGERS,,False,,,,2026-07-10
15905,,GUARANTY BANK,DALLAS,,False,,,,2026-07-10
15909,,THE FIRST STATE BANK,ROCKWALL,,False,,,,2026-07-10
15912,626101,Ives Bank,Danbury,CT,True,1694155,0,1849-06-26,2026-07-10
15919,,BOWERY SAVINGS BANK,NEW YORK,,False,,,,2026-07-10
15931,,MECHANICS SAVINGS BANK,ELMIRA,,False,,,,2026-07-10
15932,898627,The Citizens Bank,Olanta,SC,True,1164386,0,1938-09-24,2026-07-10
15933,,CITIZENS BANK,TILLAR,,False,,,,2026-07-10
15937,,UNITED MUTUAL SAVINGS BANK,NEW YORK,,False,,,,2026-07-10
15951,,PROVIDENT BANK OF MARYLAND,BALTIMORE,MD,,6191049,,,2026-07-10
15952,,BANKEAST,MANCHESTER,,False,,,,2026-07-10
15953,84541,Guaranty Bank and Trust Company,Belzoni,MS,True,3011349,0,1943-05-17,2026-07-10
15955,,AUBURN SAVINGS BANK,AUBURN,,False,,,,2026-07-10
15963,,GOLDOME,BUFFALO,,False,,,,2026-07-10
15970,301800,Ulster Savings Bank,Kingston,NY,True,1371883,0,1851-04-13,2026-07-10
15979,,THE UNION SAVINGS BANK,PATCHOGUE,,False,,,,2026-07-10
15990,,WATERTOWN SAVINGS BANK,WATERTOWN,NY,,1012808,,,2026-07-10
15995,,PCSB BANK,BREWSTER,NY,,2100952,,,2026-07-10
15997,,THE WESTERN NEW YORK SAVINGS BK,BUFFALO,,False,,,,2026-07-10
16004,,FIRST NIAGARA BANK NA,BUFFALO,NY,,32925808,,,2026-07-10
16012,,DIME COMMUNITY BANK,BROOKLYN,NY,,6775780,,,2026-07-10
16013,,"CROSSLAND SAVINGS BANK, FSB",BROOKLYN,,False,,,,2026-07-10
16017,,AMERICAN SAVINGS BANK,WHITE PLAINS,,False,,,,2026-07-10
16022,,NEW YORK COMMUNITY BANK,HICKSVILLE,NY,,62909410,,,2026-07-10
16026,859712,Ridgewood Savings Bank,Ridgewood,NY,True,7540183,0,1921-06-18,2026-07-10
16032,195111,Rhinebeck Bank,Rhinebeck,NY,True,1284609,0,1860-04-12,2026-07-10
16033,,RIVERHEAD SAVINGS BANK,RIVERHEAD,,False,,,,2026-07-10
16036,,"MONROE SAVINGS BANK, FSB",ROCHESTER,,False,,,,2026-07-10
16043,,SYRACUSE SAVINGS BANK,SYRACUSE,,False,,,,2026-07-10
16049,,FLUSHING SAVINGS BANK FSB,FLUSHING,NY,,4452428,,,2026-07-10
16051,,UNION DIME SAVINGS BANK,NEW YORK,,False,,,,2026-07-10
16064,,CENTRAL SAVINGS BANK,NEW YORK,,False,,,,2026-07-10
16065,,DRY DOCK SAVINGS BANK,NEW YORK,,False,,,,2026-07-10
16067,,GREENWICH SAVINGS BANK,NEW YORK,,False,,,,2026-07-10
16068,249612,Apple Bank,New York,NY,True,19231898,0,1863-04-17,2026-07-10
16070,,"THE SEAMEN'S BANK OF SAVINGS, FS",NEW YORK,,False,,,,2026-07-10
16074,,HOME SAVINGS BANK,WHITE PLAINS,,False,,,,2026-07-10
16077,,GALENA PARK STATE BANK,GALENA PARK,,False,,,,2026-07-10
16084,,CARDWELL STATE BANK,CARDWELL,,False,,,,2026-07-10
16089,,FIRST SUBURBAN NATIONAL BANK,MAYWOOD,,False,,,,2026-07-10
16098,,PEOPLES STATE BANK,TURKEY,,False,,,,2026-07-10
16108,,FIRST NATIONAL BANK OF GRAND SALINE,GRAND SALINE,,False,,,,2026-07-10
16130,114260,First National Bank Alaska,Anchorage,AK,True,5083974,12072,1922-01-30,2026-07-10
16131,,INDUSTRIAL BANK,HOUSTON,,False,,,,2026-07-10
16133,,"MARSHALL BANK, NATIONAL ASSOCIATION",HALLOCK,,False,,,,2026-07-10
16146,,THE HOWARD SAVINGS BANK,NEWARK,,False,,,,2026-07-10
16148,,ORANGE SAVINGS BANK,LIVINGSTON,,False,,,,2026-07-10
16160,290249,Waukesha State Bank,Waukesha,WI,True,1633576,0,1944-06-15,2026-07-10
16175,,WEST ALABAMA BANK&TRUST,REFORM,AL,,1001455,,,2026-07-10
16191,651859,Stockman Bank of Montana,Miles City,MT,True,7678230,0,1944-01-01,2026-07-10
16209,,TEXAS AMERICAN BANK/LEVELLAND,LEVELLAND,,False,,,,2026-07-10
16214,,ELM CREEK STATE BANK,ELM CREEK,,False,,,,2026-07-10
16216,677644,The Farmers & Merchants Bank,Stuttgart,AR,True,1991136,0,1945-01-02,2026-07-10
16219,,NORTHSIDE BANK,SAN ANTONIO,,False,,,,2026-07-10
16240,,JASPER BANKING COMPANY,JASPER,,False,,,,2026-07-10
16248,,INWOOD STATE BANK,INWOOD,,False,,,,2026-07-10
16250,716833,Marquette Bank,Chicago,IL,True,2125608,0,1945-05-12,2026-07-10
16254,,"MBANK ODESSA, NATIONAL ASSOC",ODESSA,,False,,,,2026-07-10
16255,,FIRST STATE BANK OF ELGIN,ELGIN,,False,,,,2026-07-10
16265,998844,Peoples Bank,Rock Valley,IA,True,1221907,0,1945-06-01,2026-07-10
16290,,PRAIRIE COUNTY BANK,HAZEN,,False,,,,2026-07-10
16291,,FIRST STATE BANK OF FOREST CITY,FOREST CITY,,False,,,,2026-07-10
16294,,TONEY BROTHERS BANK,DOERUN,,False,,,,2026-07-10
16335,,JEFFERSON BANK & TRUST,LAKEWOOD,,False,,,,2026-07-10
16342,,THE FARMERS STATE BANK,LYMAN,,False,,,,2026-07-10
16345,,"TEXAS AMERICAN BANK/DALLAS, NA",DALLAS,,False,,,,2026-07-10
16351,,FIRST NATIONAL BANK IN BOGATA,BOGATA,,False,,,,2026-07-10
16353,,MC ALLEN STATE BANK,MC ALLEN,,False,,,,2026-07-10
16357,,MOREAUVILLE STATE BANK,MOREAUVILLE,,False,,,,2026-07-10
16363,1013744,Capra Bank,Dubuque,IA,True,1233361,0,1946-01-21,2026-07-10
16374,,MERCHANTS STATE BANK,DALLAS,,False,,,,2026-07-10
16377,,KEMPTON STATE BANK,KEMPTON,,False,,,,2026-07-10
16382,,FIRST STATE BANK & TRUST COMPANY,EDINBURG,,False,,,,2026-07-10
16389,589523,Bank of Travelers Rest,Travelers Rest,SC,True,1602060,0,1946-03-10,2026-07-10
16390,,F&M BANK&TRUST CO,TULSA,OK,,2413661,,,2026-07-10
16392,,AMERICAN BANK & TRUST COMPANY,BATON ROUGE,,False,,,,2026-07-10
16400,,IAB FINANCIAL BANK,FORT WAYNE,IN,,1086554,,,2026-07-10
16402,1016259,The Bennington State Bank,Salina,KS,True,1249914,0,1884-01-01,2026-07-10
16403,,THE GUARANTY BANK & TRUST COMPANY,CHICAGO,,False,,,,2026-07-10
16418,88231,BankSouth,Greensboro,GA,True,1617776,713480,1946-04-10,2026-07-10
16428,,CITIZENS NATIONAL BANK AND TRUST,CHICAGO,,False,,,,2026-07-10
16431,,FRONTIER BANK,LAGRANGE,,False,,,,2026-07-10
16445,,THE FARMERS BANK & TRUST OF CHENEYVILLE,CHENEYVILLE,,False,,,,2026-07-10
16449,,CROFTON STATE BANK,CROFTON,,False,,,,2026-07-10
16450,416245,Busey Bank,Champaign,IL,True,18012163,0,1946-07-08,2026-07-10
16457,,UNIVERSITY NATIONAL BANK OF COLLEGE STATIO,COLLEGE STATION,,False,,,,2026-07-10
16470,45560,Jefferson Bank,San Antonio,TX,True,2794851,0,1946-08-12,2026-07-10
16476,,ACCESS BANK,CHAMPLIN,,False,,,,2026-07-10
16480,,FIRST NATIONAL BANK OF GEORGIA,CARROLLTON,,False,,,,2026-07-10
16489,,PORT CITY BANK,HOUSTON,,False,,,,2026-07-10
16490,,THE COMMUNITY BANK,LOGANVILLE,,False,,,,2026-07-10
16500,,CORN BELT BANK AND TRUST COMPANY,PITTSFIELD,,False,,,,2026-07-10
16501,344647,"First Bankers Trust Company, National Association",Quincy,IL,True,1237837,14564,1946-10-23,2026-07-10
16512,,LAFAYETTE B&T CO NA,LAFAYETTE,IN,,1144387,,,2026-07-10
16524,,"FIRST CITY, TEXAS - LAKE JACKSON",LAKE JACKSON,,False,,,,2026-07-10
16531,,BANK OF VERDIGRE & TRUST COMPANY,VERDIGRE,,False,,,,2026-07-10
16543,,"FIRST CITY, TEXAS - GRAND PRAIRIE",GRAND PRAIRIE,,False,,,,2026-07-10
16544,,LIBERTY NATIONAL BANK,LOVINGTON,,False,,,,2026-07-10
16546,980531,JD Bank,Jennings,LA,True,1259278,0,1947-03-12,2026-07-10
16553,439356,Elkhorn Valley Bank & Trust,Norfolk,NE,True,1436345,0,1943-07-06,2026-07-10
16554,,STATE BANK OF JANSEN,JANSEN,,False,,,,2026-07-10
16556,,PEOPLES BANKING COMPANY,BOSTON,,False,,,,2026-07-10
16558,,MOUNT PLEASANT BK & TR COMPANY,MOUNT PLEASANT,,False,,,,2026-07-10
16560,,"FIRST CITY, TEXAS - EL PASO, NA",EL PASO,,False,,,,2026-07-10
16571,75633,BMO Bank National Association,Chicago,IL,True,251964731,14583,1947-05-17,2026-07-10
16573,,FARMERS SAVINGS BANK,MASSENA,,False,,,,2026-07-10
16579,,FIRST GUARANTY BANK AND TRUST COMPANY OF JACKSONVILLE,JACKSONVILLE,,False,,,,2026-07-10
16582,,THE SYLVIA STATE BANK,SYLVIA,,False,,,,2026-07-10
16604,539032,Bank Independent,Sheffield,AL,True,2950523,0,1947-08-02,2026-07-10
16605,,THE FIRST STATE BANK,FRISCO,,False,,,,2026-07-10
16606,,STANDARD BANK&TRUST CO,HICKORY HILLS,IL,,2326795,,,2026-07-10
16614,,THE DOUGLASS STATE BANK,KANSAS CITY,,False,,,,2026-07-10
16616,,BANK OF MABANK,MABANK,,False,,,,2026-07-10
16617,,BANK OF IRON COUNTY,PAROWAN,,False,,,,2026-07-10
16636,,TORRINGTON SAVINGS BANK,TORRINGTON,CT,,1013850,,,2026-07-10
16646,,STATE BANK OF BOYD,BOYD,,False,,,,2026-07-10
16654,,EAST TEXAS BK & TR CO.,LONGVIEW,,False,,,,2026-07-10
16658,,BANCTEXAS HOUSTON,HOUSTON,,False,,,,2026-07-10
16664,285740,The Paducah Bank and Trust Company,Paducah,KY,True,1015616,0,1948-01-24,2026-07-10
16683,,FIRST NATIONAL BANK OF BORGER,BORGER,,False,,,,2026-07-10
16684,,TODD COUNTY STATE BANK,LONG PRAIRIE,,False,,,,2026-07-10
16698,,CITIZENS NATIONAL BANK & TRUST CO,OKLAHOMA CITY,,False,,,,2026-07-10
16701,,AMERICAN STATE BANK,LUBBOCK,TX,,3153815,,,2026-07-10
16730,,AMERICAN MARINE BANK,BAINBRIDGE ISLAND,,False,,,,2026-07-10
16732,,FARMERS STATE BANK,SARGENT,,False,,,,2026-07-10
16740,,FIRST NATIONAL BANK OF TIPTON,TIPTON,,False,,,,2026-07-10
16748,,FIRST CITY BANK OF FLORIDA,FORT WALTON BEACH,,False,,,,2026-07-10
16751,,THE FIRST STATE BANK,ABILENE,,False,,,,2026-07-10
16753,261360,Citizens State Bank,Somerville,TX,True,1214543,0,1925-06-01,2026-07-10
16798,,"MONCOR BANK, N.A.",HOBBS,,False,,,,2026-07-10
16799,,NEWBRIDGE BANK,GREENSBORO,NC,,2807738,,,2026-07-10
16800,,THE EASTON STATE BANK,ESTON,,False,,,,2026-07-10
16810,455552,Farmers and Merchants Bank,Milford,NE,True,1040772,0,1949-07-05,2026-07-10
16816,,CITIZENS NATIONAL BANK OF WALNUT RIDGE,WALNUT RIDGE,,False,,,,2026-07-10
16835,664756,Prosperity Bank,El Campo,TX,True,43608962,0,1949-09-13,2026-07-10
16837,,COMMERCIAL STATE BANK,HOUSTON,,False,,,,2026-07-10
16839,,THE STERLINGTON BANK,STERLINGTON,,False,,,,2026-07-10
16848,,MIAMI VALLEY BANK,LAKEVIEW,,False,,,,2026-07-10
16849,466240,First Arkansas Bank and Trust,Jacksonville,AR,True,1150445,0,1949-11-05,2026-07-10
16856,,SWEENEY BANK,SWEENEY,,False,,,,2026-07-10
16861,,THE HOME STATE BANK,LA CROSSE,,False,,,,2026-07-10
16875,,BANCO CREDITO Y DE AHORRO PONCENO,PONCE,,False,,,,2026-07-10
16878,,BANCO ECONOMIAS,SAN GERMAN,,False,,,,2026-07-10
16889,1017939,United Community Bank,Greenville,SC,True,28114413,0,1950-03-01,2026-07-10
16927,,DURHAM TRUST COMPANY,DURHAM,,False,,,,2026-07-10
16943,,UNION COUNTY BANK,MAYNARDVILLE,,False,,,,2026-07-10
16944,,SOUTHEAST BANK OF WEST FLORIDA,PENSACOLA,,False,,,,2026-07-10
16946,,UNION NAT BK OF CHICAGO,CHICAGO,,False,,,,2026-07-10
16958,302656,Minnwest Bank,Redwood Falls,MN,True,2965084,0,1941-05-19,2026-07-10
16965,,MERCHANTS TRUST & SAVINGS BANK,KENNER,,False,,,,2026-07-10
16966,,MIDDLE PARK BANK,GRANBY,,False,,,,2026-07-10
16969,,CALLAO COMMUNITY BANK,CALLAO,,False,,,,2026-07-10
16977,,EASTLAND SAVINGS BANK,WOONSOCKET,,False,,,,2026-07-10
16980,255659,Bank of Colorado,Fort Collins,CO,True,7560233,0,1900-01-01,2026-07-10
16982,930442,Bank of Pontiac,Pontiac,IL,True,1199826,0,1947-09-06,2026-07-10
16991,,ONEIDA BK & TR CO.,ONEIDA,,False,,,,2026-07-10
17020,,FIRST STATE BANK,DEANVILLE,,False,,,,2026-07-10
17036,,THE MISSISSIPPI BANK,JACKSON,,False,,,,2026-07-10
17048,,THE BANK MART,BRIDGEPORT,,False,,,,2026-07-10
17063,,CITIZENS STATE BANK,EARTH,,False,,,,2026-07-10
17077,259330,First US Bank,Birmingham,AL,True,1165282,0,1952-01-21,2026-07-10
17085,,GUARANTY-FIRST TRUST COMPANY,WALTHAM,,False,,,,2026-07-10
17093,,FIRST NB OF SOUTH MIAMI,SOUTH MIAMI,FL,,1002082,,,2026-07-10
17112,,UNION BANK & TRUST COMPANY,OKLAHOMA CITY,,False,,,,2026-07-10
17115,111205,Partners Bank of New England,Sanford,ME,True,1072343,0,1933-11-01,2026-07-10
17118,,AMERICAN BANK OF HALTOM CITY,HALTOM CITY,,False,,,,2026-07-10
17133,,"FIRST CITY, TEXAS - ARLINGTON",ARLINGTON,,False,,,,2026-07-10
17153,,COMMUNITY STATE BANK,WHITING,,False,,,,2026-07-10
17159,933975,Bank of Utah,Ogden,UT,True,3725841,0,1952-02-05,2026-07-10
17163,,BIWABIK STATE BANK,BIWABIK,,False,,,,2026-07-10
17178,,AMOSKEAG BANK,MANCHESTER,,False,,,,2026-07-10
17180,576608,Meredith Village Savings Bank,Meredith,NH,True,1622674,0,1869-01-01,2026-07-10
17189,,IONA SAVINGS BANK,TILTON,,False,,,,2026-07-10
17198,,UTICA NATIONAL BANK & TRUST COMP,TULSA,,False,,,,2026-07-10
17200,,VICTORY STATE BANK,COLUMBIA,,False,,,,2026-07-10
17211,856748,The Citizens Bank,Batesville,AR,True,1574662,0,1953-04-24,2026-07-10
17220,,THE NATIONAL BANK OF BOSSIER CITY,BOSSIER CITY,,False,,,,2026-07-10
17233,,FIRST BANK&TRUST EAST TEXAS,DIBOLL,TX,,1005080,,,2026-07-10
17237,,"NUMERICA SAVINGS BANK, FSB",MANCHESTER,,False,,,,2026-07-10
17240,,CHERRY CREEK NATIONAL BANK,DENVER,,False,,,,2026-07-10
17266,143662,Columbia Bank,Roseburg,OR,True,66011146,0,1953-11-09,2026-07-10
17267,,BOULEVARD STATE BANK,WICHITA,,False,,,,2026-07-10
17281,63069,City National Bank,Los Angeles,CA,True,99947369,14695,1953-12-04,2026-07-10
17293,,CENTURY BANK,TULSA,,False,,,,2026-07-10
17299,,"FIRST CITY, TEXAS - KOUNTZE, NA",KOUNTZE,,False,,,,2026-07-10
17308,701062,Central Pacific Bank,Honolulu,HI,True,7489639,0,1954-02-15,2026-07-10
17309,,BANK OF LINCOLNWOOD,LINCOLNWOOD,,False,,,,2026-07-10
17310,,FIRST CITIZENS BANK,DALLAS,,False,,,,2026-07-10
17323,707354,First State Community Bank,Farmington,MO,True,4512330,0,1954-05-11,2026-07-10
17326,,CITIZENS BANK,HOUSTON,,False,,,,2026-07-10
17334,,FIRST INTERSTATE BANK OF ALASKA,ANCHORAGE,,False,,,,2026-07-10
17343,,"FIRST CITY, TEXAS - ALICE, NA",ALICE,,False,,,,2026-07-10
17376,,THE FIRST STATE BANK OF JENNINGS,JENNINGS,,False,,,,2026-07-10
17377,,THE FARMERS STATE BANK,PROTECTION,,False,,,,2026-07-10
17382,,THE BENTON STATE BANK,BENTON,,False,,,,2026-07-10
17393,37640,German American Bank,Jasper,IN,True,8371107,0,1910-11-10,2026-07-10
17405,,102 VALLEY BANK,HOPKINS,,False,,,,2026-07-10
17421,,"TEXAS AMERICAN BANK/MIDLAND, NA",MIDLAND,,False,,,,2026-07-10
17422,,FIRST REPUBLICBANK-JEFFERSON COUNTY,BEAUMONT,,False,,,,2026-07-10
17428,,THE BREMEN STATE BANK,BREMEN,,False,,,,2026-07-10
17436,,KATY NATIONAL BANK,KATY,,False,,,,2026-07-10
17437,256553,Dacotah Bank,Aberdeen,SD,True,4867664,0,1955-04-30,2026-07-10
17438,413141,First National Bank of America,East Lansing,MI,True,6762755,14740,1955-05-06,2026-07-10
17439,,SECURITY STATE BANK,CASEY,,False,,,,2026-07-10
17442,,CAPITAL BANK & TRUST CO.,BATON ROUGE,,False,,,,2026-07-10
17466,,STATE BANK OF ALEXANDRIA,ALEXANDRIA,,False,,,,2026-07-10
17470,804338,First Bank Chicago,Highland Park,IL,True,2161369,0,1955-07-16,2026-07-10
17475,,LATIMER BANK & TRUST,LATIMER,,False,,,,2026-07-10
17478,536554,FirsTier Bank,Kimball,NE,True,1114807,0,1955-07-15,2026-07-10
17482,,GUARANTY BANK&TRUST CO,DENVER,CO,,3768196,,,2026-07-10
17484,,COMMERCE BANK&TRUST CO,WORCESTER,MA,,1828592,,,2026-07-10
17491,637451,PlainsCapital Bank,University Park,TX,True,12440134,0,1955-09-15,2026-07-10
17492,,FIRST REPUBLICBANK-VICTORIA,VICTORIA,,False,,,,2026-07-10
17493,,ALASKA NATIONAL BANK OF THE NORTH,FAIRBANKS,,False,,,,2026-07-10
17509,191935,First State Bank,Key West,FL,True,1188143,0,1955-10-29,2026-07-10
17510,,FIRST STATE BANK OF BOVINA,BOVINA,,False,,,,2026-07-10
17514,502849,Banterra Bank,Marion,IL,True,3260267,0,1955-11-26,2026-07-10
17522,,ST. STEPHEN STATE BANK,ST. STEPHEN,,False,,,,2026-07-10
17532,,AMERICAN BANK & TRUST COMPANY,LAFAYETTE,,False,,,,2026-07-10
17534,280110,KeyBank National Association,Cleveland,OH,True,185983433,14761,1849-01-01,2026-07-10
17537,,LOUISIANA BANK & TRUST COMPANY,SHREVEPORT,,False,,,,2026-07-10
17557,,FIRST NATIONAL BANK OF CRESTVIEW,CRESTVIEW,,False,,,,2026-07-10
17599,,PALOS BANK AND TRUST COMPANY,PALOS HEIGHTS,,False,,,,2026-07-10
17612,31255,Central Bank,Houston,TX,True,1347254,0,1956-05-31,2026-07-10
17614,482156,Farmers Bank & Trust,Great Bend,KS,True,1048648,0,1907-08-01,2026-07-10
17615,,THE CITIZENS STATE BANK,VIOLA,,False,,,,2026-07-10
17616,,FIRST STATE BANK,WHITE CLOUD,,False,,,,2026-07-10
17633,,CENTRAL BANK OF THE OZARKS,SPRINGFIELD,MO,,1922676,,,2026-07-10
17653,,"THE MAYFIELD STATE BANK, MAYFIELD",MAYFIELD,,False,,,,2026-07-10
17654,,FIRST NATIONAL BANK IN CENTER,CENTER,,False,,,,2026-07-10
17658,289702,Norway Savings Bank,Norway,ME,True,2080808,0,1866-01-01,2026-07-10
17665,,MIAMI NATIONAL BANK,MIAMI,,False,,,,2026-07-10
17681,,THE BANK OF HORTON,HORTON,,False,,,,2026-07-10
17700,,THE FARMERS STATE BANK,SELDEN,,False,,,,2026-07-10
17710,,GATEWAY NATIONAL BANK,CHICAGO,,False,,,,2026-07-10
17716,,THE BOWIE COUNTY STATE BANK,HOOKS,,False,,,,2026-07-10
17719,,THE FARMERS AND MERCHANTS STATE BANK OF ARGONIA,ARGONIA,,False,,,,2026-07-10
17721,,MAINE SAVINGS BANK,PORTLAND,,False,,,,2026-07-10
17726,,THE HOME STATE BANK,RUSSELL,,False,,,,2026-07-10
17735,1011526,City National Bank of West Virginia,Charleston,WV,True,6741168,14807,1957-04-01,2026-07-10
17741,499501,Maine Community Bank,Portland,ME,True,2894748,0,1867-07-27,2026-07-10
17743,339607,Saco & Biddeford Savings Institution,Saco,ME,True,1456967,0,1827-02-21,2026-07-10
17748,,GORHAM SAVINGS BANK,GORHAM,ME,,1608101,,,2026-07-10
17749,433505,Bath Savings Institution,Bath,ME,True,1499837,0,1852-04-19,2026-07-10
17750,,SUPERIOR BANK,BIRMINGHAM,AL,False,2977290,,,2026-07-10
17751,132107,Androscoggin Savings Bank,Lewiston,ME,True,1779609,0,1870-01-01,2026-07-10
17762,,THE ROCHELLE BK & TR CO.,ROCHELLE,,False,,,,2026-07-10
17764,876700,Centreville Bank,West Warwick,RI,True,3051213,0,1888-01-01,2026-07-10
17778,,VANGUARD SAVINGS BANK,HOLYOKE,,False,,,,2026-07-10
17792,,BC NATIONAL BANKS,BUTLER,,False,,,,2026-07-10
17795,,FIRST MUTUAL BANK FOR SAVINGS,BOSTON,,False,,,,2026-07-10
17798,782306,Beacon Bank and Trust,Brookline,MA,True,22181187,0,1871-01-01,2026-07-10
17806,,"UNITED CITIZENS BANK, NATIONAL ASSOC",COLLEGE STATION,,False,,,,2026-07-10
17809,,CITIZENS BANK,CORVALLIS,OR,,1095490,,,2026-07-10
17815,,FIRST COMMERCE BK OF HAWKINS CTY,ROGERSVILLE,,False,,,,2026-07-10
17822,,CENTRAL BANK,MERIDEN,,False,,,,2026-07-10
17833,,THE STEELE STATE BANK,CHEROKEE,,False,,,,2026-07-10
17837,,WILLIAMSBURG FIRST NATIONAL BANK,KINGSTREE,,False,,,,2026-07-10
17838,437914,"Wilmington Savings Fund Society, FSB",Wilmington,DE,True,22016606,707938,1832-02-18,2026-07-10
17842,949154,Texas Bank and Trust Company,Longview,TX,True,4461113,0,1958-03-04,2026-07-10
17850,,LOCKHART STATE BANK,LOCKHART,,False,,,,2026-07-10
17852,,WESTERN BANK-WESTHEIMER,HOUSTON,,False,,,,2026-07-10
17861,,NORTH SIDE STATE BANK,TULSA,,False,,,,2026-07-10
17870,758703,Cambridge Savings Bank,Cambridge,MA,True,6912673,0,1834-04-02,2026-07-10
17879,,"BANK MERIDIAN, NATIONAL ASSOCIATION",HAMPTON,,False,,,,2026-07-10
17888,,YANKEE BANK FOR FINANCE & SAVING,BOSTON,,False,,,,2026-07-10
17897,583905,Kennebec Savings Bank,Augusta,ME,True,1828069,0,1870-03-19,2026-07-10
17902,,NORTHEAST BANK OF HOUSTON,HOUSTON,,False,,,,2026-07-10
17910,,MORRIS BANK,DUBLIN,GA,,1598703,,,2026-07-10
17911,,"FIRST CITY, TEXAS - EAST DALLAS",DALLAS,,False,,,,2026-07-10
17918,,TRI-CITY BANK,WARREN,,False,,,,2026-07-10
17943,587800,Liberty Bank,Middletown,CT,True,9017093,0,1825-05-15,2026-07-10
17947,,FARMERS STATE BANK,HART,,False,,,,2026-07-10
17952,,CHAS. SCHREINER BANK,KERRVILLE,,False,,,,2026-07-10
17957,,NATIONAL BK OF ODESSA,ODESSA,,False,,,,2026-07-10
17960,74403,Merrimack County Savings Bank,Concord,NH,True,1390762,0,1867-01-01,2026-07-10
17962,,ESKRIDGE STATE BANK,ESKRIDGE,,False,,,,2026-07-10
17963,,BANKCENTRAL AMARILLO,AMARILLO,,False,,,,2026-07-10
17964,656470,State Bank of Southern Utah,Cedar City,UT,True,2669355,0,1957-11-25,2026-07-10
17967,,THE  BANK OF UNION,EL RENO,,False,,,,2026-07-10
17985,980661,First Hawaiian Bank,Honolulu,HI,True,24266808,0,1858-01-01,2026-07-10
18002,,FIRST AMERICAN BANK AND TRUST,NORTH PALM BEACH,,False,,,,2026-07-10
18012,265407,Bank of New Hampshire,Laconia,NH,True,2811973,0,1831-07-02,2026-07-10
18013,268006,Mascoma Bank,Lebanon,NH,True,2995084,0,1899-01-01,2026-07-10
18053,795968,Bank of Hawaii,Honolulu,HI,True,23875947,0,1897-01-01,2026-07-10
18059,324863,The Bank of Commerce,Ammon,ID,True,2255917,0,1959-08-01,2026-07-10
18066,,SEACOAST SAVINGS BANK,DOVER,,False,,,,2026-07-10
18070,,"TEXAS AMERICAN BANK/AUSTIN, NA",AUSTIN,,False,,,,2026-07-10
18079,,"FIRST CITY, TEXAS - GATEWAY",BEAUMONT,,False,,,,2026-07-10
18088,,BANK OF NORTH AMERICA,HOUSTON,,False,,,,2026-07-10
18093,,THE CITIZENS ST BANK OF MCCRACKEN,MCCRACKEN,,False,,,,2026-07-10
18100,361055,CoreFirst Bank & Trust,Topeka,KS,True,1320825,0,1959-11-30,2026-07-10
18110,,COVE STATE BANK,COPPERAS COVE,,False,,,,2026-07-10
18112,,FIRST CONTINENTAL BANK & TRUST COMPANY OF,DEL CITY,,False,,,,2026-07-10
18113,,NEVADA STATE BANK,LAS VEGAS,NV,,4340636,,,2026-07-10
18117,,MIDWEST BANK&TRUST CO,ELMWOOD PARK,IL,False,3172915,,,2026-07-10
18129,546003,BankNewport,Middletown,RI,True,3068942,0,1819-01-01,2026-07-10
18144,,"MBANK ORANGE, NATIONAL ASSOC",ORANGE,,False,,,,2026-07-10
18147,,PEOPLES NB OF COMMERCE,MIAMI,,False,,,,2026-07-10
18149,,HARBOR COMMUNITY BANK,FORT PIERCE,FL,,2180293,,,2026-07-10
18151,,"FIRST CITY, TEXAS - CENTRAL",BEAUMONT,,False,,,,2026-07-10
18153,,"PENN SQUARE BANK, N.A.",OKLAHOMA CITY,,False,,,,2026-07-10
18167,,MERCANTILE BANK & TRUST,SAN ANTONIO,,False,,,,2026-07-10
18169,,SANTA BARBARA B&T NA,SANTA BARBARA,CA,,5989186,,,2026-07-10
18183,,MERCHANTS MARINE BANK,PORT ISABEL,,False,,,,2026-07-10
18185,738769,Community National Bank & Trust of Texas,Corsicana,TX,True,1676292,14898,1934-01-01,2026-07-10
18190,443205,Union Savings Bank,Danbury,CT,True,3302130,0,1866-07-01,2026-07-10
18194,831008,Ascend Bank,Guilford,CT,True,1473506,0,1875-12-06,2026-07-10
18198,407506,Ion Bank,Naugatuck,CT,True,2769160,0,1870-01-01,2026-07-10
18199,507509,Newtown Savings Bank,Newtown,CT,True,1925047,0,1855-10-01,2026-07-10
18200,311603,Dime Bank,Norwich,CT,True,1220818,0,1869-01-01,2026-07-10
18203,,UNITED BANK,HARTFORD,CT,,7184258,,,2026-07-10
18204,958204,First County Bank,Stamford,CT,True,2359213,0,1851-06-20,2026-07-10
18208,,FARMINGTON BANK,FARMINGTON,CT,,3240889,,,2026-07-10
18213,882701,Fairfield County Bank,Ridgefield,CT,True,1887262,0,1871-05-14,2026-07-10
18214,,SAVINGS INSTITUTE B&T CO,WILLIMANTIC,CT,,1682127,,,2026-07-10
18220,,TARRANT BANK,FORT WORTH,,False,,,,2026-07-10
18221,761806,"Webster Bank, National Association",Stamford,CT,True,85527350,24469,1870-01-01,2026-07-10
18229,545604,Northwest Community Bank,Winsted,CT,True,1234701,0,1875-07-15,2026-07-10
18236,,THE BROOKLYN SAVINGS BANK,DANIELSON,,False,,,,2026-07-10
18238,345309,Chelsea Groton Bank,Groton,CT,True,1737451,0,1854-01-01,2026-07-10
18239,,CONNECTICUT SAVINGS BANK,NEW HAVEN,,False,,,,2026-07-10
18242,,SUFFIELD BANK,SUFFIELD,,False,,,,2026-07-10
18243,,FIRSTCITY BANK,STOCKBRIDGE,,False,,,,2026-07-10
18245,,BURRITT INTERFINANCIAL BANCORPORATION,NEW BRITAIN,,False,,,,2026-07-10
18250,,"UNITED BANK OF WACO, NATIONAL ASSOC",WACO,,False,,,,2026-07-10
18254,,SHARPSTOWN STATE BANK,HOUSTON,,False,,,,2026-07-10
18256,,MECHANICS AND FARMERS SAVINGS BANK,BRIDGEPORT,,False,,,,2026-07-10
18257,,NEW ENGLAND SAVINGS BANK,NEW LONDON,,False,,,,2026-07-10
18258,120609,Thomaston Savings Bank,Thomaston,CT,True,1907111,0,1874-10-01,2026-07-10
18261,,NEWALLIANCE BANK,NEW HAVEN,CT,,9033198,,,2026-07-10
18265,,ERICSON STATE BANK,ERICSON,,False,,,,2026-07-10
18266,900306,Northern Bank & Trust Company,Woburn,MA,True,3267182,0,1960-02-25,2026-07-10
18272,790543,Community State Bank,Ankeny,IA,True,1740134,0,1960-07-15,2026-07-10
18279,,BANK OF BRAZORIA,BRAZORIA,,False,,,,2026-07-10
18290,,CAPITOL BANK & TRUST,OKLAHOMA CITY,,False,,,,2026-07-10
18297,361167,Southside Bank,Tyler,TX,True,8797882,0,1960-10-03,2026-07-10
18298,,LOUISIANA BANK & TRUST COMPANY,CROWLEY,,False,,,,2026-07-10
18299,,COLES COUNTY NATIONAL BANK OF CHARLESTON,CHARLESTON,,False,,,,2026-07-10
18307,,"TEXAS AMERICAN BANK/GALLERIA, NA",HOUSTON,,False,,,,2026-07-10
18316,,BIRMINGHAM-BLOOMFIELD BANK,BIRMINGHAM,,False,,,,2026-07-10
18317,,COOLIDGE BANK AND TRUST COMPANY,BOSTON,,False,,,,2026-07-10
18318,,"BANCTEXAS RICHARDSON, N.A.",RICHARDSON,,False,,,,2026-07-10
18321,,BANK OF ELMWOOD,RACINE,,False,,,,2026-07-10
18332,,COMMERCIAL BANK AND TRUST COMPANY,LOWELL,,False,,,,2026-07-10
18338,,SOUTHWEST BANK,JENNINGS,,False,,,,2026-07-10
18351,,TEXAS BANK,SAN ANTONIO,,False,,,,2026-07-10
18355,490450,North Dallas Bank & Trust Co.,Dallas,TX,True,1880365,0,1961-03-20,2026-07-10
18360,,CLIMBING HILL SAVINGS BANK,CLIMBING HILL,,False,,,,2026-07-10
18363,,ALASKA STATEBANK,ANCHORAGE,,False,,,,2026-07-10
18365,,SURETY BANK AND TRUST COMPANY,WAKEFIELD,,False,,,,2026-07-10
18372,,TEXAS AMERICAN BANK/WICHITA FALLS,WICHITA FALLS,,False,,,,2026-07-10
18373,,THE DES PLAINES BANK,DES PLAINES,,False,,,,2026-07-10
18374,319551,Security State Bank,Scott City,KS,True,1008157,0,1961-04-21,2026-07-10
18377,,GRAETTINGER STATE BANK,GRAETTINGER,,False,,,,2026-07-10
18388,,FAIRFIELD STATE BANK,FAIRFIELD,,False,,,,2026-07-10
18390,,FOUNDERS BANK,WORTH,,False,,,,2026-07-10
18392,,TEXAS AMERICAN BANK/DUNCANVILLE,DUNCANVILLE,,False,,,,2026-07-10
18402,890742,Blackhawk Bank & Trust,Milan,IL,True,1955338,0,1961-06-28,2026-07-10
18408,419406,Bangor Savings Bank,Bangor,ME,True,7422800,0,1852-02-14,2026-07-10
18409,497404,"TD Bank, National Association",Wilmington,DE,True,345610767,24096,1852-01-01,2026-07-10
18412,,WHIDBEY ISLAND BANK,COUPEVILLE,WA,,1684640,,,2026-07-10
18429,825146,Morton Community Bank,Morton,IL,True,5281633,0,1961-08-26,2026-07-10
18436,,"FIRST CITY, TEXAS - FARMERS BRANCH",FARMERS BRANCH,,False,,,,2026-07-10
18440,,BREAUX BRIDGE BANK & TRUST COMPANY,BREAUX BRIDGE,,False,,,,2026-07-10
18462,,ALLIANCE BANK,ANCHORAGE,,False,,,,2026-07-10
18467,,SALISBURY BANK&TRUST CO,LAKEVILLE,CT,,1558336,,,2026-07-10
18470,,FIRST STATE BANK OF NORTHERN CALIFORNIA,SAN LEANDRO,,False,,,,2026-07-10
18489,463650,Adams Bank & Trust,Ogallala,NE,True,1328835,0,1962-02-26,2026-07-10
18495,,BANK OF DALLAS,DALLAS,,False,,,,2026-07-10
18503,595869,Cathay Bank,Los Angeles,CA,True,24035136,0,1962-04-19,2026-07-10
18505,,TRI-STATE BANK,MARKHAM,,False,,,,2026-07-10
18506,,CITIZENS STATE BANK,MAUD,,False,,,,2026-07-10
18509,,WEST SUBURBAN BANK,LOMBARD,IL,,2901235,,,2026-07-10
18510,,THE GUARANTY BK OF SAINT PAUL,ST. PAUL,,False,,,,2026-07-10
18512,,SECURITY BANK OF BOULDER,BOULDER,,False,,,,2026-07-10
18527,,UNITED OF AMERICA BANK,CHICAGO,,False,,,,2026-07-10
18534,,FIRST NATIONAL BANK OF IRVING,IRVING,,False,,,,2026-07-10
18535,,DELTA SECURITY BANK AND TRUST COMPANY,FERRIDAY,,False,,,,2026-07-10
18538,,WHITNEY NATIONAL BANK,NEW ORLEANS,LA,,11477590,,,2026-07-10
18545,,ALPINE BANK&TRUST CO,ROCKFORD,IL,,1320279,,,2026-07-10
18550,,FIRST NAT BK OF OAK LAWN,OAK LAWN,,False,,,,2026-07-10
18551,,AMERICAN NATIONAL BANK OF RIVERTON,RIVERTON,,False,,,,2026-07-10
18554,,FIRST NATIONAL BANK,COVINGTON,,False,,,,2026-07-10
18556,,BANK OF SANTA FE,SANTA FE,,False,,,,2026-07-10
18561,860053,"Sunrise Banks, National Association",Sioux Falls,SD,True,2734177,14991,1962-07-17,2026-07-10
18563,,"FIRST CITY, TEXAS - WINDSOR PARK",SAN ANTONIO,,False,,,,2026-07-10
18569,340144,Peoples State Bank,Wausau,WI,True,1494913,0,1962-08-01,2026-07-10
18571,,"MBANK MIDCITIES, NATIONAL ASSOC",ARLINGTON,,False,,,,2026-07-10
18591,,EAST TEXAS STATE BANK,BUNA,,False,,,,2026-07-10
18595,,UNITEDBANK-HOUSTON,HOUSTON,,False,,,,2026-07-10
18598,,"SECURITY BANK OF DENVER, N.A.",DENVER,,False,,,,2026-07-10
18609,215662,American Bank of Commerce,Wolfforth,TX,True,1777199,0,1962-09-11,2026-07-10
18618,930965,SMBC MANUBANK,Los Angeles,CA,True,7728868,0,1962-10-29,2026-07-10
18619,,REPUBLIC BANK,OKLAHOMA CITY,,False,,,,2026-07-10
18623,,FIRST NATIONAL BANK OF CORPUS CHRISTI,CORPUS CHRISTI,,False,,,,2026-07-10
18647,,FARMERS STATE BANK,SCHULENBERG,,False,,,,2026-07-10
18659,,MUTUAL BANK,HARVEY,IL,False,1595657,,,2026-07-10
18662,,PEOPLE'S BANK & TRUST,BORGER,,False,,,,2026-07-10
18675,,INDEPENDENCE BANK,LOS ANGELES,,False,,,,2026-07-10
18679,,USBANK,DENTON,,False,,,,2026-07-10
18708,,CITICORP TRUST BANK FSB,WILMINGTON,DE,False,11818068,,,2026-07-10
18709,,TEXAS BANK AND TRUST OF TEMPLE,TEMPLE,,False,,,,2026-07-10
18714,288853,FirstBank,Lakewood,CO,True,29362572,0,1963-02-27,2026-07-10
18720,,THE CITIZENS BANK,DALLAS,,False,,,,2026-07-10
18721,,TRINITY NATIONAL BANK OF DALLAS,DALLAS,,False,,,,2026-07-10
18723,,AMERICAN BANK & TRUST COMPANY,SHREVEPORT,,False,,,,2026-07-10
18726,,BANK OF PANAMA,PANAMA,,False,,,,2026-07-10
18734,502111,"Newtek Bank, National Association",Miami,FL,True,2162070,15070,1963-04-01,2026-07-10
18738,,SECURITY STATE BANK,EDGAR,,False,,,,2026-07-10
18749,,BUENA VISTA BANK & TRUST COMPANY,BUENA VISTA,,False,,,,2026-07-10
18751,,STATE BANK OF DANNEBROG,DANNEBROG,,False,,,,2026-07-10
18756,,BOWIE NATIONAL BANK,BOWIE,,False,,,,2026-07-10
18760,,WESTERN STATE BANK,DENTON,,False,,,,2026-07-10
18767,,FIRST NB OF NORTHERN CA,DALY CITY,CA,,1274482,,,2026-07-10
18773,,FIRST CITY BANK OF ATOKA,ATOKA,,False,,,,2026-07-10
18776,,NORTH HOUSTON BANK,HOUSTON,,False,,,,2026-07-10
18787,,CONTINENTAL BANK,DALLAS,,False,,,,2026-07-10
18790,,"MBANK DENTON COUNTY, NATIONAL ASSOC",LEWISVILLE,,False,,,,2026-07-10
18793,,FIRST BANK & TRUST COMPANY,CEDAR HILL,,False,,,,2026-07-10
18798,,THE BANK OF BLOOMFIELD,BLOOMFIELD,,False,,,,2026-07-10
18799,,LOS ALAMOS NATIONAL BANK,LOS ALAMOS,NM,,1247674,,,2026-07-10
18806,,AMERICAN NATIONAL BANK,PARMA,,False,,,,2026-07-10
18812,,SOUTHWEST BANK,FORT WORTH,TX,,2886946,,,2026-07-10
18816,,SOUTH DENVER NATIONAL BANK,GLENDALE,,False,,,,2026-07-10
18832,,FIRST REPUBLICBANK-A&M,COLLEGE STATION,,False,,,,2026-07-10
18833,,"BANCTEXAS WHITE ROCK, N.A.",DALLAS,,False,,,,2026-07-10
18840,,EVERMAN NATIONAL BANK OF FORT WORTH,FORT WORTH,,False,,,,2026-07-10
18843,,LEGACYTEXAS BANK,PLANO,TX,,1897483,,,2026-07-10
18844,,CROSSROADS BANK,VICTORIA,,False,,,,2026-07-10
18851,,BANK OF ARLINGTON,ARLINGTON,,False,,,,2026-07-10
18859,,NORTHSHORE BANK,HOUSTON,,False,,,,2026-07-10
18862,,RIVERSIDE NATIONAL BANK OF HOUSTON,HOUSTON,,False,,,,2026-07-10
18867,,CLAY COUNTY STATE BANK,DILWORTH,,False,,,,2026-07-10
18871,,FIRST NATIONAL BANK OF TEMPLE,TEMPLE,,False,,,,2026-07-10
18876,,CITIZENS BANK,GALVESTON,,False,,,,2026-07-10
18896,,COLORADO NATIONAL BANK,COLORADO SPRINGS,,False,,,,2026-07-10
18907,,SECURITY BANK & TRUST COMPANY,MIDWEST CITY,,False,,,,2026-07-10
18922,242444,Tri City National Bank,Oak Creek,WI,True,1969645,15738,1963-10-28,2026-07-10
18923,,BANAMEX USA,CENTURY CITY,CA,False,1060805,,,2026-07-10
18928,,FIRST NATIONAL BANK OF GLENROCK,GLENROCK,,False,,,,2026-07-10
18932,,FIRST REPUBLICBANK-PARIS,PARIS,,False,,,,2026-07-10
18946,,FARMERS STATE BK OF HOLYOKE,HOLYOKE,,False,,,,2026-07-10
18957,,COPPERMARK BANK,OKLAHOMA CITY,OK,,1246774,,,2026-07-10
18960,,MADISON NATIONAL BANK,WASHINGTON,,False,,,,2026-07-10
18961,,SECURITY NATIONAL BK OF LUBBOCK,LUBBOCK,,False,,,,2026-07-10
18962,,ROYAL BANK AMERICA,NARBERTH,PA,,1031199,,,2026-07-10
18966,,MASSACHUSETTS BANK & TRUST CO.,BROCKTON,,False,,,,2026-07-10
18983,253468,River City Bank,Sacramento,CA,True,6047747,0,1963-12-16,2026-07-10
18994,,LIBERTY BANK,HOUSTON,,False,,,,2026-07-10
19008,1001639,Parkway Bank and Trust Company,Harwood Heights,IL,True,3666225,0,1964-01-22,2026-07-10
19010,,STILLWATER COMMUNITY BANK,STILLWATER,,False,,,,2026-07-10
19012,,TASCOSA NATIONAL BANK OF AMARILLO,AMARILLO,,False,,,,2026-07-10
19014,,"BANCTEXAS SULPHUR SPRINGS, N.A.",SULPHUR SPRINGS,,False,,,,2026-07-10
19019,,"MBANK ABILENE, NATIONAL ASSOCIATION",ABILENE,,False,,,,2026-07-10
19020,,AMERICAN CITY BANK,LOS ANGLES,,False,,,,2026-07-10
19026,,COMMONWEALTH NATIONAL BANK,DALLAS,,False,,,,2026-07-10
19040,,THE BANK OF MIAMI,CORAL GABLES,,False,,,,2026-07-10
19048,,BBVA USA,BIRMINGHAM,AL,,87218368,,,2026-07-10
19064,,HALIFAX NATIONAL BANK OF PORT ORANGE,PORT ORANGE,,False,,,,2026-07-10
19069,,FIRST NATIONAL BANK OF RICHARDSON,RICHARDSON,,False,,,,2026-07-10
19076,,NORTHWEST BANK,WHITE SETTLEMENT,,False,,,,2026-07-10
19080,913753,Inwood National Bank,Dallas,TX,True,4438460,15292,1964-04-09,2026-07-10
19091,,WESTERN NATIONAL BK OF CASPER,CASPER,,False,,,,2026-07-10
19092,,UNION BANK OF HOUSTON,HOUSTON,,False,,,,2026-07-10
19094,,HAYS STATE BANK,HAYS,,False,,,,2026-07-10
19098,,NORMAN BANK OF COMMERCE,NORMAN,,False,,,,2026-07-10
19114,,NATIONAL INDUSTRIAL BANK OF CONNECTICUT,MERIDEN,,False,,,,2026-07-10
19117,,SCROGGIN & COMPANY BANK,OAK,,False,,,,2026-07-10
19119,,COMMUNITY BK & TR CO.,ENID,,False,,,,2026-07-10
19123,687951,First Western Bank & Trust,Minot,ND,True,2324050,0,1964-05-11,2026-07-10
19164,,AMERICAN EXCHANGE BANK & TRUST CO,NORMAN,,False,,,,2026-07-10
19167,,CENTRAL BANK & TRUST OF TULSA,TULSA,,False,,,,2026-07-10
19177,,FIRST NATIONAL BK OF CARRINGTON,CARRINGTON,,False,,,,2026-07-10
19183,,CONNECTICUT BANK OF COMMERCE,STAMFORD,,False,,,,2026-07-10
19184,1454,Hilltop National Bank,Casper,WY,True,1142793,15359,1964-07-27,2026-07-10
19185,,"NBC BANK-BOERNE, NATIONAL ASSOC",BOERNE,,False,,,,2026-07-10
19189,,EXCEL BANK,SEDALIA,,False,,,,2026-07-10
19213,844053,Security National Bank of Omaha,Omaha,NE,True,1836211,15379,1964-09-01,2026-07-10
19215,980960,Benchmark Bank,Plano,TX,True,1585603,0,1964-08-29,2026-07-10
19216,,RAINSVILLE BANK,RAINSVILLE,,False,,,,2026-07-10
19220,828651,ANB Bank,Denver,CO,True,2964249,0,1964-09-01,2026-07-10
19222,739560,Fremont Bank,Fremont,CA,True,5915963,0,1964-09-03,2026-07-10
19237,,MCINTOSH STATE BANK,JACKSON,,False,,,,2026-07-10
19252,,THE FIRST STATE BANK,STOCKBRIDGE,,False,,,,2026-07-10
19257,,HUB CITY BANK & TRUST COMPANY,LAFAYETTE,,False,,,,2026-07-10
19261,,WESTERN NAT BK OF LOVELL,LOVELL,,False,,,,2026-07-10
19265,,"FIRST CITY, TEXAS - GARLAND",GARLAND,,False,,,,2026-07-10
19273,,CREDITBANK,CUTLER RIDGE,,False,,,,2026-07-10
19276,,EATONTOWN NATIONAL BANK,EATONTOWN,,False,,,,2026-07-10
19282,,WEST OLYMPIA BANK,LOS ANGELES,,False,,,,2026-07-10
19288,427353,Firstar Bank,Sallisaw,OK,True,1253608,0,1964-11-19,2026-07-10
19298,,UMB BANK COLORADO NA,DENVER,CO,,1619356,,,2026-07-10
19300,,AMERICAN NATIONAL BANK,OMAHA,NE,,5156962,,,2026-07-10
19303,,FIRST STATE BANK,OILTON,,False,,,,2026-07-10
19307,,"NBC BANK-UVALDE, NATIONAL ASSOC",UVALDE,,False,,,,2026-07-10
19316,,FREEDOM NATIONAL BANK OF NEW YORK,NEW YORK,,False,,,,2026-07-10
19324,,UNITED BANK,LIBBY,,False,,,,2026-07-10
19328,,SEAWAY BANK AND TRUST COMPANY,CHICAGO,,False,,,,2026-07-10
19331,,CENTRAL BANK & TRUST COMPANY,GLENMORA,,False,,,,2026-07-10
19333,671334,Republic Bank of Chicago,Oak Brook,IL,True,2539080,0,1964-12-01,2026-07-10
19367,,MECHANICS NATIONAL BANK,PARAMOUNT,,False,,,,2026-07-10
19371,49241,Relyance Bank,White Hall,AR,True,1479703,0,1965-02-11,2026-07-10
19377,,FRANKLIN BANK,HOUSTON,,False,,,,2026-07-10
19379,,MIDTOWN NATIONAL BANK,PUEBLO,,False,,,,2026-07-10
19383,,THE CITIZENS BANK,OGDEN,,False,,,,2026-07-10
19397,,"MID CITY BANK, INC.",OMAHA,,False,,,,2026-07-10
19405,,FIRST NATIONAL BANK AT DOUGLAS,DOUGLAS,,False,,,,2026-07-10
19410,,"FIRST CITY, TEXAS - MARKET CENTER",DALLAS,,False,,,,2026-07-10
19416,996260,CTBC Bank Corp. (USA),Los Angeles,CA,True,5369932,0,1965-04-27,2026-07-10
19431,,NATIONAL BANK OF COMMERCE OF BROWNSVILLE,BROWNSVILLE,,False,,,,2026-07-10
19444,,MIDLAND BANK OF KANSAS,MISSION,,False,,,,2026-07-10
19450,,GATEWAY BANK OF ST LOUIS,ST LOUIS,,False,,,,2026-07-10
19456,,"MBANK HOUSTON, NATIONAL ASSOC",HOUSTON,,False,,,,2026-07-10
19459,439338,United Community Bank,Chatham,IL,True,4165370,0,1965-07-12,2026-07-10
19482,477321,Consumers National Bank,Minerva,OH,True,1237314,15543,1965-09-01,2026-07-10
19492,,FIRST ACADIANA BANK,EUNICE,,False,,,,2026-07-10
19498,,MONTGOMERY BANK & TRUST,AILEY,,False,,,,2026-07-10
19502,283737,First National Bank of Tennessee,Livingston,TN,True,1365377,15550,1965-10-25,2026-07-10
19506,248240,Bank of Springfield,Springfield,IL,True,1948394,0,1965-10-29,2026-07-10
19512,501459,Royal Banks of Missouri,Saint Louis,MO,True,1051390,0,1965-11-08,2026-07-10
19519,,COMMUNITY NATIONAL BANK AND TRUST,NEW YORK,,False,,,,2026-07-10
19522,,PEOPLES BANK & TRUST COMPANY,HOLDENVILLE,,False,,,,2026-07-10
19531,137205,Machias Savings Bank,Machias,ME,True,2648458,0,1869-03-05,2026-07-10
19539,,INTERNATIONAL CITY BANK AND TRUST COMPANY,NEW ORLEANS,,False,,,,2026-07-10
19546,,THE JEFFERSON GUARANTY BANK,METAIRIE,,False,,,,2026-07-10
19553,,BK TOKYO-MITSUBISHI UFJ TR,NEW YORK,NY,,1133126,,,2026-07-10
19554,,HIGH TRUST BANK,STOCKBRIDGE,,False,,,,2026-07-10
19559,232856,TexasBank,Fort Worth,TX,True,2469605,0,1966-03-07,2026-07-10
19572,,CAPITOL BANK AND TRUST COMPANY,BOSTON,,False,,,,2026-07-10
19573,201834,Lakeside Bank,Chicago,IL,True,2858811,0,1966-04-01,2026-07-10
19574,,MISSOURI DELTA BANK,HAYTI,,False,,,,2026-07-10
19575,,BANCO DE AHORRO DE PUERTO RICO,SAN JUAN,,False,,,,2026-07-10
19579,,FILLMORE COUNTY BANK,GENEVA,,False,,,,2026-07-10
19581,929352,Bell Bank,Fargo,ND,True,14816488,0,1966-05-06,2026-07-10
19591,,FIRST BANK AND TRUST,HARRISBURG,,False,,,,2026-07-10
19596,,CHICOPEE BANK & TRUST COMPANY,CHICOPEE,,False,,,,2026-07-10
19600,535753,"Academy Bank, National Association",Kansas City,MO,True,3275311,15592,1966-06-15,2026-07-10
19602,,COMMUNITY BANK,NEW CANEY,,False,,,,2026-07-10
19608,403946,The Park Bank,Madison,WI,True,1527658,0,1966-07-18,2026-07-10
19609,,DOMINION BK OF DENVER,DENVER,,False,,,,2026-07-10
19611,,"THE METRO BK OF HUNTINGTON, INC.",HUNTINGTON,,False,,,,2026-07-10
19612,,THE BLUEVILLE BANK OF GRAFTON,GRAFTON,,False,,,,2026-07-10
19629,1001152,International Bank of Commerce,Laredo,TX,True,9892909,0,1966-09-02,2026-07-10
19637,,THE PEOPLES BANK,WILCOX,,False,,,,2026-07-10
19657,,CENTRAL PROGRESSIVE BANK,LACOMBE,,False,,,,2026-07-10
19664,,CENTRAL DAKOTA BANK,LEHR,,False,,,,2026-07-10
19667,,"FIRST CITY, TEXAS - NORTHLINE",HOUSTON,,False,,,,2026-07-10
19676,,WEST TEXAS STATE BANK OF CANYON,CANYON,,False,,,,2026-07-10
19690,468806,Northeast Bank,Portland,ME,True,5034096,0,1872-02-05,2026-07-10
19695,,STATE BANK OF LONG ISLAND,JERICHO,NY,,1602557,,,2026-07-10
19725,,EASTLAND BANK,WOONSOCKET,,False,,,,2026-07-10
19733,,NATIONAL BANK OF COMMERCE,BERKELEY,,False,,,,2026-07-10
19743,,BATON ROUGE BANK & TRUST COMPANY,BATON ROUGE,,False,,,,2026-07-10
19752,,"ALLIED OKLAHOMA BANK, NATIONAL ASSOC",OKLAHOMA CITY,,False,,,,2026-07-10
19758,,ENTERPRISE BANKING COMPANY,MCDONOUGH,,False,,,,2026-07-10
19759,,CEDAR VALE STATE BANK,CEDAR VALE,,False,,,,2026-07-10
19772,163549,IncredibleBank,Wausau,WI,True,2058919,0,1967-12-08,2026-07-10
19776,,FIDELITY MUTUAL SAVINGS BANK,SPOKANE,,False,,,,2026-07-10
19779,,COLONIAL BANK,NEW ORLEANS,,False,,,,2026-07-10
19788,,PEOPLES BANK,LUBBOCK,TX,,1156839,,,2026-07-10
19791,,CITY BANK OF PHILADELPHIA,PHILADELPHIA,,False,,,,2026-07-10
19794,,NEXITY BANK,BIRMINGHAM,AL,False,1051824,,,2026-07-10
19797,,PARK AVENUE BANK,VALDOSTA,GA,False,1044355,,,2026-07-10
19799,,PIONEER BANK OF FOUNTAIN,FOUNTAIN,,False,,,,2026-07-10
19801,,FIRST SECURITY BANK OF ANACONDA,ANACONDA,,False,,,,2026-07-10
19810,,"FIRST CITY, TEXAS - CENTRAL PARK",SAN ANTONIO,,False,,,,2026-07-10
19817,,THE LIBERTY BANK OF SEATTLE,SEATTLE,,False,,,,2026-07-10
19831,,UNITY BK & TR COMPANY,BOSTON,,False,,,,2026-07-10
19834,,SWOPE PARKWAY NATIONAL BANK,KANSAS CITY,,False,,,,2026-07-10
19842,,BANK LEUMI USA,NEW YORK,NY,,8202927,,,2026-07-10
19849,,COMMUNITY SOUTH BANK,PARSONS,,False,,,,2026-07-10
19850,207050,West Gate Bank,Lincoln,NE,True,1444197,0,1968-09-03,2026-07-10
19858,,CITYWIDE BANKS,AURORA,CO,,1381509,,,2026-07-10
19861,,YADKIN BANK,STATESVILLE,NC,,7213778,,,2026-07-10
19869,,BANKEAST,KNOXVILLE,,False,,,,2026-07-10
19871,,FIRST AUGUSTA BANK & TRUST COMPANY,AUGUSTA,,False,,,,2026-07-10
19898,,FIRST NATIONAL BANK OF PORT ALLEN,PORT ALLEN,,False,,,,2026-07-10
19899,160959,KS StateBank,Manhattan,KS,True,2586584,0,1969-01-21,2026-07-10
19919,,BANCO BILBAO VIZCAYA ARGENTA,SAN JUAN,PR,,4962184,,,2026-07-10
19935,,CAPITAL BANK,DALLAS,,False,,,,2026-07-10
19943,,CENTURY BANK&TRUST CO,SOMERVILLE,MA,,7112322,,,2026-07-10
19953,,LAKELAND BANK,NEWFOUNDLAND,NJ,,10961829,,,2026-07-10
19965,,THE SECURITY BANK,WARNER,,False,,,,2026-07-10
19977,320119,Israel Discount Bank of New York,New York,NY,True,13986756,0,1922-01-01,2026-07-10
20003,,"FIRST CITY, TEXAS - LANCASTER",LANCASTER,,False,,,,2026-07-10
20015,7009,Bessemer Trust Company,Woodbridge,NJ,True,1794219,0,1907-01-01,2026-07-10
20027,,REAGAN STATE BANK,BIG LAKE,,False,,,,2026-07-10
20029,,"FIRST CITY, TEXAS - ARANSAS PASS",ARANSAS PASS,,False,,,,2026-07-10
20053,,TRAVIS BANK AND TRUST,AUSTIN,,False,,,,2026-07-10
20065,,UNITED BANK OF TEXAS,AUSTIN,,False,,,,2026-07-10
20071,,NORTHWEST BANK & TRUST,HOUSTON,,False,,,,2026-07-10
20078,,HERITAGE COMMUNITY BANK,GLENWOOD,,False,,,,2026-07-10
20087,,LAKELAND STATE BANK,CAMDEN COUNTY,,False,,,,2026-07-10
20092,,FIRST STATE BANK OF HUDSON COUNTY,JERSEY CITY,,False,,,,2026-07-10
20098,,AMERICAN BANK OF COMMERCE,LAKE CHARLES,,False,,,,2026-07-10
20099,822556,Texas Exchange Bank,Crowley,TX,True,4272272,0,1970-01-05,2026-07-10
20115,,SUN SECURITY BANK,ELLINGTON,,False,,,,2026-07-10
20116,,DANBURY BANK,DANBURY,,False,,,,2026-07-10
20120,,THE NEW BOSTON BANK AND TRUST COMPANY,BOSTON,,False,,,,2026-07-10
20130,117458,BankFirst,Norfolk,NE,True,1203870,0,1970-02-09,2026-07-10
20131,,BANCTEXAS WESTHEIMER,HOUSTON,,False,,,,2026-07-10
20150,,THE BANK OF RUIDOSO,RUIDOSO,,False,,,,2026-07-10
20156,67151,Kirkpatrick Bank,Edmond,OK,True,1059092,0,1970-03-23,2026-07-10
20161,1016857,Citizens Bank of Las Cruces,Las Cruces,NM,True,1166234,0,1970-04-06,2026-07-10
20164,140362,Sunwest Bank,Sandy,UT,True,4270088,0,1970-04-09,2026-07-10
20178,,MID VALLEY BANK,OMAK,,False,,,,2026-07-10
20184,,AMERICAN BANK OF MUSKOGEE,MUSKOGEE,,False,,,,2026-07-10
20188,,THE LAWRENCE COUNTY BANK,LAWRENCEBURG,,False,,,,2026-07-10
20203,,INBANK,OAK FOREST,,False,,,,2026-07-10
20210,,MADISON NATIONAL BANK OF VIRGINIA,MCLEAN,,False,,,,2026-07-10
20225,,FIDUCIARY TR CO INTL,NEW YORK,NY,,1100088,,,2026-07-10
20227,,FIRST SECURITY BANK,ERWIN,,False,,,,2026-07-10
20229,,UNITY BANK,DAYTON,,False,,,,2026-07-10
20231,867650,Pinnacle Bank,Fort Worth,TX,True,2712157,0,1970-08-10,2026-07-10
20234,814430,City National Bank of Florida,Miami,FL,True,28626294,15977,1970-08-12,2026-07-10
20237,,AMERICAN NATIONAL BANK,HOUSTON,,False,,,,2026-07-10
20240,,RICHMARK BANK,HOUSTON,,False,,,,2026-07-10
20241,,AMERICAN BANK NATIONAL ASSN,CORPUS CHRISTI,TX,,2505741,,,2026-07-10
20255,,"FIRST CITY, TEXAS - ALMEDA GENOA",HOUSTON,,False,,,,2026-07-10
20260,,FIRST BANK & TRUST,TOMBALL,,False,,,,2026-07-10
20273,,"HARRIS COUNTY BANK HOUSTON, N.A.",HOUSTON,,False,,,,2026-07-10
20276,,"NBC BANK-HOUSTON, NATIONAL ASSOC",HOUSTON,,False,,,,2026-07-10
20280,,METROPOLITAN NATIONAL BANK,LITTLE ROCK,AR,,1025366,,,2026-07-10
20284,,AMERICAN  BANK OF COMMERCE,OKLAHOMA CITY,,False,,,,2026-07-10
20290,,HIGHLAND COMMUNITY BANK,CHICAGO,,False,,,,2026-07-10
20294,,SOUTH TEXAS BANK,HOUSTON,,False,,,,2026-07-10
20296,58243,Johnson Bank,Racine,WI,True,7008117,0,1970-11-12,2026-07-10
20297,,FIRST STATE BANK OF MCKINNEY,MCKINNEY,,False,,,,2026-07-10
20304,,OSCEOLA STATE BANK & TRUST COMPANY,OSCEOLA,,False,,,,2026-07-10
20315,,NORTH POINT STATE BANK,ARLINGTON,,False,,,,2026-07-10
20327,,THE VILLAGE BANK,GREAT FALLS,,False,,,,2026-07-10
20332,,UNITED AMERICAN BANK IN HAMILTON COUNTY,CHATTANOOGA,,False,,,,2026-07-10
20340,,GULF STATE COMMUNITY BANK,CARRABELLE,,False,,,,2026-07-10
20345,,MCNULTY BANKING COMPANY,ST. PETERSBURG,,False,,,,2026-07-10
20355,,PERMIAN BANK,ODESSA,,False,,,,2026-07-10
20364,,NORTH MILWAUKEE STATE BANK,MILWAUKEE,,False,,,,2026-07-10
20369,426534,Heartland Bank and Trust Company,Bloomington,IL,True,6769567,0,1971-02-22,2026-07-10
20387,777366,Bank of the Orient,San Francisco,CA,True,1160267,0,1971-03-17,2026-07-10
20396,,FOXWORTH BANK,FOXWORTH,,False,,,,2026-07-10
20405,,BANK OF WOODMOOR,WOODMOOR,,False,,,,2026-07-10
20408,,BANK OF THE COMMONWEALTH,NORFOLK,VA,False,1031584,,,2026-07-10
20411,,"FIRST CITY, TEXAS - VALLEY VIEW",DALLAS,,False,,,,2026-07-10
20413,,RED BIRD BANK OF DALLAS,DALLAS,,False,,,,2026-07-10
20426,,CENTURY BANK,PHOENIX,,False,,,,2026-07-10
20442,,THE MERIDEN TRUST AND SAFE DEPOSIT,MERIDEN,,False,,,,2026-07-10
20457,,NEW MEXICO NATIONAL BANK,ALBUQUERQUE,,False,,,,2026-07-10
20461,,PAN AMERICAN NATIONAL BANK,UNION CITY,,False,,,,2026-07-10
20465,,THE PEOPLES BANK OF THE VIRGIN ISLANDS,CHARLOTTE AMALIE,,False,,,,2026-07-10
20473,,AMERICAN BANK OF TEXAS,SHERMAN,TX,,2382544,,,2026-07-10
20478,,NORTHERN OHIO BANK,CLEVELAND,,False,,,,2026-07-10
20484,94522,Benchmark Community Bank,Kenbridge,VA,True,1402760,0,1971-09-08,2026-07-10
20485,,ATLANTIC NATIONAL BANK,NORFOLK,,False,,,,2026-07-10
20488,554857,Five Points Bank,Grand Island,NE,True,2101863,0,1971-09-10,2026-07-10
20490,,FIRST SECURITY BANK OF DICKSON,DICKSON,,False,,,,2026-07-10
20492,,CITIZENS BANK & TRUST COMPANY,ARCADIA,,False,,,,2026-07-10
20494,,CITY & COUNTY BK OF KNOX COUNTY,KNOXVILLE,,False,,,,2026-07-10
20501,,EVERGREEN BANK,SEATTLE,,False,,,,2026-07-10
20504,764030,Ameris Bank,Atlanta,GA,True,28021961,0,1971-10-01,2026-07-10
20512,,"TEXAS AMERICAN BANK/SOUTHWEST, NA",STAFFORD,,False,,,,2026-07-10
20523,,ASTRO BANK,HOUSTON,,False,,,,2026-07-10
20533,,ALLEN COUNTY BANK AND TRUST COMPANY,LEO,,False,,,,2026-07-10
20550,,SKYLINE NATIONAL BANK,DENVER,,False,,,,2026-07-10
20567,,INDIAN SPRINGS STATE BANK,KANSAS CITY,,False,,,,2026-07-10
20572,,VALENCIA BANK,PLACENTIA,,False,,,,2026-07-10
20579,,BANK OF THE HILLS,AUSTIN,,False,,,,2026-07-10
20594,,LIBERTY BANK FSB,WEST DES MOINES,IA,,1008118,,,2026-07-10
20597,,BANK OF WINTER PARK,WINTER PARK,,False,,,,2026-07-10
20616,,WESTERN BANK,MIDLAND,,False,,,,2026-07-10
20624,129732,Byline Bank,Chicago,IL,True,9886789,0,1972-03-01,2026-07-10
20626,,NATIONAL BANK OF ARIZONA,TUCSON,AZ,,5018724,,,2026-07-10
20637,,BANK OF NEWPORT,NEWPORT BEACH,,False,,,,2026-07-10
20650,,UNITED MERCANTILE BANK,SHREVEPORT,,False,,,,2026-07-10
20681,,"GUARDIAN BANK, N.A.",HEMPSTEAD,,False,,,,2026-07-10
20685,,FIRST UNITED BANK,CRETE,,False,,,,2026-07-10
20688,,SOUTH SIDE BANK,CHICAGO,,False,,,,2026-07-10
20693,,HUDSON VALLEY BANK NA,YONKERS,NY,,3201917,,,2026-07-10
20694,,"MONTGOMERY COUNTY BANK, N.A.",THE WOODLANDS,,False,,,,2026-07-10
20699,,KANSAS AMERICAN BANK,OVERLAND PARK,,False,,,,2026-07-10
20702,,CASHION COMMUNITY BANK,CASHION,,False,,,,2026-07-10
20708,,FIRST ENTERPRISE BANK,OAKLAND,,False,,,,2026-07-10
20720,,TENNESSEE STATE BANK,PIGEON FORGE,TN,,1002939,,,2026-07-10
20722,,"TEXAS AMERICAN BANK/TYLER, NA",TYLER,,False,,,,2026-07-10
20724,,FIRST BANK OF SAGINAW,SAGINAW,,False,,,,2026-07-10
20727,384652,"Dallas Capital Bank, National Association",Dallas,TX,True,1199220,15980,1972-06-26,2026-07-10
20729,,"FIRST CITY, TEXAS - GULFGATE",HOUSTON,,False,,,,2026-07-10
20736,,WARREN COUNTY BANK,MCMINNIVILLE,,False,,,,2026-07-10
20741,237619,"Pioneer Bank, National Association",Albany,NY,True,2212952,25324,1889-01-01,2026-07-10
20753,,FLORIDA STATE BANK,HOLIDAY,,False,,,,2026-07-10
20758,,REPUBLIC BANK,BLANCHARD,,False,,,,2026-07-10
20774,,PACIFIC CONTINENTAL BANK,EUGENE,OR,,2542126,,,2026-07-10
20776,977951,Border Bank,Fargo,ND,True,1063463,0,1972-08-21,2026-07-10
20778,,SOUTHWESTERN BANK,TUCSON,,False,,,,2026-07-10
20779,,"FIRST CITY, TEXAS - COLLEYVILLE",COLLEYVILLE,,False,,,,2026-07-10
20792,,"TEXAS INVESTMENT BANK, N.A.",HOUSTON,,False,,,,2026-07-10
20794,,COMMUNITY BK OF WASHTENAW,YPSILANTAI,,False,,,,2026-07-10
20816,,FIRST PACIFIC BANK,BEVERLY HILLS,,False,,,,2026-07-10
20818,162337,Citizens Tri-County Bank,Dunlap,TN,True,1653503,0,1972-10-02,2026-07-10
20828,,BANCO SANTANDER PUERTO RICO,SAN JUAN,PR,,5990637,,,2026-07-10
20830,,COASTAL B&T OF FLORIDA,PENSACOLA,FL,,1733808,,,2026-07-10
20845,283867,Wallis Bank,Wallis,TX,True,1398702,0,1972-10-28,2026-07-10
20852,,CALIFORNIA BANK&TRUST,SAN DIEGO,CA,,11960432,,,2026-07-10
20856,283438,Liberty Bank and Trust Company,New Orleans,LA,True,1106725,0,1972-11-16,2026-07-10
20857,,SUNSHINE STATE BANK,SOUTH MIAMI,,False,,,,2026-07-10
20859,,PARK BANK OF FLORIDA,ST. PETERSBURG,,False,,,,2026-07-10
20863,,METROPOLITAN NATIONAL BANK,MCALLEN,,False,,,,2026-07-10
20884,711472,Bank of Guam,Hagatna,GU,True,3142342,0,1972-12-11,2026-07-10
20912,,CENTENNIAL STATE BANK OF COLORADO,ENGLEWOOD,,False,,,,2026-07-10
20915,,WESTERN BANK,EL PASO,,False,,,,2026-07-10
20918,,CANYON LAKE BANK,CANYON LAKE,,False,,,,2026-07-10
20928,,BANK OF IMBODEN,IMBODEN,,False,,,,2026-07-10
20935,,NORTHSTAR BANK OF TEXAS,DENTON,TX,,1015402,,,2026-07-10
20941,,COMMERCIAL BANK & TRUST COMPANY,METAIRIE,,False,,,,2026-07-10
20954,717737,Citizens National Bank,Sevierville,TN,True,1959788,16076,1973-02-05,2026-07-10
20955,,MEDICAL CENTER STATE BANK,OKLAHOMA CITY,,False,,,,2026-07-10
20960,,PONTCHARTRAIN STATE BANK,METAIRIE,,False,,,,2026-07-10
20966,,"TEXAS AMERICAN BANK/FORUM, NA",ARLINGTON,,False,,,,2026-07-10
20978,,UEHLING STATE BANK,UEHLING,,False,,,,2026-07-10
20979,,"FIRST CITY, TEXAS - CLEAR LAKE",HOUSTON,,False,,,,2026-07-10
20980,,"FIRST CITY, TEXAS - HIGHLAND VILLAGE",HOUSTON,,False,,,,2026-07-10
20988,,PACIFIC COAST BANK,SAN DIEGO,,False,,,,2026-07-10
20989,606653,Independence Bank,Havre,MT,True,1370658,0,1973-03-12,2026-07-10
21010,,FIRST SECURITY BK MISSOULA,MISSOULA,MT,,1117436,,,2026-07-10
21016,,FIRST AMERICAN BANKING COMPANY,PENDLETON,,False,,,,2026-07-10
21021,,CORONADO NATIONAL BANK,DENVER,,False,,,,2026-07-10
21026,,LOVE FIELD NATIONAL BANK,DALLAS,,False,,,,2026-07-10
21029,,BANK OF HONOLULU,HONOLULU,,False,,,,2026-07-10
21030,,UNITED SOUTHERN BK OF NASHVILLE,NASHVILLE,,False,,,,2026-07-10
21031,273336,The Bank of Tampa,Tampa,FL,True,3065066,0,1973-03-30,2026-07-10
21038,,TEXAS BANK & TRUST COMPANY,LUBBOCK,,False,,,,2026-07-10
21044,,"FIRST CITY, TEXAS - BELLAIRE",BELLAIRE,,False,,,,2026-07-10
21068,,AQUIA BK & TR COMPANY,STAFFORD,,False,,,,2026-07-10
21082,,AMERICAN INTERSTATE BANK,NEWPORT BEACH,,False,,,,2026-07-10
21101,,"FIRST CITY, TEXAS - INWOOD FOREST",HOUSTON,,False,,,,2026-07-10
21111,,CITY NATIONAL BANK OF NEW JERSEY,NEWARK,,False,,,,2026-07-10
21113,,NORTH RIDGE BANK,OAKLAND PARK,,False,,,,2026-07-10
21122,,BRIDGEVIEW BANK GROUP,BRIDGEVIEW,IL,,1144827,,,2026-07-10
21132,,COMMUNITY BANKS OF COLORADO,GREENWOOD VILLAG,CO,False,1280964,,,2026-07-10
21140,,COMMERCE BANK NATIONAL ASSN,PHILADELPHIA,PA,,51373714,,,2026-07-10
21149,,TEXAS INDEPENDENCE BANK,PASADENA,,False,,,,2026-07-10
21155,,"INDEPENDENT BANK-EAST, NATIONAL",ROCKWALL,,False,,,,2026-07-10
21181,,THE WASHINGTON BANK,FAIRFAX COUNTY,,False,,,,2026-07-10
21186,,KIRBY STATE BANK,KIRBY,,False,,,,2026-07-10
21187,,EXCHANGE NATIONAL BANK OF DEL CITY,DEL CITY,,False,,,,2026-07-10
21190,,"FIRST CITY, TEXAS - CORPUS CHRIS",CORPUS CHRISTI,,False,,,,2026-07-10
21199,,METRO NORTH STATE BANK,KANSAS CITY,,False,,,,2026-07-10
21218,,THE MONROE BANK AND TRUST COMPANY,MONROE,,False,,,,2026-07-10
21256,,SUMMIT BANK,SAN ANTONIO,,False,,,,2026-07-10
21263,,FIRST BANK,COLORADO SPRINGS,,False,,,,2026-07-10
21265,725732,Bradesco Bank,Coral Gables,FL,True,5549791,0,1973-10-12,2026-07-10
21279,,LA MARQUE BANK,LA MARQUE,,False,,,,2026-07-10
21291,,BANK OF LAKE HELEN,LAKE HELEN,,False,,,,2026-07-10
21292,518037,PeoplesSouth Bank,Colquitt,GA,True,1204901,0,1973-10-19,2026-07-10
21315,,"METROPOLITAN BANK, N.A.",WASHINGTON,,False,,,,2026-07-10
21347,,CLAIBORNE BANK & TRUST COMPANY,HOMER,,False,,,,2026-07-10
21364,,THE COMMERCIAL BK OF CALIFORNIA,LOS ANGELES,,False,,,,2026-07-10
21381,,"FIRST CITY, TEXAS - FOREST HILL",FOREST HILL,,False,,,,2026-07-10
21410,,BANK OF IRVINE,IRVINE,,False,,,,2026-07-10
21435,,TIB BANK,NAPLES,FL,,1730150,,,2026-07-10
21436,,HUFFMAN BANK,HUFFMAN,,False,,,,2026-07-10
21440,,FIDELITY BANK,ATLANTA,GA,,4776434,,,2026-07-10
21468,,TOTALBANK,MIAMI,FL,,2969958,,,2026-07-10
21476,,THE WIMBERLEY BANK,WIMBERLEY,,False,,,,2026-07-10
21495,,BARTOW COUNTY BANK,CARTERSVILLE,,False,,,,2026-07-10
21505,,UNIVERSITY BANK OF WICHITA,WICHITA,,False,,,,2026-07-10
21508,,FIRST BANK,BALCH SPRINGS,,False,,,,2026-07-10
21514,,"FIRST BANK, PINEVILLE, LOUISIANA",PINEVILLE,,False,,,,2026-07-10
21518,,WESTERN BANK,DUNCANVILLE,,False,,,,2026-07-10
21521,,CITY BANK,LYNNWOOD,WA,False,1114261,,,2026-07-10
21531,,FLORIDA CENTER BANK,ORLANDO,,False,,,,2026-07-10
21538,,FIRST BANK OF ROWLETT,ROWLETT,,False,,,,2026-07-10
21560,,AMERICAN BANK AND TRUST,SAN JOSE,,False,,,,2026-07-10
21562,,THE FIRST NATIONAL BANK OF ROCKLAND,RAMAPO,,False,,,,2026-07-10
21569,,CARROLL COUNTY BANK,HUNTINGTON,,False,,,,2026-07-10
21573,340135,Bank of Tennessee,Kingsport,TN,True,2120392,0,1974-05-13,2026-07-10
21579,,AMERICAN SECURITY BANK,NORTH PLATTE,,False,,,,2026-07-10
21591,214106,The Bank of Greene County,Catskill,NY,True,3181793,718028,1974-05-18,2026-07-10
21605,,SOUTHCOAST BANK CORPORATION,WEST PALM BEACH,,False,,,,2026-07-10
21606,,HCN BANK,RIVERSIDE,CA,,1022768,,,2026-07-10
21619,,MOUNTAIN RIDGE STATE BANK,WEST ORANGE,,False,,,,2026-07-10
21622,,THE BANK OF PARK COUNTY,BAILEY,,False,,,,2026-07-10
21623,,METROPOLITAN BK & TR COMPANY,TAMPA,,False,,,,2026-07-10
21627,,THE COUNTY BANK,MANATEE COUNTY,,False,,,,2026-07-10
21630,,FIRST BANK NATIONAL ASSOCIATION,CLEVELAND,,False,,,,2026-07-10
21631,,HEIGHTS BANK,HARKER HEIGHTS,,False,,,,2026-07-10
21640,,REPUBLIC NATIONAL BANK OF LOUISIANA,NEW ORLEANS,,False,,,,2026-07-10
21649,,DOUGLAS COUNTY BANK,DOUGLASVILLE,,False,,,,2026-07-10
21674,,BANK OF TEXAS NATIONAL ASSN,DALLAS,TX,,5603586,,,2026-07-10
21676,,NATIONAL BANK OF TEXAS,AUSTIN,,False,,,,2026-07-10
21691,,CALIFORNIA HERITAGE BANK,SAN DIEGO,,False,,,,2026-07-10
21714,33259,Premier Bank,Maplewood,MN,True,1181367,0,1974-08-01,2026-07-10
21716,933966,"Citizens Business Bank, National Association",Ontario,CA,True,15511016,25382,1974-08-09,2026-07-10
21722,,FIRST PROGRESSIVE BANK,METAIRIE,,False,,,,2026-07-10
21726,,STERLING BANK,HOUSTON,TX,,5058752,,,2026-07-10
21751,,MOHAWK BK & TR CO.,GREENFIELD,,False,,,,2026-07-10
21757,,BANK OF NEWCASTLE,NEWCASTLE,,False,,,,2026-07-10
21777,,WAKULLA BANK,CRAWFORDVILLE,,False,,,,2026-07-10
21787,,OAK PARK BANK,OAK PARK HEIGHTS,,False,,,,2026-07-10
21793,,VALLEY BANK,FORT LAUDERDALE,,False,,,,2026-07-10
21812,,RICHARDSON NATIONAL BANK,RICHARDSON,,False,,,,2026-07-10
21816,,LIVINGSTON STATE BANK,LIVINGSTON,,False,,,,2026-07-10
21837,,SABADELL UNITED BANK NA,MIAMI,FL,,5730517,,,2026-07-10
21838,,"TEXAS AMERICAN BANK/TEMPLE, NA",TEMPLE,,False,,,,2026-07-10
21843,229913,Mizuho Bank (USA),New York,NY,True,4050082,0,1974-11-29,2026-07-10
21850,,ISLAND BANK,SOUTH PADRE ISLAND,,False,,,,2026-07-10
21851,,FAR EAST NATIONAL BANK,LOS ANGELES,CA,,1093146,,,2026-07-10
21868,976703,"Bessemer Trust Company, National Association",New York,NY,True,5409760,16417,1974-12-20,2026-07-10
21876,,"FIRST CITY, TEXAS - MEDICAL CENTER",HOUSTON,,False,,,,2026-07-10
21889,,THE BANK OF COMMERCE,SHREVEPORT,,False,,,,2026-07-10
21891,,BLEDSOE COUNTY BANK,PIKEVILLE,,False,,,,2026-07-10
21906,956938,PriorityOne Bank,Magee,MS,True,1191495,0,1975-01-27,2026-07-10
21907,,"FIRST CITY, TEXAS - FONDREN SOUTH",HOUSTON,,False,,,,2026-07-10
21922,,BANK OF SAN PEDRO,LOS ANGELES,,False,,,,2026-07-10
21943,100562,Tri Counties Bank,Chico,CA,True,9946447,0,1975-03-11,2026-07-10
21951,,NEW WORLD NATIONAL BANK,PITTSBURGH,,False,,,,2026-07-10
21956,514066,Montecito Bank & Trust,Santa Barbara,CA,True,2036398,0,1975-03-17,2026-07-10
21973,,FIRST SERVICE BANK FOR SAVINGS,LEOMINSTER,,False,,,,2026-07-10
21984,,SOUTH COAST BANK,COSTA MESA,,False,,,,2026-07-10
21985,,SOUTHWEST NATIONAL BANK,ALBUQUERQUE,,False,,,,2026-07-10
21996,,HERITAGE BANK FOR SAVINGS,HOLYOKE,,False,,,,2026-07-10
21997,,LANDMARK BANK FOR SAVINGS,WHITMAN,,False,,,,2026-07-10
21999,,NORTHERN BANK & TRUST,FORT COLLINS,,False,,,,2026-07-10
22002,,BANK OF SIERRA BLANCA,SIERRA BLANCA,,False,,,,2026-07-10
22016,,NORTHWEST NATIONAL BANK,FAYETTEVILLE,,False,,,,2026-07-10
22026,,COMMONWEALTH BANK,TORRANCE,,False,,,,2026-07-10
22038,,"FIRST CITY, TEXAS - CENTRAL ARLINGTON",ARLINGTON,,False,,,,2026-07-10
22062,,CAPITAL NATIONAL BANK,BRONX,,False,,,,2026-07-10
22064,,FIRST AMERICAN BANK FOR SAVINGS,BOSTON,,False,,,,2026-07-10
22073,,FIRST NEW YORK BANK FOR BUSINESS,NEW YORK,,False,,,,2026-07-10
22078,,SECURITY BANK,HOUSTON,,False,,,,2026-07-10
22080,,FIRST NATIONAL BANK IN KAUFMAN,KAUFMAN,,False,,,,2026-07-10
22093,,HERITAGE BANK,ANAHEIM,,False,,,,2026-07-10
22099,,CONTINENTAL NATIONAL BANK,SAN ANTONIO,,False,,,,2026-07-10
22102,,SOUTHERN NATIONAL BANK,BIRMINGHAM,,False,,,,2026-07-10
22103,,NATIONAL SECURITY BANK,TYLER,,False,,,,2026-07-10
22110,,VILLAGE BANK,PUEBLO WEST,,False,,,,2026-07-10
22111,,SECURITY BANK OF AURORA,AURORA,,False,,,,2026-07-10
22115,,"BANCTEXAS ALLEN PARKWAY, N.A.",HOUSTON,,False,,,,2026-07-10
22118,,"FIRST REPUBLICBANK-EL PASO, N.A.",EL PASO,,False,,,,2026-07-10
22130,,CAPITALSOUTH BANK,BIRMINGHAM,,False,,,,2026-07-10
22134,995076,Cache Valley Bank,Logan,UT,True,3497348,0,1975-10-02,2026-07-10
22145,,SECURITY NATIONAL BANK,ANCHORAGE,,False,,,,2026-07-10
22147,,FIRST STATE BANK OF CRANDALL,CRANDALL,,False,,,,2026-07-10
22151,,THE COMMONWEALTH BANK,BELLAIRE,,False,,,,2026-07-10
22159,,CAPISTRANO NATIONAL BANK,SAN JUAN CAPISTRA,,False,,,,2026-07-10
22160,,FIRST SECURITY BANK,SANDWICH,,False,,,,2026-07-10
22163,,CROSSROADS STATE BANK,OKLAHOMA CITY,,False,,,,2026-07-10
22173,,HILLCREST BANK,OVERLAND PARK,KS,False,1583611,,,2026-07-10
22178,,COMMERCE BANK NORTH,RAMSEY,NJ,,5616012,,,2026-07-10
22180,930358,United Bankers' Bank,Richfield,MN,True,1044845,0,1975-12-15,2026-07-10
22183,,UNITED BANK ALASKA,ANCHORAGE,,False,,,,2026-07-10
22188,,JENNINGS BANK,JENNINGS,,False,,,,2026-07-10
22210,,WATAUGA VALLEY BANK,ELIZABETHTON,,False,,,,2026-07-10
22221,,SB ONE BANK,FRANKLIN,NJ,,2198930,,,2026-07-10
22222,,ROCKY MOUNTAIN STATE BANK,SALT LAKE CITY,,False,,,,2026-07-10
22233,,CITIZENS BANK HOUSTON,HOUSTON,,False,,,,2026-07-10
22234,,"TEXAS AMERICAN BANK/PRESTONWOOD,",DALLAS,,False,,,,2026-07-10
22238,,OMNI NATIONAL BANK,ATLANTA,GA,False,1033575,,,2026-07-10
22239,,ROLLING HILLS STATE BANK,PIEDMONT,,False,,,,2026-07-10
22257,491934,Colony Bank,Fitzgerald,GA,True,3705164,0,1976-04-15,2026-07-10
22262,,"FIRST NATIONAL BANK, NORTHEAST",AUSTIN,,False,,,,2026-07-10
22275,,CONTINENTAL NATIONAL BANK OF KENTUCKY,LOUISVILLE,,False,,,,2026-07-10
22284,,UNION BANK & TRUST OF DALLAS,DALLAS,,False,,,,2026-07-10
22285,,"FIRST CITY, TEXAS - NORTHEAST",HOUSTON,,False,,,,2026-07-10
22286,,UNITED SECURITY BANK,SPARTA,,False,,,,2026-07-10
22295,,MELLON TR OF NEW ENGLAND NA,BOSTON,MA,,11865883,,,2026-07-10
22308,715340,West Michigan Community Bank,Hudsonville,MI,True,1196482,0,1976-07-21,2026-07-10
22310,,COLUMBIA PACIFIC BK & TR CO.,PORTLAND,,False,,,,2026-07-10
22311,,CITIZENS BANK,BRYAN,,False,,,,2026-07-10
22314,,NEXTBANK,PHOENIX,,False,,,,2026-07-10
22316,,DELTA PACIFIC BANK,PITTSBURG,,False,,,,2026-07-10
22317,,"TEXAS AMERICAN BANK/LBJ, NA",DALLAS,,False,,,,2026-07-10
22319,397755,Legacy Bank & Trust Company,Mountain Grove,MO,True,1827411,0,1907-10-17,2026-07-10
22320,,ELIOT SAVINGS BANK,BOSTON,,False,,,,2026-07-10
22321,,BANCO REGIONAL,BAYAMON,,False,,,,2026-07-10
22325,,THE HOUSATONIC BANK & TRUST CO,ANSONIA,,False,,,,2026-07-10
22326,,LEWIS AND CLARK STATE BANK,LAKE OSWEGO,,False,,,,2026-07-10
22327,,SPIRIT OF TEXAS BANK SSB,COLLEGE STATION,TX,,3221321,,,2026-07-10
22334,247140,One Community Bank,Oregon,WI,True,2545338,0,1976-09-15,2026-07-10
22342,,MIAMI NATIONAL BANK,MIAMI,,False,,,,2026-07-10
22346,,METROPOLITAN BANK,CRYSTAL SPRINGS,MS,,1216876,,,2026-07-10
22354,497039,Commercial Bank,Harrogate,TN,True,2307886,0,1976-11-01,2026-07-10
22364,,TEXAS BK OF AMARILLO,AMARILLO,,False,,,,2026-07-10
22369,,CENTURY NATIONAL BANK,JACKSONVILLE,,False,,,,2026-07-10
22373,498362,American National Bank & Trust,Wichita Falls,TX,True,2470409,16617,1976-11-29,2026-07-10
22387,,GOLDEN VALLEY BANK,TURLOCK,,False,,,,2026-07-10
22396,428060,Central National Bank,Waco,TX,True,1446766,16626,1977-01-10,2026-07-10
22404,,"NBC BANK-AUSTIN, NATIONAL ASSOC",AUSTIN,,False,,,,2026-07-10
22405,,CITIZENS NATIONAL BANK,DENTON,,False,,,,2026-07-10
22407,,BANK OF THE CASCADES,BEND,OR,,3326699,,,2026-07-10
22409,,THE MONTGOMERY NATIONAL BANK,MONTGOMERY TWNSP,,False,,,,2026-07-10
22414,,THE BANK OF BEVERLY HILLS,BEVERLY HILLS,,False,,,,2026-07-10
22427,,ORION BANK,NAPLES,FL,False,2612515,,,2026-07-10
22432,,FAMILY BANK,OGDEN,,False,,,,2026-07-10
22433,,CITIZENS STATE BANK,EDGERTON,,False,,,,2026-07-10
22441,,AMERICANWEST BANK,SPOKANE,WA,,4513284,,,2026-07-10
22444,,INLAND BANK&TRUST,OAK BROOK,IL,,1191380,,,2026-07-10
22451,774132,Lawrence Bank,Nashville,TN,True,3072746,0,1977-04-15,2026-07-10
22452,,GOLDEN PACIFIC NATIONAL BANK,NEW YORK,,False,,,,2026-07-10
22456,,"BANCO DE AHORRO, F.S.B.",MAYAGUEZ,,False,,,,2026-07-10
22457,,UNIVERSITY NATIONAL BANK,SAN ANTONIO,,False,,,,2026-07-10
22466,,TOWN & COUNTRY BANK,BIXBY,,False,,,,2026-07-10
22469,,COLUMBIA RIVER BANK,THE DALLES,OR,False,1057110,,,2026-07-10
22476,,COVENANT BANK,CHICAGO,,False,,,,2026-07-10
22482,,WESTERN NATIONAL BANK,ODESSA,TX,,1459902,,,2026-07-10
22485,,BANK OF THE NORTHWEST,EUGENE,,False,,,,2026-07-10
22487,,CITY BANK AND TRUST,CLAREMONT,,False,,,,2026-07-10
22488,,LASALLE BANK MIDWEST NA,TROY,MI,,37562880,,,2026-07-10
22504,,FIRST CITY BANK,NEW ORLEANS,,False,,,,2026-07-10
22505,,FIRST NATIONAL BANK OF CROSBY,CROSBY,,False,,,,2026-07-10
22511,,SANDY STATE BANK,SANDY,,False,,,,2026-07-10
22528,,BANK OF WHITMAN,COLFAX,,False,,,,2026-07-10
22530,,CITY NATIONAL BANK OF PLANO,PLANO,,False,,,,2026-07-10
22537,60330,Peoples Bank of Alabama,Cullman,AL,True,1431998,0,1977-10-24,2026-07-10
22548,,HERITAGE BANK & TRUST,SALT LAKE COUNTY,,False,,,,2026-07-10
22559,971959,Bravera Bank,Dickinson,ND,True,3884241,0,1977-12-01,2026-07-10
22568,,WASHINGTON NAT BK OF CHICAGO,CHICAGO,,False,,,,2026-07-10
22574,,COUNTY BANK,MERCED,CA,False,1711552,,,2026-07-10
22576,,HARVARD BANK,TULSA,,False,,,,2026-07-10
22577,,UNITED SOUTHERN BANK OF CLARKSVILLE,CLARKSVILLE,,False,,,,2026-07-10
22583,,THE PERMANENT SAVINGS BANK,NIAGARA FALLS,,False,,,,2026-07-10
22593,,ALEDO STATE BANK,ALEDO,,False,,,,2026-07-10
22597,662369,Bank of the Sierra,Porterville,CA,True,3751904,0,1978-01-19,2026-07-10
22599,,COLE TAYLOR BANK,CHICAGO,IL,,5952440,,,2026-07-10
22611,,CITIZENS NATIONAL BANK,COLORADO SPRINGS,,False,,,,2026-07-10
22612,,TREASURE STATE BANK,GLASGOW,,False,,,,2026-07-10
22637,,BANK OF SHOREWOOD,SHOREWOOD,,False,,,,2026-07-10
22640,,NORTHWEST COMMERCE BANK,NORTH BEND,,False,,,,2026-07-10
22642,,INGRAM STATE BANK,INGRAM,,False,,,,2026-07-10
22643,,THE COWLITZ BANK,LONGVIEW,,False,,,,2026-07-10
22644,,MERIDIAN BANK NATIONAL ASSN,WICKENBURG,AZ,,1043356,,,2026-07-10
22653,243375,Green Dot Bank DBA Bonneville Bank,Provo,UT,True,5867857,0,1978-05-15,2026-07-10
22662,,"BANCTEXAS CARROLLTON, N.A.",CARROLLTON,,False,,,,2026-07-10
22670,,AMERICAN BANK OF CASPER,CASPER,,False,,,,2026-07-10
22673,,WEST VALLEY BANK,WOODLAND HILLS,,False,,,,2026-07-10
22683,,COBIZ BANK,DENVER,CO,,4433696,,,2026-07-10
22685,,"NBC BANK-KERRVILLE, NATIONAL ASSOC",KERRVILLE,,False,,,,2026-07-10
22689,,UNIVERSAL BANK,LANHAM,,False,,,,2026-07-10
22690,,BOUNDARY WATERS STATE BANK,ELY,,False,,,,2026-07-10
22698,,FIRST CITY BANK,GLENDALE,,False,,,,2026-07-10
22710,,FRONTIER BANK,EVERETT,WA,False,3250734,,,2026-07-10
22715,,UTAH FIRSTBANK,SALT LAKE CITY,,False,,,,2026-07-10
22726,,ROSE CAPITAL BANK,TYLER,,False,,,,2026-07-10
22728,,THE COLUMBIAN BANK AND TRUST COMPANY,TOPEKA,,False,,,,2026-07-10
22744,,WEST COAST BANK,LOS ANGELES,,False,,,,2026-07-10
22752,,LUBBOCK NATIONAL BANK,LUBBOCK,TX,,1084605,,,2026-07-10
22754,,BANK OF WYOMING,THERMOPOLIS,,False,,,,2026-07-10
22757,,COAST COMMUNITY BANK,HARBOR,,False,,,,2026-07-10
22765,,METRO BANK,MIDLAND,,False,,,,2026-07-10
22774,,INDUSTRIAL NATIONAL BANK OF EAST CHICAGO,EAST CHICAGO,,False,,,,2026-07-10
22784,,UNITED BANK OF OREGON,MILWAUKIE,,False,,,,2026-07-10
22796,,COMMERCE BANK,NEWPORT BEACH,,False,,,,2026-07-10
22807,,THE DESCHUTES BANK,REDMOND,,False,,,,2026-07-10
22808,,HERITAGE BANK,ASHLAND,,False,,,,2026-07-10
22815,,THE BANK OF SAN DIEGO,SAN DIEGO,,False,,,,2026-07-10
22816,,"FIRST CITY, TEXAS - BEAR CREEK",HARRIS COUNTY,,False,,,,2026-07-10
22818,,PIONEER STATE BANK,SALT LAKE CITY,,False,,,,2026-07-10
22819,,FIRST CALIFORNIA BANK,WESTLAKE VILLAGE,CA,,1741192,,,2026-07-10
22822,,CITIZENS FIDELITY BANK,BRISTOL,,False,,,,2026-07-10
22824,,BANK OF THE SOUTH,BATON ROUGE,,False,,,,2026-07-10
22826,,MUFG UNION BANK NA,SAN FRANCISCO,CA,,99963823,,,2026-07-10
22829,,AMERICAN BANK OF ARLINGTON,ARLINGTON,,False,,,,2026-07-10
22845,,BANK OF THE MID-SOUTH,BOSSIER CITY,,False,,,,2026-07-10
22846,,"REPUBLIC FEDERAL BANK, N.A.",MIAMI,,False,,,,2026-07-10
22848,,GARDEN GROVE COMMUNITY BANK,GARDEN GROVE,,False,,,,2026-07-10
22850,,"EASTWEST BANK, N.A.",KIHEI,,False,,,,2026-07-10
22851,,GILPIN COUNTY BANK,BLACK HAWK,,False,,,,2026-07-10
22852,,FARMERS AND MERCHANTS BANK,BUCKEYE,,False,,,,2026-07-10
22853,,BROADWAY BANK,CHICAGO,IL,False,1059194,,,2026-07-10
22857,,VALLEY STATE BANK,LOS ANGELES,,False,,,,2026-07-10
22858,365325,United Bank,Fairfax,VA,True,33609082,0,1979-05-10,2026-07-10
22861,,STATE BANK OF MILLS,MILLS,,False,,,,2026-07-10
22868,,VENTURE BANK,LACEY,WA,False,1069705,,,2026-07-10
22869,,COLUMBIA COMMUNITY BANK,HERMISTON,,False,,,,2026-07-10
22871,,THE BANK OF KERRVILLE,KERRVILLE,,False,,,,2026-07-10
22876,760854,Southwest Missouri Bank,Carthage,MO,True,1220341,0,1979-06-11,2026-07-10
22880,,AMERICAN STATE BANK,BRADLEY,,False,,,,2026-07-10
22897,,FIRST SECURITY BANK AND TRUST CO,HAUGHTON,,False,,,,2026-07-10
22904,,FIRST STATE BANK AT SHOSHONI,SHOSHONI,,False,,,,2026-07-10
22908,,BANK OF SOUTH PALM BEACHES,HYPOLUXO,,False,,,,2026-07-10
22918,223322,The First Bank and Trust Company,Lebanon,VA,True,4147949,0,1979-08-03,2026-07-10
22920,,MUSTANG COMMUNITY BANK,MUSTANG,,False,,,,2026-07-10
22921,,FIRST REPUBLICBANK-WILLIAMSON CN,AUSTIN,,False,,,,2026-07-10
22922,,ALL AMERICAN NATIONAL BANK,VIRGINA GARDENS,,False,,,,2026-07-10
22929,,EMERALD EMPIRE BANKING CO.,SPRINGFIELD,,False,,,,2026-07-10
22945,,TRI-STATE NATIONAL BANK,BELLE FOURCHE,,False,,,,2026-07-10
22946,,SCOTIABANK DE PUERTO RICO,SAN JUAN,PR,,3508462,,,2026-07-10
22953,83638,"Amerant Bank, National Association",Coral Gables,FL,True,9880787,16804,1979-09-17,2026-07-10
22957,237066,West Texas National Bank,Midland,TX,True,2781577,24185,1979-09-24,2026-07-10
22967,,THE DAKOTA BANK,GRAND FORKS,,False,,,,2026-07-10
22975,,HIGH LAKES COMMUNITY BANK,LA PINE,,False,,,,2026-07-10
22977,,HORIZON BANK,BELLINGHAM,WA,False,1188956,,,2026-07-10
22990,,AMERICAN BANK IN LOUISIANA,MORGAN CITY,,False,,,,2026-07-10
22992,,COMMUNITY BANK & TRUST,ROCKDALE,,False,,,,2026-07-10
22999,,GOLDEN SPIKE STATE BANK,TREMONTON,,False,,,,2026-07-10
23002,,CENTRAL ARIZONA BANK,CHANDLER,,False,,,,2026-07-10
23011,,FIRST REGIONAL BANK,LOS ANGELES,CA,False,2082684,,,2026-07-10
23021,,MOUNTAIN VALLEY BANK,CONIFER,,False,,,,2026-07-10
23024,,THE EARLY BANK,EARLY,,False,,,,2026-07-10
23026,,FORESTWOOD NATIONAL BANK OF DALLAS,DALLAS,,False,,,,2026-07-10
23030,703767,Community West Bank,Fresno,CA,True,3697225,0,1980-01-10,2026-07-10
23033,,AMERICAN NATIONAL BANK OF AFTON,AFTON,,False,,,,2026-07-10
23035,,MERCHANTS & FARMERS STATE BANK,BLYTHE,,False,,,,2026-07-10
23038,,BANK OF CASPER,CASPER,,False,,,,2026-07-10
23039,,PEOPLES BANK,HEWITT,,False,,,,2026-07-10
23041,307679,Bank of the Pacific,Aberdeen,WA,True,1289807,0,1979-12-26,2026-07-10
23042,,WILLISTON BASIN STATE BANK,WILLISTON,,False,,,,2026-07-10
23043,,BEAR CREEK VALLEY BANK,PHOENIX,,False,,,,2026-07-10
23055,,"FIRST CITY, TEXAS - WESTHEIMER",HOUSTON,,False,,,,2026-07-10
23056,,FIRST NATIONAL BANK,SHERMAN,,False,,,,2026-07-10
23065,,LIBERTY CITY STATE BANK,LIBERTY CITY,,False,,,,2026-07-10
23074,,FAR WESTERN BANK,TUSTIN,,False,,,,2026-07-10
23082,,THE AMERICAN BANK,PALESTINE,,False,,,,2026-07-10
23085,,NEWPORT HARBOUR NATIONAL BANK,NEWPORT BEACH,,False,,,,2026-07-10
23091,260055,Alpine Bank,Glenwood Springs,CO,True,6785152,0,1980-04-01,2026-07-10
23092,,BOREL PRIVATE BANK&TRUST CO,SAN MATEO,CA,,1520141,,,2026-07-10
23093,,TEXAS AMERICAN BANK/FARMERS BRANCH,FARMERS BRANCH,,False,,,,2026-07-10
23104,,PEOPLES STATE BANK,DALLAS,,False,,,,2026-07-10
23108,,LIBERTY NATIONAL BANK,DALLAS,,False,,,,2026-07-10
23124,,ALLIANCE BANK,CULVER CITY,CA,False,1113361,,,2026-07-10
23131,,LIBERTY BANK & TRUST COMPANY,GREENWOOD,,False,,,,2026-07-10
23135,,MARITIME BANK OF CALIFORNIA,LOS ANGELES,,False,,,,2026-07-10
23137,,CHARTER BANK,EAU CLAIRE,WI,,1135126,,,2026-07-10
23143,,BANK OF SAN MARINO,SAN MARINO,,False,,,,2026-07-10
23151,,ELK CITY STATE BANK,ELK CITY,,False,,,,2026-07-10
23156,,"SECURITY BANK, NATIONAL ASSOCIATION",NORTH LAUDERDALE,,False,,,,2026-07-10
23157,,WESTERN COMMUNITY BANK,CORONA,,False,,,,2026-07-10
23160,,"MBANK THE WOODLANDS, NATIONAL ASSOC",THE WOODLANDS,,False,,,,2026-07-10
23175,,TEXAS AMERICAN BANK/RICHARDSON,RICHARDSON,,False,,,,2026-07-10
23181,,HOME VALLEY BANK,CAVE JUNCTION,,False,,,,2026-07-10
23183,,CAPITAL BANK OF CALIFORNIA,LOS ANGELES,,False,,,,2026-07-10
23187,,CHARTER NATIONAL BANK AND TRUST,HOFFMAN ESTATES,,False,,,,2026-07-10
23190,,EDDY COUNTY NATIONAL BANK,CARLSBAD,,False,,,,2026-07-10
23192,,BANK OF THE NORTHWEST,WOODWARD,,False,,,,2026-07-10
23205,,MADISON BANK & TRUST COMPANY,RICHMOND,,False,,,,2026-07-10
23207,,HAMILTON COUNTY STATE BANK,LOCKLAND,,False,,,,2026-07-10
23209,,BANK OF CLIFTON,CLIFTON,,False,,,,2026-07-10
23217,,COLUMBINE VALLEY BANK AND TRUST,JEFFERSON COUNTY,,False,,,,2026-07-10
23218,,YELLOWSTONE STATE BANK,LANDER,,False,,,,2026-07-10
23220,412751,Woodforest National Bank,The Woodlands,TX,True,9178494,16892,1980-09-05,2026-07-10
23221,,"AMERICAN BANK, NATIONAL ASSOCIATION",RIO RANCHO,,False,,,,2026-07-10
23229,,MEDICINE BOW STATE BANK,MEDICINE BOW,,False,,,,2026-07-10
23235,,"BANCTEXAS NORTHSIDE HOUSTON, N.A",HOUSTON,,False,,,,2026-07-10
23237,,"FIRST CITY, TEXAS - NORTH BELT",HOUSTON,,False,,,,2026-07-10
23248,,ALBANY STATE BANK,ALBANY,,False,,,,2026-07-10
23262,,"TEXAS AMERICAN BANK/LONGVIEW, NA",LONGVIEW,,False,,,,2026-07-10
23266,,SAN JOAQUIN BANK,BAKERSFIELD,,False,,,,2026-07-10
23268,,COMMUNITY FIRST BANK,PRINEVILLE,,False,,,,2026-07-10
23275,670467,Plumas Bank,Quincy,CA,True,2199524,0,1980-12-13,2026-07-10
23282,,FIRST SIERRA BANK,BISHOP,,False,,,,2026-07-10
23286,833404,Fall River Five Cents Savings Bank,Fall River,MA,True,1895394,0,1855-04-10,2026-07-10
23287,664206,The Cape Cod Five Cents Savings Bank,Hyannis,MA,True,5459093,0,1855-03-16,2026-07-10
23289,,THE BANK FOR SAVINGS,MALDEN,,False,,,,2026-07-10
23293,279105,Florence Bank,Florence,MA,True,2017659,0,1873-02-14,2026-07-10
23296,618807,Salem Five Cents Savings Bank,Salem,MA,True,8568434,0,1855-03-09,2026-07-10
23298,886204,Watertown Savings Bank,Watertown,MA,True,1444429,0,1870-04-18,2026-07-10
23301,,WILSHIRE BANK,LOS ANGELES,CA,,4880877,,,2026-07-10
23306,,COMMUNITY NATIONAL BANK,LINO LAKES,,False,,,,2026-07-10
23308,,WESTERN NATIONAL BANK,SANTA ANA,,False,,,,2026-07-10
23319,,PACIFIC HERITAGE BANK,TORRANCE,,False,,,,2026-07-10
23335,,FIRST NATIONAL BANK,SNYDER,,False,,,,2026-07-10
23336,,SOUTHWEST NATIONAL BANK,AUSTIN,,False,,,,2026-07-10
23349,,CITIZENS BANK OF TULSA,TULSA,,False,,,,2026-07-10
23350,,FIRST NATIONAL BANK OF CEDAR PARK,CEDAR PARK,,False,,,,2026-07-10
23355,,"BANCTEXAS QUORUM, N.A.",ADDISON,,False,,,,2026-07-10
23358,,THE NAT BK OF CARMEL,CARMEL-BY-THE-SEA,,False,,,,2026-07-10
23360,,CITIBANK SOUTH DAKOTA N A,SIOUX FALLS,SD,False,119842604,,,2026-07-10
23362,,STEWARDSHIP BANK OF OREGON,PORTLAND,,False,,,,2026-07-10
23364,,RABOBANK NATIONAL ASSN,ROSEVILLE,CA,,13189919,,,2026-07-10
23380,,ALLEN NATIONAL BANK,ALLEN,,False,,,,2026-07-10
23389,,ST. TAMMANY NATIONAL BANK,MANDEVILLE,,False,,,,2026-07-10
23395,,BASIN STATE BANK,VERNAL,,False,,,,2026-07-10
23402,,"AMERICAN BANK OF COMMERCE, NA",DEL RIO,,False,,,,2026-07-10
23406,,MELLON 1ST BUSINESS BANK NA,LOS ANGELES,CA,,3175713,,,2026-07-10
23408,,FIDELITY BANK OF DENVER,DENVER,,False,,,,2026-07-10
23409,,VALLEY STATE BANK,BAGGS,,False,,,,2026-07-10
23415,,PANHANDLE STATE BANK,SANDPOINT,ID,,1004400,,,2026-07-10
23416,,LONE STAR BANK,HARRIS COUNTY (BAYTO,,False,,,,2026-07-10
23419,,UNITED COMMUNITY BANK,WESTLAKE VILLAGE,,False,,,,2026-07-10
23445,,PLAZA NATIONAL BANK,DEL RIO,,False,,,,2026-07-10
23448,,PIONEER BANK,FULLERTON,,False,,,,2026-07-10
23452,,NORTHWAY NATIONAL BANK,DALLAS,,False,,,,2026-07-10
23454,,FRONTIER NATIONAL BANK,ROUND ROCK,,False,,,,2026-07-10
23455,,MISSION VIEJO NATIONAL BANK,MISSION VIEJO,,False,,,,2026-07-10
23461,,METROPOLITAN NATIONAL BANK,FARMERS BRANCH,,False,,,,2026-07-10
23472,398668,"The Bank of New York Mellon Trust Company, National Association",Los Angeles,CA,True,1391736,24526,1981-07-01,2026-07-10
23473,106359,First Fidelity Bank,Oklahoma City,OK,True,2933852,0,1981-07-01,2026-07-10
23474,599764,The American National Bank of Texas,Terrell,TX,True,5546680,17043,1981-07-01,2026-07-10
23475,,UNITED NATIONAL BANK OF PLANO,PLANO,,False,,,,2026-07-10
23487,,ARIZONA COMMERCE BANK,TUCSON,,False,,,,2026-07-10
23492,,CITIZENS BANK OF LITTLETON,LITTLETON,,False,,,,2026-07-10
23498,766164,"TBK BANK, SSB",Dallas,TX,True,6873141,0,1981-07-15,2026-07-10
23499,,"THE WILSHIRE BANK, NATIONAL ASSOC",LOS ANGELES,,False,,,,2026-07-10
23501,,MINERAL BK OF NEVADA,LAS VEGAS,,False,,,,2026-07-10
23504,,SEDGWICK COUNTY BANK,JULESBURG,,False,,,,2026-07-10
23511,,HOUSTON COMMERCE BANK,HOUSTON,,False,,,,2026-07-10
23526,,"FIRST CITY, TEXAS - PLANO",PLANO,,False,,,,2026-07-10
23527,,DOMINION NATIONAL BANK OF DENVER,DENVER,,False,,,,2026-07-10
23529,,WESTSIDE NATIONAL BANK,HOUSTON,,False,,,,2026-07-10
23536,,CITIZENS NATIONAL BANK OF KILLEEN,KILLEEN,,False,,,,2026-07-10
23537,408642,Bankers' Bank,Madison,WI,True,1446572,0,1981-09-01,2026-07-10
23545,,COMMERCE AND ENERGY BANK,LAFAYETTE,,False,,,,2026-07-10
23547,,FIRST AMERICAN BANK & TRUST OF MANVEL,MANVEL,,False,,,,2026-07-10
23556,,VINEYARD BANK NATIONAL ASSN,RANCHO CUCAMONGA,CA,False,1638378,,,2026-07-10
23577,,FIRST AMERICAN BANK,BIRMINGHAM,AL,,3600764,,,2026-07-10
23581,,PREMIER BANK,NORTHRIDGE,,False,,,,2026-07-10
23590,,LAKEWAY NATIONAL BANK,AUSTIN,,False,,,,2026-07-10
23594,,SAN DIEGO NATIONAL BANK,SAN DIEGO,CA,False,3594544,,,2026-07-10
23595,,SECURITY PACIFIC BANK,SAN DIEGO,,False,,,,2026-07-10
23620,193809,Dedham Institution for Savings,Dedham,MA,True,2576353,0,1831-03-19,2026-07-10
23621,,BERKSHIRE BANK,PITTSFIELD,MA,,12027717,,,2026-07-10
23622,13103,Bristol County Savings Bank,Taunton,MA,True,3157745,0,1846-03-02,2026-07-10
23623,816603,"The Washington Trust Company, of Westerly",Westerly,RI,True,6458703,0,1800-01-01,2026-07-10
23626,,FIRST HERITAGE BANK,SNOHOMISH,,False,,,,2026-07-10
23627,316840,Republic Bank & Trust Company,Louisville,KY,True,7248366,0,1982-01-11,2026-07-10
23631,,"FIRST AMERICAN CAPITAL BANK, N.A",LAGUNA BEACH,,False,,,,2026-07-10
23632,,PALM DESERT NATIONAL BANK,PALM DESERT,,False,,,,2026-07-10
23633,,SOUTHSIDE NATIONAL BANK,NACOGDOCHES,,False,,,,2026-07-10
23647,529958,TIB National Association,Farmers Branch,TX,True,2999669,25143,1982-01-21,2026-07-10
23670,,BAYSHORE BANK OF FLORIDA,MIAMI,,False,,,,2026-07-10
23672,,TEXAS AMERICAN BANK/GREATER SOUTH,GRAND PRAIRIE,,False,,,,2026-07-10
23674,,UNION TRUST COMPANY,SAN JUAN,,False,,,,2026-07-10
23679,,THE FAMILY BANK AND TRUST,ALLENSTOWN,,False,,,,2026-07-10
23695,,HELOTES STATE BANK,HELOTES,,False,,,,2026-07-10
23699,,FIRST NATIONAL BANK OF DESOTO,DESOTO,,False,,,,2026-07-10
23702,,CHASE BANK USA NATIONAL ASSN,WILMINGTON,DE,,141373959,,,2026-07-10
23735,,"BANK OF LAKEWOOD, NATIONAL ASSOC",LAKEWOOD,,False,,,,2026-07-10
23737,,VAST BANK NATIONAL ASSN,TULSA,OK,,1009477,,,2026-07-10
23738,,HERITAGE NATIONAL BANK,RICHARDSON,,False,,,,2026-07-10
23751,,"BANK USA, N.A.","KIHEI, MAUI",,False,,,,2026-07-10
23753,,GRAND CANYON STATE BANK,SCOTTSDALE,,False,,,,2026-07-10
23763,,SECURITY NATIONAL BANK OF SHREVEPORT,SHREVEPORT,,False,,,,2026-07-10
23765,,GIROD TRUST COMPANY,SAN JUAN,,False,,,,2026-07-10
23777,,TEXAS NATIONAL BANK,DALLAS,,False,,,,2026-07-10
23795,,THE MERCHANTS BANK OF CALIFORNIA,BEVERLY HILLS,,False,,,,2026-07-10
23796,,PALOS VERDES NATIONAL BANK,ROLLING HILLS EST,,False,,,,2026-07-10
23799,473266,Texas First Bank,Texas City,TX,True,2375423,0,1982-04-23,2026-07-10
23806,615954,TrailWest Bank,Lolo,MT,True,1091808,0,1982-05-17,2026-07-10
23807,,SECURITY BANK OF GLENROCK,GLENROCK,,False,,,,2026-07-10
23826,,BANK OF JACKSON HOLE,JACKSON,WY,,1534666,,,2026-07-10
23829,,FIRST CHARTER BANK,DENVER,,False,,,,2026-07-10
23855,,"UNITED MERCANTILE B & T CO, N.A.",PASADENA,,False,,,,2026-07-10
23860,,FAIRFIELD COUNTY TRUST COMPANY,STAMFORD,,False,,,,2026-07-10
23865,,VALLEY COMMERCIAL BANK,STOCKTON,,False,,,,2026-07-10
23876,,INNOVATIVE BANK,OAKLAND,,False,,,,2026-07-10
23882,,DRIPPING SPRINGS NATIONAL BANK,DRIPPING SPRINGS,,False,,,,2026-07-10
23887,,BROOKWOOD NATIONAL BANK,OKLAHOMA CITY,,False,,,,2026-07-10
23889,,"THE ENERGY BANK, N.A.",DALLAS,,False,,,,2026-07-10
23892,,THE AURORA BANK,AURORA,,False,,,,2026-07-10
23901,,BELMONT SAVINGS BANK,BELMONT,MA,,3047048,,,2026-07-10
23920,,CENTER NATIONAL BANK,LOS ANGELES,,False,,,,2026-07-10
23931,,THE NORTH AMERICAN BANK,PHOENIX,,False,,,,2026-07-10
23942,,THE BANK OF WESTMINSTER,WESTMINSTER,,False,,,,2026-07-10
23943,,LIBERTY BANK,GLENDALE,,False,,,,2026-07-10
23945,,FULSHEAR STATE BANK,FULSHEAR,,False,,,,2026-07-10
23971,,SAM HOUSTON NAT'L BANK OF WALKER,HUNTSVILLE,,False,,,,2026-07-10
23972,,AMERICAN NATIONAL BANK,STAFFORD,,False,,,,2026-07-10
23977,,THE FIRST NATIONAL BANK IN LINCOLN COUNTY,RUIDOSO,,False,,,,2026-07-10
23979,,AMERICAN NATIONAL BANK,TYLER,,False,,,,2026-07-10
23984,,"BANKERS TRUST OF LOUISIANA, NA",KENNER,,False,,,,2026-07-10
23992,689209,Country Bank for Savings,Ware,MA,True,2221191,0,1850-07-01,2026-07-10
23998,779968,State Bank of India (California),Los Angeles,CA,True,1394366,0,1982-09-03,2026-07-10
23999,,COMMONWEALTH BANK,ARLINGTON,,False,,,,2026-07-10
24014,,FIRST NATIONAL BANK OF GARLAND,GARLAND,,False,,,,2026-07-10
24039,,SECURITY NATIONAL BANK,MIDLAND,,False,,,,2026-07-10
24043,,CITIZENS NATIONAL BANK,LIMON,,False,,,,2026-07-10
24045,494261,Banc of California,Los Angeles,CA,True,34642892,0,1982-08-26,2026-07-10
24054,,PARKWAY BANK & TRUST,DALLAS,,False,,,,2026-07-10
24056,,COMMUNITY BANK,SEILING,,False,,,,2026-07-10
24061,,"FIRST CITY, TEXAS - FORT WORTH",FORT WORTH,,False,,,,2026-07-10
24063,,"FIRST CITY, TEXAS - NORTHCHASE",HOUSTON,,False,,,,2026-07-10
24066,,"WESTERN BANK-WESTWOOD, N.A.",HOUSTON,,False,,,,2026-07-10
24067,,RIVERSIDE NB OF FLORIDA,FORT PIERCE,FL,False,3393818,,,2026-07-10
24068,,AMERICAN NATIONAL BANK,DURANT,,False,,,,2026-07-10
24069,,RIVER PLAZA NATIONAL BANK,FORTH WORTH,,False,,,,2026-07-10
24074,,MERCHANTS BANK OF COMMERCE,SACRAMENTO,CA,,1950857,,,2026-07-10
24075,,COMMUNITY STATE BANK OF ONALASKA,ONALASKA,,False,,,,2026-07-10
24081,,METROPOLITAN BANK & TRUST COMPANY,BATON ROUGE,,False,,,,2026-07-10
24098,,FIRST NAT BK OF PRIOR LAKE,PRIOR LAKE,,False,,,,2026-07-10
24099,,ROSEMOUNT NATIONAL BANK,ROSEMOUNT,,False,,,,2026-07-10
24105,,FIRST NATIONAL BANK OF ROWLETT,ROWLETT,,False,,,,2026-07-10
24106,,"MONCOR BANK, N.A.",ROSWELL,,False,,,,2026-07-10
24107,,AMEGY BANK NATIONAL ASSN,HOUSTON,TX,,13866095,,,2026-07-10
24111,,COLLEGE BOULEVARD NATIONAL BANK,OVERLAND PARK,,False,,,,2026-07-10
24139,,ALASKA CONTINENTAL BANK,ANCHORAGE,,False,,,,2026-07-10
24156,663834,Ocean Bank,Miami,FL,True,7534738,0,1982-12-09,2026-07-10
24161,,COMMONWEALTH BANK,GLENDALE,,False,,,,2026-07-10
24170,657365,Hanmi Bank,Los Angeles,CA,True,7789627,0,1982-12-15,2026-07-10
24185,,NORTHERN TRUST NATIONAL ASSN,MIAMI,FL,,16103864,,,2026-07-10
24189,,GUARANTY NATIONAL BANK,AUSTIN,,False,,,,2026-07-10
24190,,"WILLIAMSTOWN BANK, N.A.",HOUSTON,,False,,,,2026-07-10
24194,,TOWN & COUNTRY NATIONAL BANK,HARLINGEN,,False,,,,2026-07-10
24196,,WESTERN NATIONAL BANK,BRYAN,,False,,,,2026-07-10
24201,,CENTURY NATIONAL BANK,HOUSTON,,False,,,,2026-07-10
24229,,HERITAGE OAKS BANK,PASO ROBLES,CA,,2026496,,,2026-07-10
24242,,FIRST EXCHANGE BANK OF MADISON COUNTY,FREDERICKTOWN,,False,,,,2026-07-10
24244,,OLD FLORIDA BANK,ORLANDO,FL,,1063189,,,2026-07-10
24262,,FIRST NATIONAL BANK OF SAPULPA,SAPULPA,,False,,,,2026-07-10
24270,,FRONTIER NATIONAL BANK,VISTA,,False,,,,2026-07-10
24274,,MARKET NATIONAL BANK,DENVER,,False,,,,2026-07-10
24293,,SECURITY NATIONAL BANK,AUSTIN,,False,,,,2026-07-10
24295,,WESTERN NATIONAL BANK,FORT WORTH,,False,,,,2026-07-10
24296,,"PETROBANK, N.A.",HOUSTON,,False,,,,2026-07-10
24297,,WEST BELT NATIONAL BANK,HOUSTON,,False,,,,2026-07-10
24300,,CENTURY NATIONAL BANK,AUSTIN,,False,,,,2026-07-10
24301,,"WOODWAY BANK AND TRUST, NA",HOUSTON,,False,,,,2026-07-10
24302,,FIRST CONSOLIDATED BANK - BUDA,BUDA,,False,,,,2026-07-10
24315,,COMMUNITY BANK,PASADENA,CA,,3714062,,,2026-07-10
24318,,FIRST NATIONAL BANK OF EAST BATON ROUGE,BATON ROUGE,,False,,,,2026-07-10
24320,,COLUMBIA NATIONAL BANK,SANTA MONICA,,False,,,,2026-07-10
24333,,BALBOA NATIONAL BANK,NATIONAL CITY,,False,,,,2026-07-10
24345,,KINGSLAND NATIONAL BANK,KINGSLAND,,False,,,,2026-07-10
24347,842460,Lone Star National Bank,Pharr,TX,True,3409023,17611,1983-01-24,2026-07-10
24349,,"ALLIANCE BANK, NATIONAL ASSOCIATION",AUSTIN,,False,,,,2026-07-10
24351,,"OAK LAWN BANK, N.A.",DALLAS,,False,,,,2026-07-10
24356,,FIRST NATIONAL BANK OF CROSBY,CROSBY,,False,,,,2026-07-10
24358,,"FIRST CITY, TEXAS - WESTHEIMER PLAZA",HOUSTON,,False,,,,2026-07-10
24359,,FIRST CONTINENTAL NATIONAL BANK,HOUSTON,,False,,,,2026-07-10
24365,,"TEXAS AMERICAN BANK/PLANO, NA",PLANO,,False,,,,2026-07-10
24382,,"HAMILTON BANK, NATIONAL ASSOCIATION",MIAMI,,False,,,,2026-07-10
24387,1015560,"Industrial and Commercial Bank of China USA, National Association",New York,NY,True,2864973,24440,1983-02-14,2026-07-10
24388,,LAGO VISTA NATIONAL BANK,LAGO VISTA,,False,,,,2026-07-10
24390,,CENTRAL NATIONAL BANK,DALLAS,,False,,,,2026-07-10
24393,,TYLER NATIONAL BANK,TYLER,,False,,,,2026-07-10
24395,,THE BANK OF NORTHERN CALIFORNIA,SAN JOSE,,False,,,,2026-07-10
24400,,PEOPLES STATE BANK OF MEEKER,MEEKER,,False,,,,2026-07-10
24410,,BANK OF ODESSA,ODESSA,,False,,,,2026-07-10
24423,,THE FIRST NATIONAL BANK OF SKIATOOK,SKIATOOK,,False,,,,2026-07-10
24449,,LAKE NATIONAL BANK,LAKE OZARK,,False,,,,2026-07-10
24452,,"MID CITY BANK, N.A.",BREA,,False,,,,2026-07-10
24467,,"FIRST COMMERCIAL BANK OF TEXAS,",HOUSTON,,False,,,,2026-07-10
24487,,LAKE AUSTIN NATIONAL BANK,AUSTIN,,False,,,,2026-07-10
24492,,"ALLIANCE BANK, N.A.",OKLAHOMA CITY,,False,,,,2026-07-10
24496,,HULEN NATIONAL BANK,FORT WORTH,,False,,,,2026-07-10
24502,,BANK FIVE FOR SAVINGS,ARLINGTON,,False,,,,2026-07-10
24516,538802,Interaudi Bank,New York,NY,True,2661080,0,1983-06-14,2026-07-10
24537,,OAKWOOD NATIONAL BANK,ENID,,False,,,,2026-07-10
24540,113601,Bank of New England,Salem,NH,True,1848366,0,1983-06-24,2026-07-10
24542,,LAKE COUNTRY NATIONAL BANK,BURNET,,False,,,,2026-07-10
24559,,NATIONAL BANK OF TEXAS,HOUSTON,,False,,,,2026-07-10
24560,,"WESTERN BANK-NORTH WILCREST, N.A",HOUSTON,,False,,,,2026-07-10
24562,,METROPOLITAN NATIONAL BANK,SAN ANTONIO,,False,,,,2026-07-10
24563,528960,Texas Community Bank,Laredo,TX,True,2240710,0,1983-06-20,2026-07-10
24564,,OLYMPIC NATIONAL BANK,LOS ANGELES,,False,,,,2026-07-10
24565,,"MISSION VALLEY BANK, NATIONAL ASSOC",SAN CLEMENTE,,False,,,,2026-07-10
24568,,ALVARADO BANK,RICHMOND,,False,,,,2026-07-10
24569,,NORTH AMERICAN NATIONAL BANK,LITTLETON,,False,,,,2026-07-10
24573,,"TOWER BANK, N.A.",HIALEAH GARDENS,,False,,,,2026-07-10
24588,,MANILABANK,LOS ANGELES,,False,,,,2026-07-10
24595,,FIRST EASTERN BANK & TRUST COMPANY,NEW ORLEANS,,False,,,,2026-07-10
24601,,PROGRESSIVE NATIONAL BANK OF RAYNE,RAYNE,,False,,,,2026-07-10
24607,,"FIRST CITY, TEXAS - WESTWOOD",HOUSTON,,False,,,,2026-07-10
24614,,TEXAS BANK OF PLANO,PLANO,,False,,,,2026-07-10
24623,,ORANGE STATE BANK,MIAMI,,False,,,,2026-07-10
24630,,PRESTON NORTH NATIONAL BANK,DALLAS,,False,,,,2026-07-10
24633,,PLACER BANK OF COMMERCE,ROSEVILLE,,False,,,,2026-07-10
24638,,LANDMARK NATIONAL BANK,DENVER,,False,,,,2026-07-10
24645,,SADDLEBACK NATIONAL BANK,LAGUNA HILLS,,False,,,,2026-07-10
24652,,WILLOW BEND NATIONAL BANK,PLANO,,False,,,,2026-07-10
24653,,"WILSHIRE CENTER BANK,",LOS ANGELES,,False,,,,2026-07-10
24654,,WESTERN UNITED NATIONAL BANK,LOS ANGELES,,False,,,,2026-07-10
24657,,GREATER TEXAS BANK LEANDER,LEANDER,,False,,,,2026-07-10
24660,,DOUGLASS NATIONAL BANK,KANSAS CITY,,False,,,,2026-07-10
24664,,"RESOURCE BANK, N.A.",HOUSTON,,False,,,,2026-07-10
24666,,"SIGNATURE BANK, NATIONAL ASSOCIATION",DALLAS,,False,,,,2026-07-10
24676,,"FIRST WESTERN BANK, N.A.",SAN DIEGO,,False,,,,2026-07-10
24683,,BANK M,MIAMI,,False,,,,2026-07-10
24703,,"BANCFIRST-AUSTIN, N.A.",AUSTIN,,False,,,,2026-07-10
24704,,WESTERN NATIONAL BANK OF LOUISIANA,KAPLAN,,False,,,,2026-07-10
24705,,"COMMUNITY BANK, NATIONAL ASSOCIATION",DECKER PRAIRIE,,False,,,,2026-07-10
24709,,SUNBELT NATIONAL BANK,DALLAS,,False,,,,2026-07-10
24723,,"FIRST CITY, TEXAS - SAN ANTONIO",SAN ANTONIO,,False,,,,2026-07-10
24724,,TEXAS NATIONAL BANK,EL PASO,,False,,,,2026-07-10
24727,,INDEPENDENT NATIONAL BANK,COVINA,,False,,,,2026-07-10
24735,,SILICON VALLEY BANK,SANTA CLARA,CA,False,209026000,,,2026-07-10
24741,,BENNETT NATIONAL BANK,BENNETT,,False,,,,2026-07-10
24752,,THE RED RIVER BANK,RED RIVER,,False,,,,2026-07-10
24754,,GUARDIAN BANK,LOS ANGELES,,False,,,,2026-07-10
24757,,FIDELITY NATIONAL BANK,HOUSTON,,False,,,,2026-07-10
24759,,"FIRST CITY, TEXAS - NORTHWEST HILLS",AUSTIN,,False,,,,2026-07-10
24761,,"PARK WEST BANK, N.A.",FARMERS BRANCH,,False,,,,2026-07-10
24762,,TRINITY NATIONAL BANK,SAN ANTONIO,,False,,,,2026-07-10
24765,,"CY-FAIR BANK, N.A.",HARRIS COUNTY,,False,,,,2026-07-10
24782,,"FIRST REPUBLICBANK-MIDLAND, N.A.",MIDLAND,,False,,,,2026-07-10
24789,,NEW CITY BANK,ORANGE,,False,,,,2026-07-10
24791,,"THE SOUTHWESTERN BANK, N.A.",HOUSTON,,False,,,,2026-07-10
24793,,INDEPENDENCE BANK,PLANO,,False,,,,2026-07-10
24811,,BOSTON PRIVATE BANK&TRUST CO,BOSTON,MA,,10242730,,,2026-07-10
24822,,EXPRESSWAY BANK,OKLAHOMA CITY,,False,,,,2026-07-10
24823,867632,International Finance Bank,Miami,FL,True,1565756,0,1983-11-30,2026-07-10
24831,,FIRST MARINE BANK OF FLORIDA,PALM CITY,,False,,,,2026-07-10
24836,,"FIRST HOUSTON BANK, N.A.",HOUSTON,,False,,,,2026-07-10
24846,,WESTHEIMER NATIONAL BANK,HOUSTON,,False,,,,2026-07-10
24855,,TEXANA NATIONAL BANK OF COLLEGE,COLLEGE STATION,,False,,,,2026-07-10
24863,,FIRST EXCHANGE BANK OF CAPE GIRARDEAU,CAPE GIRARDEAU,,False,,,,2026-07-10
24864,,BANK OF EAST TEXAS,TYLER,,False,,,,2026-07-10
24885,,"NORTHWEST COMMERCIAL BANK, N.A.",HOUSTON,,False,,,,2026-07-10
24889,,NATIONAL BANK OF ARIZONA,SCOTTSDALE,,False,,,,2026-07-10
24896,,"MEMORIAL BANK, NATIONAL ASSOCIATION",HOUSTON,,False,,,,2026-07-10
24897,293053,Community National Bank,Midland,TX,True,2578510,18054,1984-01-03,2026-07-10
24901,,MIDLOTHIAN NATIONAL BANK,MIDLOTHIAN,,False,,,,2026-07-10
24915,,SECURITY NATIONAL BANK OF ELGIN,ELGIN,,False,,,,2026-07-10
24917,,BANK OF AURORA,AURORA,,False,,,,2026-07-10
24919,590220,Uwharrie Bank,Albemarle,NC,True,1247557,0,1984-01-26,2026-07-10
24920,384018,Woori America Bank,New York,NY,True,4041585,0,1984-01-27,2026-07-10
24921,,STATE BANK OF COMMERCE,SLIDELL,,False,,,,2026-07-10
24937,,"FIDELITY BANK, NATIONAL ASSOCIATION",SAN ANTONIO,,False,,,,2026-07-10
24941,,ACADIANA NATIONAL BANK,LAFAYETTE,,False,,,,2026-07-10
24957,,FIRST LOWNDES BANK,FORT DEPOSIT,,False,,,,2026-07-10
24959,,ORLEANS BANK AND TRUST COMPANY,NEW ORLEANS,,False,,,,2026-07-10
24963,,PROSPERITY BANK,SAINT AUGUSTINE,FL,,1016701,,,2026-07-10
24965,,LOUISIANA COMMERCIAL BANK,MADISONVILLE,,False,,,,2026-07-10
24977,,CAPITAL NATIONAL BANK,FORT WORTH,,False,,,,2026-07-10
24978,,FIRST NATIONAL BANK OF DEL CITY,DEL CITY,,False,,,,2026-07-10
24982,,PEOPLES NATIONAL BANK,CALDWELL,,False,,,,2026-07-10
24990,,FIRST STATE BANK OF ATMORE,ATMORE,,False,,,,2026-07-10
24998,601050,Commerce Bank,Kansas City,MO,True,35540239,0,1984-02-21,2026-07-10
24999,,LINCOLN NATIONAL BANK,ARLINGTON,,False,,,,2026-07-10
25000,,HERITAGE NATIONAL BANK,AUSTIN,,False,,,,2026-07-10
25017,,WEST HOUSTON NATIONAL BANK,HOUSTON,,False,,,,2026-07-10
25047,,AMERICAN NATIONAL BANK OF EASTRIDGE,CASPER,,False,,,,2026-07-10
25052,,CHANCERY NATIONAL BANK,DENVER,,False,,,,2026-07-10
25053,,AMERICAN NATIONAL BANK OF GRAND JUNCTION,GRAND JUNCTION,,False,,,,2026-07-10
25055,,AMERICAN COMMERCE NATIONAL BANK,ANAHEIM,,False,,,,2026-07-10
25056,,MONUMENT NATIONAL BANK,RIDGECREST,,False,,,,2026-07-10
25059,,"THE FINANCIAL CENTER BANK, N.A.",SAN FRANCISCO,,False,,,,2026-07-10
25061,,BEAUMONT BANK-NATIONAL ASSOCIATION,BEAUMONT,,False,,,,2026-07-10
25063,,CASTLE HILLS NATIONAL BANK,SAN ANTONIO,,False,,,,2026-07-10
25089,,CENTRE NATIONAL BANK-FARMERS BRANCH,FARMERS BRANCH,,False,,,,2026-07-10
25093,245016,Habib American Bank,New York,NY,True,2977085,0,1984-04-16,2026-07-10
25099,,"PREMIER BANK, A NATIONAL ASSOCIATION",DALLAS,,False,,,,2026-07-10
25100,,MIDWAY NATIONAL BANK,DALLAS,,False,,,,2026-07-10
25101,,FIRST NATIONAL BANK OF ATASCOCITA,HARRIS COUNTY,,False,,,,2026-07-10
25103,575254,City Bank,Lubbock,TX,True,4643946,0,1984-04-13,2026-07-10
25120,,COMMUNITY NATIONAL BANK,SHERMAN,,False,,,,2026-07-10
25121,,ROUND ROCK NATIONAL BANK,ROUND ROCK,,False,,,,2026-07-10
25125,,FIRST COMMERCIAL BANK OF FLORIDA,BOCA RATON,,False,,,,2026-07-10
25128,,SAYBROOK BANK AND TRUST COMPANY,OLD SAYBROOK,,False,,,,2026-07-10
25138,,TUCKER STATE BANK,JACKSONVILLE,,False,,,,2026-07-10
25142,,"NORTHWEST BANK, NATIONAL ASSOCIATION",SAN ANTONIO,,False,,,,2026-07-10
25143,,"BANCFIRST-WESTLAKE, N.A.",AUSTIN,,False,,,,2026-07-10
25145,,SEAFIRST BANK,PORT ST. LUCIE,,False,,,,2026-07-10
25146,,LANDMARK BANK OF FORTH WORTH,FORT WORTH,,False,,,,2026-07-10
25155,,THE FIRST NATIONAL BANK OF FLORIDA,MILTON,,False,,,,2026-07-10
25162,,"EXECUTIVE CENTER BANK, N.A.",DALLAS,,False,,,,2026-07-10
25166,,FIRST NATIONAL BANK OF FRISCO,FRISCO,,False,,,,2026-07-10
25171,,EXECUTIVE NATIONAL BANK,SAN ANTONIO,,False,,,,2026-07-10
25172,,METRO BANK OF DADE COUNTY,MIAMI,,False,,,,2026-07-10
25178,1443266,"Bank of America California, National Association",San Francisco,CA,True,15126000,24077,1984-05-18,2026-07-10
25180,,TRINITY NATIONAL BANK,BENBROOK,,False,,,,2026-07-10
25188,,ENTERPRISE NATIONAL BANK,ENGLEWOOD,,False,,,,2026-07-10
25190,,FIRST NATIONAL BANK OF VAIL,VAIL,,False,,,,2026-07-10
25193,,FEDERATED NATIONAL BANK,LIVE OAK,,False,,,,2026-07-10
25194,,THE TRUST BANK,HIALEAH,,False,,,,2026-07-10
25218,,"THE BANK OF EDMOND, NATIONAL ASSOC",EDMOND,,False,,,,2026-07-10
25222,,CITIZENS NATIONAL BANK,TEAGUE,,False,,,,2026-07-10
25229,,U.S. SAVINGS BANK OF AMERICA,SEABROOK,,False,,,,2026-07-10
25231,,FIRST BANK OF KANSAS CITY,KANSAS CITY,,False,,,,2026-07-10
25247,734538,First National Banker's Bank,Baton Rouge,LA,True,1161205,18278,1984-07-02,2026-07-10
25248,,FIRST NATIONAL BANK OF KINGSWOOD,KINGSWOOD,,False,,,,2026-07-10
25251,,RIVER CITY BANK,CASTLE HILLS,,False,,,,2026-07-10
25258,44433,"Pibank, National Association",Miami,FL,True,2028949,18283,1984-07-02,2026-07-10
25266,,COMMUNITY NATIONAL BANK AT BARTOW,BARTOW,,False,,,,2026-07-10
25272,,EAST TEXAS NB OF MARSHALL,MARSHALL,,False,,,,2026-07-10
25274,,TEXAS NATIONAL BANK,AUSTIN,,False,,,,2026-07-10
25285,,"BANK OF LOS GATOS, N.A.",LOS GATOS,,False,,,,2026-07-10
25288,,GLOBAL BANK,HIALEAH,,False,,,,2026-07-10
25297,,"THE LONE ROCK BANK, N.A.",LONE ROCK,,False,,,,2026-07-10
25300,,CLIFTON NATIONAL BANK,CLIFTON,,False,,,,2026-07-10
25301,,CITIZENS NATIONAL BANK,EL CAMPO,,False,,,,2026-07-10
25306,,SAILORS & MERCHANTS B&T CO.,VIENNA,,False,,,,2026-07-10
25308,,"CAPITAL BANK-NORTHWEST, NATIONAL",SAN ANTONIO,,False,,,,2026-07-10
25326,,SEALY NATIONAL BANK,SEALY,,False,,,,2026-07-10
25329,,CITIZENS BANK OF GLENDALE,DENVER,,False,,,,2026-07-10
25330,,UNITED CENTRAL BANK,GARLAND,TX,,1287619,,,2026-07-10
25331,,FLOWER MOUND BANK,FLOWER MOUND,,False,,,,2026-07-10
25335,,TEXAS NATIONAL BANK,HOUSTON,,False,,,,2026-07-10
25592,,LANDMARK THRIFT AND LOAN ASSOCIATION,SAN DIEGO,,False,,,,2026-07-10
25595,,FIRST BANKERS TRUST OF BOSSIER CITY,BOSSIER CITY,,False,,,,2026-07-10
25605,,FIRST NATIONAL BANK,PURCELL,,False,,,,2026-07-10
25606,,TEXANA NATIONAL BANK OF BELTON,BELTON,,False,,,,2026-07-10
25620,639567,"Credit One Bank, National Association",Las Vegas,NV,True,2161721,20291,1984-07-30,2026-07-10
25633,,BEAR CREEK NATIONAL BANK,BEAR CREEK,,False,,,,2026-07-10
25647,,EMPIRE NATIONAL BANK,LOS ANGELES,,False,,,,2026-07-10
25649,,INDEPENDENT NATIONAL BANK,PHOENIX,,False,,,,2026-07-10
25652,,"FIRST CONTINENTAL BK OF ROCKRIMMON, N.A.",COLORADO SPRINGS,,False,,,,2026-07-10
25653,,FREMONT INVESTMENT&LOAN,BREA,CA,,5657341,,,2026-07-10
25662,,BANK OF THE WEST,AUSTIN,,False,,,,2026-07-10
25666,,GUARDIAN BANK,SCOTTSDALE,,False,,,,2026-07-10
25667,,FIRESIDE BANK,PLEASANTON,CA,,1014463,,,2026-07-10
25674,,"WESTHEIMER MEMORIAL BANK, NA",HOUSTON,,False,,,,2026-07-10
25676,,"GREATER TEXAS BANK NORTH, NA",AUSTIN,,False,,,,2026-07-10
25678,,SUPERIOR NATIONAL BANK,KANSAS CITY,,False,,,,2026-07-10
25679,230759,International Bank of Commerce,Brownsville,TX,True,4520154,0,1984-10-09,2026-07-10
25698,,"PARK AVENUE BANK, NATIONAL ASSOC",OKLAHOMA CITY,,False,,,,2026-07-10
25699,,PIONEER NATIONAL BANK,ARLINGTON,,False,,,,2026-07-10
25701,,FIDELITY NATIONAL BANK OF FORT WORTH,FORT WORTH,,False,,,,2026-07-10
25721,,INVESTORS BANK AND TRUST COMPANY,GRETNA,,False,,,,2026-07-10
25731,,"MEDCENTRE BANK,N.A.",SAN ANTONIO,,False,,,,2026-07-10
25733,,MUSTANG NATIONAL BANK,MUSTANG,,False,,,,2026-07-10
25735,,STEEPLECHASE NATIONAL BANK,HOUSTON,,False,,,,2026-07-10
25736,,VILLAGE GREEN NATIONAL BANK,JERSEY VILLAGE,,False,,,,2026-07-10
25738,396253,Sovereign Bank,Shawnee,OK,True,1399061,18430,1984-10-29,2026-07-10
25742,,AMERICAN NATIONAL BANK OF EVANSTON,EVANSTON,,False,,,,2026-07-10
25743,,COLLIN COUNTY STATE BANK,MELISSA,,False,,,,2026-07-10
25747,,CRESCENT CITY BANK & TRUST COMPANY,NEW ORLEANS,,False,,,,2026-07-10
25751,,"NORTH BANK, NATIONAL ASSOCIATION",OKLAHOMA CITY,,False,,,,2026-07-10
25760,,HIGHLAND PARK NATIONAL BANK,DALLAS,,False,,,,2026-07-10
25762,,OAK FOREST NATIONAL BANK,LONGVIEW,,False,,,,2026-07-10
25763,,LONE STAR NATIONAL BANK,DALLAS,,False,,,,2026-07-10
25765,,"TEXAS BANK NORTH, NA",SAN ANTONIO,,False,,,,2026-07-10
25780,,CHAMPIONS POINT NATIONAL BANK,HOUSTON,,False,,,,2026-07-10
25782,,FIRST CONSOLIDATED BANK - PLEASANT RUN,LANCASTER,,False,,,,2026-07-10
25783,,MOREHEAD NATIONAL BANK,MOREHEAD,,False,,,,2026-07-10
25791,,NATIONAL FIDELITY BANK OF SHREVEPORT,SHREVEPORT,,False,,,,2026-07-10
25793,,TEXAS NATIONAL BANK,VICTORIA,,False,,,,2026-07-10
25794,,SEMINOLE NATIONAL BANK,HOLLYWOOD,,False,,,,2026-07-10
25796,,COMMUNITY BANK AND TRUST - WEST GEORGIA,LAGRANGE,,False,,,,2026-07-10
25811,,FIRST NATIONAL BANK AUSTIN,AUSTIN,,False,,,,2026-07-10
25812,,WESTPOINT NATIONAL BANK,SAN ANTONIO,,False,,,,2026-07-10
25813,,"INDEPENDENT BANK, NATIONAL ASSOC",COPPELL,,False,,,,2026-07-10
25815,,"ROCKPORT BANK, NATIONAL ASSOCIATION",ARANSAS COUNTY,,False,,,,2026-07-10
25816,,REPUBLIC NATIONAL BANK,NORMAN,,False,,,,2026-07-10
25817,,THE LANDMARK BANK,HARTFORD,,False,,,,2026-07-10
25831,,BERGEN PARK NATIONAL BANK,EVERGREEN,,False,,,,2026-07-10
25837,,"FIRST NATIONAL BANK, BEDFORD",BEDFORD,,False,,,,2026-07-10
25851,,HEARTLAND TRI-STATE BANK,ELKHART,,False,,,,2026-07-10
25854,,FALLBROOK NATIONAL BANK,HOUSTON,,False,,,,2026-07-10
25855,,SECURITY BANK,DALLAS,,False,,,,2026-07-10
25858,139656,Equity Bank,Andover,KS,True,7653639,0,1985-01-21,2026-07-10
25871,,PARK FORTY-FIVE NATIONAL BANK,SPRING,,False,,,,2026-07-10
25872,,CITIZENS BANK,CLARKSVILLE,,False,,,,2026-07-10
25874,,"BACLIFF BANK, NATIONAL ASSOCIATION",BACLIFF,,False,,,,2026-07-10
25878,,ATLANTIC TRUST COMPANY,NEWINGTON,,False,,,,2026-07-10
25879,,INTER NATIONAL BANK,MCALLEN,TX,,1366669,,,2026-07-10
25882,,NATIONAL CITY BANK,CORAL SPRINGS,,False,,,,2026-07-10
25884,,MIDSOUTH BANK NATIONAL ASSN,LAFAYETTE,LA,,1712184,,,2026-07-10
25886,956750,Rio Bank,Mcallen,TX,True,1425871,0,1985-02-11,2026-07-10
25898,,ALVARADO NATIONAL BANK,ALVARADO,,False,,,,2026-07-10
25906,,THOUSAND OAKS NATIONAL BANK,SAN ANTONIO,,False,,,,2026-07-10
25907,,COLUMBIA BANK,AVONDALE,,False,,,,2026-07-10
25909,,ROCKY MOUNTAIN NATIONAL BANK,DENVER,,False,,,,2026-07-10
25918,,OLYMPIC INTERNATIONAL BANK & TRUST,BOSTON,,False,,,,2026-07-10
26180,,AMERICAN NATIONAL BANK,ELK CITY,,False,,,,2026-07-10
26182,,BRUSHY CREEK NATIONAL BANK,ROUND ROCK,,False,,,,2026-07-10
26187,,FOUNDERS BANK,NEW HAVEN,,False,,,,2026-07-10
26199,,TEXAS NATIONAL BANK-WESTHEIMER,HOUSTON,,False,,,,2026-07-10
26201,,NORTH CENTRAL NATIONAL BANK,AUSTIN,,False,,,,2026-07-10
26205,,FIRST STATE BANK OF TEXAS,DUNCANVILLE,,False,,,,2026-07-10
26207,,AMERICAN BANK OF COMMERCE,DENVER,,False,,,,2026-07-10
26218,,PARK BANK,MILWAUKEE,WI,,1110741,,,2026-07-10
26220,,SOUTHWEST NATIONAL BANK,HOUSTON,,False,,,,2026-07-10
26223,536059,"Golden Bank, National Association",Houston,TX,True,2248800,18558,1985-05-03,2026-07-10
26225,,UNITED PEOPLES BANK,LAMPASAS,,False,,,,2026-07-10
26227,,FIRST INTERCOUNTY BANK OF NEW YORK,NEW YORK,,False,,,,2026-07-10
26240,,SUN NATIONAL BANK,MOUNT LAUREL,NJ,,2142563,,,2026-07-10
26241,,"FEDERAL FINANCE & MORTGAGE, LTD",HONOLULU,,False,,,,2026-07-10
26247,,CENTRAL BANK OF THE MIDWEST,LEES SUMMIT,MO,,4089116,,,2026-07-10
26252,,PLAZA DEL ORO NATIONAL BANK,HOUSTON,,False,,,,2026-07-10
26255,,METRO BANK,LEMOYNE,PA,,2905349,,,2026-07-10
26257,,ENTERPRISE BANK OF FLORIDA,MIAMI LAKES,,False,,,,2026-07-10
26270,,FIDELITY BANK,SCOTTSDALE,,False,,,,2026-07-10
26273,,HILTON HEAD BANK & TRUST COMPANY,HILTON HEAD ISLAND,,False,,,,2026-07-10
26274,,FIRST NATIONAL BANK OF MIAMI,MIAMI,,False,,,,2026-07-10
26290,,FIRST SECURITY NATIONAL BANK,NORCROSS,,False,,,,2026-07-10
26297,,FIRST NATIONAL BANK OF CENTRAL FLORIDA,WINTER PARK,,False,,,,2026-07-10
26299,577137,Pacific National Bank,Miami,FL,True,1512885,20010,1985-07-22,2026-07-10
26302,,COMMUNITY NATIONAL BANK,GLASTONBURY,,False,,,,2026-07-10
26312,1883321,"First American Trust, FSB",Santa Ana,CA,True,8323217,715660,1985-07-30,2026-07-10
26315,,WESTLAKE THRIFT & LOAN ASSOCIATION,WESTLAKE VILLAGE,,False,,,,2026-07-10
26319,,"PARK CENTRAL BANK, NATIONAL ASSOC",FORT WORTH,,False,,,,2026-07-10
26323,,FLORIDA CAPITAL BANK NA,JACKSONVILLE,FL,,1048447,,,2026-07-10
26331,,COMMUNITY GUARDIAN BANK,ELMWOOD PARK,,False,,,,2026-07-10
26333,852704,Genesee Regional Bank,Rochester,NY,True,1314433,0,1985-08-12,2026-07-10
26336,173575,The Village Bank,Newton,MA,True,2033847,0,1910-05-01,2026-07-10
26339,,FIRST CITY - SIOUX FALLS N.A.,SIOUX FALLS,,False,,,,2026-07-10
26342,3783948,"RBC Bank, (Georgia) National Association",Atlanta,GA,True,8785816,23416,1985-08-30,2026-07-10
26348,,IMPERIAL CAPITAL BANK,LA JOLLA,CA,False,4046888,,,2026-07-10
26353,,"THE WALLER BANK, NATIONAL ASSOCIATION",WALLER,,False,,,,2026-07-10
26356,,TRI-CITIES BANK & TRUST,GLENN HEIGHTS,,False,,,,2026-07-10
26359,,FIRST COMMERCIAL BANK,BIRMINGHAM,AL,,2018875,,,2026-07-10
26362,,WHITTIER THRIFT & LOAN,WHITTIER,,False,,,,2026-07-10
26364,,COLONY SAVINGS BANK,WALLINGFORD,,False,,,,2026-07-10
26373,,CITIZENS NATIONAL BANK,KERRVILLE,,False,,,,2026-07-10
26374,,CENTURY THRIFT AND LOAN,LOS ANGELES,,False,,,,2026-07-10
26381,594853,"Bonvenu Bank, National Association",Bossier City,LA,True,1578903,20184,1985-10-07,2026-07-10
26383,,DOUGLAS COUNTY NATIONAL BANK,PARKER,,False,,,,2026-07-10
26387,,AMERICAN NATIONAL BANK OF GREENVILLE,GREENVILLE,,False,,,,2026-07-10
26395,154770,MutualOne Bank,Framingham,MA,True,1256749,0,1889-01-01,2026-07-10
26403,,BANK OF IDAHO,IDAHO FALLS,ID,,1302348,,,2026-07-10
26420,,AMERICAN NATIONAL BANK - POST OAK,HOUSTON,,False,,,,2026-07-10
26429,,COMMERCE BANK OF TAMPA,TAMPA,,False,,,,2026-07-10
26431,,FAIRFIELD FIRST BANK & TRUST CO,SOUTHPORT,,False,,,,2026-07-10
26433,,"GREATER TEXAS BANK SOUTHWEST, NA",TRAVIS COUNTY,,False,,,,2026-07-10
26439,,ORANGE COAST THRIFT & LOAN ASSOCIATION,LOS ALAMITOS,,False,,,,2026-07-10
26440,,HUNTINGTON PACIFIC THRIFT & LOAN,HUNTINGTON,,False,,,,2026-07-10
26444,952172,Everett Co-operative Bank,Everett,MA,True,1649986,0,1890-01-01,2026-07-10
26447,,SUMMIT NATIONAL BANK,TORRINGTON,,False,,,,2026-07-10
26451,933377,Fidelity Co-operative Bank,Leominster,MA,True,1344721,0,1888-01-01,2026-07-10
26462,,PRAIRIE STATE BANK,GRAND PRAIRIE,,False,,,,2026-07-10
26464,,FIRST COMMERCE NATIONAL BANK,PHOENIX,,False,,,,2026-07-10
26468,,"BANCO NACIONAL, NATIONAL ASSOCIATION",SAN JUAN,,False,,,,2026-07-10
26469,,IMPERIAL BANK,CORAL GABLES,,False,,,,2026-07-10
26475,,FORT WORTH STATE BANK,FORT WORTH,,False,,,,2026-07-10
26483,339773,Needham Bank,Needham,MA,True,7174892,0,1892-01-01,2026-07-10
26484,161273,TruNorth Bank,Peabody,MA,True,3270641,0,1888-01-01,2026-07-10
26486,,UNITED BANK,WEST SPRINGFIELD,MA,,2463958,,,2026-07-10
26488,,FIRST CALIFORNIA BANK,LA MESA,,False,,,,2026-07-10
26493,,ASSURED THRIFT AND LOAN ASSOCIATION,STOCKTON,,False,,,,2026-07-10
26495,,CITY THRIFT AND LOAN ASSOCIATION,LOS ANGELES,,False,,,,2026-07-10
26517,119779,Cape & Coast Bank,Yarmouth Port,MA,True,1672894,0,1921-01-01,2026-07-10
26523,1004470,Bankhometown,Oxford,MA,True,1620502,0,1889-01-01,2026-07-10
26535,,SILVERTON BANK NATIONAL ASSN,ATLANTA,GA,False,4157246,,,2026-07-10
26538,,OCALA NATIONAL BANK,OCALA,,False,,,,2026-07-10
26540,,COMMERCE BANK OF PLANO,PLANO,,False,,,,2026-07-10
26543,,FIRST NATIONAL BANK,WICHITA FALLS,TX,,1154876,,,2026-07-10
26546,,FIRST AMERICAN BANK & TR OF FRIENDSWOOD,FRIENDSWOOD,,False,,,,2026-07-10
26547,,FIRST AMERICAN BANK,SAN ANTONIO,,False,,,,2026-07-10
26555,1013070,OneLocal Bank,Norwood,MA,True,1056267,0,1889-01-01,2026-07-10
26557,,COOLIDGE CORNER CO-OPERATIVE BANK,BROOKLINE,,False,,,,2026-07-10
26561,,FIRST HANOVER BANK,WILMINGTON,,False,,,,2026-07-10
26563,,PENINSULA BANK,ENGLEWOOD,,False,,,,2026-07-10
26585,,GRANITE CO-OPERATIVE BANK,QUINCY,,False,,,,2026-07-10
26590,,ABINGTON BANK,ABINGTON,MA,,1347296,,,2026-07-10
26607,,BANKTRUST,MOBILE,AL,,1930250,,,2026-07-10
26608,,SEARCH NATIONAL BANK,DALLAS,,False,,,,2026-07-10
26609,,CITY NATIONAL BANK,HOUSTON,,False,,,,2026-07-10
26610,671464,Bank of Hope,Los Angeles,CA,True,18652384,0,1986-03-18,2026-07-10
26613,,FIRST EXCHANGE BANK OF  ST. LOUIS,ST. LOUIS,,False,,,,2026-07-10
26619,,BUTLER BANK,LOWELL,,False,,,,2026-07-10
26620,1008674,Reading Co-operative Bank,Reading,MA,True,1176917,0,1886-01-01,2026-07-10
26626,726953,"United Texas Bank, National Association",Dallas,TX,True,1023976,25377,1986-04-07,2026-07-10
26636,,LEWIS COUNTY SAVINGS AND LOAN CO,WESTON,,False,,,,2026-07-10
26647,932978,Firstrust Savings Bank,Conshohocken,PA,True,5636176,0,1934-01-01,2026-07-10
26648,,"CROWN BANK, NATIONAL ASSOCIATION",SAN ANTONIO,,False,,,,2026-07-10
26652,,NET FIRST NATIONAL BANK,BOCA RATON,,False,,,,2026-07-10
26654,,CITY NATIONAL BANK OF IRVING,IRVING,,False,,,,2026-07-10
26655,,OAK HILL NATIONAL BANK,TRAVIS COUNTY,,False,,,,2026-07-10
26656,,STATEWIDE THRIFT AND LOAN CO.,REDWOOD CITY,,False,,,,2026-07-10
26659,,BEACON CO-OPERATIVE BANK,BOSTON,,False,,,,2026-07-10
26667,,GATEWAY NATIONAL BANK,PHOENIX,,False,,,,2026-07-10
26676,,FIRST NATIONAL BANK OF TEXAS,WEBSTER,,False,,,,2026-07-10
26680,,HERITAGE BANK OF NORTH FLORIDA,ORANGE PARK,,False,,,,2026-07-10
26686,,FIRST NATIONAL BANK OF KENNEDALE,KENNEDALE,,False,,,,2026-07-10
26690,,WILMINGTON TR OF PA,VILLANOVA,PA,,1305220,,,2026-07-10
26695,,"THE PRIVATE BANK & TRUST, NATION",MIAMI,,False,,,,2026-07-10
26700,,DARTMOUTH BANK,MANCHESTER,,False,,,,2026-07-10
26701,,COLONIAL THRIFT & LOAN ASSOCIATION,CULVER CITY,,False,,,,2026-07-10
26711,,LAKELAND STATE BANK,AUSTIN,,False,,,,2026-07-10
26722,,EMPIRE STATE BANK,NEW YORK,,False,,,,2026-07-10
26723,,FIRST REPUBLICBANK DELAWARE,NEWARK,,False,,,,2026-07-10
26725,110936,Banco do Brasil Americas,Miami,FL,True,3393780,0,1986-07-24,2026-07-10
26748,,GOLDEN CITY COMMERCIAL BANK,NEW YORK,,False,,,,2026-07-10
26759,,BANK OF THE EASTERN SHORE,CAMBRIDGE,,False,,,,2026-07-10
26776,,CHISHOLM NATIONAL BANK,PLANO,,False,,,,2026-07-10
26778,,RELIANCE BANK,WHITE PLAINS,,False,,,,2026-07-10
26791,,BOSTON TRADE BANK,BOSTON,,False,,,,2026-07-10
26792,,HILLSBOROUGH BANK AND TRUST CO,MILFORD,,False,,,,2026-07-10
26807,,INTERSTATE BANK OF COMMERCE,MIAMI,,False,,,,2026-07-10
26814,,FIRST CITY NATIONAL BANK AND TRUST,NEW YORK,,False,,,,2026-07-10
26815,,HARBOR NATIONAL BANK OF CONNECTICUT,BRANFORD,,False,,,,2026-07-10
26820,,INDEPENDENT BANKERS' BANK,SPRINGFIELD,,False,,,,2026-07-10
26835,,BANK OF COMMERCE,ALEXANDRIA,,False,,,,2026-07-10
26838,,GUARANTY NATIONAL BANK,TALLAHASSEE,,False,,,,2026-07-10
26843,,MIDCOUNTY BANK AND TRUST COMPANY,NORWOOD,,False,,,,2026-07-10
26844,,"HIGHLANDS COMMUNITY BANK, N.A.",CLINTON TOWNSHIP,,False,,,,2026-07-10
26849,,CAROLINA FIRST BANK,GREENVILLE,SC,,11577485,,,2026-07-10
26856,564557,Falcon International Bank,Laredo,TX,True,2277493,0,1986-12-10,2026-07-10
26862,,"MERCHANTSBANK OF BOSTON, A CO-OP",BOSTON,,False,,,,2026-07-10
26864,,WORKINGMEN'S CO-OPERATIVE BANK,BOSTON,,False,,,,2026-07-10
26870,,FRANKLIN BANK SSB,HOUSTON,TX,False,5089260,,,2026-07-10
26876,918918,Safra National Bank of New York,New York,NY,True,12154963,20948,1987-01-01,2026-07-10
26881,962966,"SoFi Bank, National Association",Cottonwood Heights,UT,True,49667835,20862,1986-12-29,2026-07-10
26895,,MAYFAIR BANK,CHICAGO,,False,,,,2026-07-10
26901,,BROOKFIELD BANK,BROOKFIELD,,False,,,,2026-07-10
26906,380458,Texas Regional Bank,Harlingen,TX,True,2959361,0,1987-03-05,2026-07-10
26909,,THE BANK OF HARTFORD,HARTFORD,,False,,,,2026-07-10
26924,,VALLEY BANK,WHITE RIVER JUNCTION,,False,,,,2026-07-10
26937,,METROBANK NATIONAL ASSN,HOUSTON,TX,,1149839,,,2026-07-10
26945,,FOUNTAIN BANK,SCOTTSDALE,,False,,,,2026-07-10
26946,,MID-JERSEY NATIONAL BANK,SOMERVILLE,,False,,,,2026-07-10
26953,,FIRST BANK OF PLANO,PLANO,,False,,,,2026-07-10
26954,,THE BANK OF VERDE VALLEY,COTTONWOOD,,False,,,,2026-07-10
26960,758851,First Bank of the Lake,Osage Beach,MO,True,2326833,0,1987-05-15,2026-07-10
26962,159636,Wilson Bank and Trust,Lebanon,TN,True,5989062,0,1987-05-11,2026-07-10
26969,,HOBBY COMMUNITY BANK,HOUSTON,,False,,,,2026-07-10
26971,,THE NORWALK BANK,NORWALK,,False,,,,2026-07-10
26983,,WELLS FARGO FINANCIAL BANK,SIOUX FALLS,SD,,6296020,,,2026-07-10
26995,,BRENTWOOD THRIFT AND LOAN ASSOCIATION,LOS ANGELES,,False,,,,2026-07-10
27000,,SENTINEL BANK,HARTFORD,,False,,,,2026-07-10
27001,,POWDER MILL BANK,MORRIS PLAINS,,False,,,,2026-07-10
27002,,SHORE BANK & TRUST CO.,LYNN,,False,,,,2026-07-10
27003,,THE BLACKSTONE BANK AND TRUST CO,BOSTON,,False,,,,2026-07-10
27006,,AMERICAN CHARTERED BANK,SCHAUMBURG,IL,,2774526,,,2026-07-10
27009,,WAINWRIGHT BANK&TRUST CO,BOSTON,MA,,1106395,,,2026-07-10
27011,,FIRST NB OF NEVADA,RENO,NV,False,3411145,,,2026-07-10
27027,,BARBARY COAST NATIONAL BANK,SAN FRANCISCO,,False,,,,2026-07-10
27042,,GREAT WESTERN NATIONAL BANK,LEWISVILLE,,False,,,,2026-07-10
27044,,FIRST SOUTHERN BANK,BOCA RATON,FL,,1042140,,,2026-07-10
27046,923752,Community National Bank & Trust,Chanute,KS,True,2507344,21389,1987-09-04,2026-07-10
27048,,SECURITY BANK OF HOUSTON COUNTY,PERRY,,False,,,,2026-07-10
27052,428547,"St. Charles Bank & Trust Company, National Association",Saint Charles,IL,True,3542800,25211,1987-09-21,2026-07-10
27054,925411,Sumitomo Mitsui Trust Bank (U.S.A.) Limited,Hoboken,NJ,True,3808127,0,1987-09-21,2026-07-10
27072,,COMMONWEALTH THRIFT & LOAN,TORRANCE,,False,,,,2026-07-10
27074,1157415,State Bank of Texas,Irving,TX,True,2764700,0,1987-10-19,2026-07-10
27076,,WACHOVIA MORTGAGE FSB,NORTH LAS VEGAS,NV,,59927703,,,2026-07-10
27078,,FIRST BANK&TRUST,SIOUX FALLS,SD,,1161100,,,2026-07-10
27089,,MIZUHO TRUST&BANKING CO USA,NEW YORK,NY,,1071076,,,2026-07-10
27090,,PACIFIC STATE BANK,STOCKTON,,False,,,,2026-07-10
27092,,NEW HERITAGE BANK,LAWRENCE,,False,,,,2026-07-10
27094,,SOUTHERN PACIFIC BANK,TORRANCE,,False,,,,2026-07-10
27096,,THE PARK AVENUE BANK,NEW YORK,,False,,,,2026-07-10
27125,,XENITH BANK,RICHMOND,VA,,3275872,,,2026-07-10
27126,,SUN AMERICAN BANK,BOCA RATON,,False,,,,2026-07-10
27131,,FIRST NATIONAL BANK OF CEDAR HILL,CEDAR HILL,,False,,,,2026-07-10
27132,,UNITED SECURITY BANK,FRESNO,CA,,1216537,,,2026-07-10
27146,,FIRST COMMUNITY BANK OF CHEROKEE,WOODSTOCK,,False,,,,2026-07-10
27148,,NOVA BANK,BERWYN,,False,,,,2026-07-10
27150,,EUROBANK,SAN JUAN,PR,False,2453138,,,2026-07-10
27151,,BANK OF EAST HARTFORD,EAST HARTFORD,,False,,,,2026-07-10
27157,,SUBURBAN NATIONAL BANK,HILLSBOROUGH TWNS,,False,,,,2026-07-10
27160,,FIRST CONSTITUTION BANK,NEW HAVEN,,False,,,,2026-07-10
27170,,THE MCKINLEY BANK,NILES,,False,,,,2026-07-10
27174,,REGENT THRIFT AND LOAN ASSOCIATION,SAN FRANCISCO,,False,,,,2026-07-10
27183,,COMMUNITY NATIONAL BANK OF SARASOTA COUNTY,VENICE,,False,,,,2026-07-10
27197,,AFFINITY BANK,VENTURA,CA,False,1211431,,,2026-07-10
27203,,PULASKI SAVINGS BANK,PHILADELPHIA,,False,,,,2026-07-10
27210,1187001,InterBank,Oklahoma City,OK,True,5478222,0,1988-03-31,2026-07-10
27213,,MERCHANTS NATIONAL BANK,FORT MYERS,,False,,,,2026-07-10
27234,,CENTRAL BANK,GOLDEN VALLEY,MN,,1243458,,,2026-07-10
27235,547840,STAR Financial Bank,Fort Wayne,IN,True,3190224,0,1988-05-02,2026-07-10
27237,1190476,Enterprise Bank & Trust,Clayton,MO,True,17196325,0,1988-05-09,2026-07-10
27244,,COLUMBIA BANK,COLUMBIA,MD,,2643875,,,2026-07-10
27249,,VIRGINIA COMMERCE BANK,ARLINGTON,VA,,2742790,,,2026-07-10
27259,,SONOMA VALLEY BANK,SONOMA,,False,,,,2026-07-10
27267,1169650,Amerasia Bank,Flushing,NY,True,1033642,0,1988-06-20,2026-07-10
27268,,EMERALD CITY BANK,SEATTLE,,False,,,,2026-07-10
27274,,"TEXAS PREMIER BANK OF VICTORIA, NATIONAL A",VICTORIA,,False,,,,2026-07-10
27287,,NEW HAMPSHIRE SAVINGS BANK,CONCORD,,False,,,,2026-07-10
27290,,SARATOGA NATIONAL BANK&TRUST,SARATOGA SPRINGS,NY,,1155008,,,2026-07-10
27298,,COMMERCE BANK OF WA NA,SEATTLE,WA,,1080753,,,2026-07-10
27307,,CITY NATIONAL BANK OF WASHINGTON,WASHINGTON,,False,,,,2026-07-10
27309,,THE BANK OF BRANDYWINE VALLEY,WEST CHESTER,,False,,,,2026-07-10
27314,1216022,Synchrony Bank,Draper,UT,True,114855000,715044,1988-08-01,2026-07-10
27315,,WHITNEY BANK AND TRUST,HAMDEN,,False,,,,2026-07-10
27316,,TRUMAN BANK,ST. LOUIS,,False,,,,2026-07-10
27330,,SILVERGATE BANK,LA JOLLA,CA,,1282576,,,2026-07-10
27331,,COMMUNITY BANK OF THE OZARKS,SUNRISE,,False,,,,2026-07-10
27332,,REPUBLIC BANK,PHILADELPHIA,PA,False,5866190,,,2026-07-10
27334,,PEOPLES UNITED BANK NA,BRIDGEPORT,CT,,62773810,,,2026-07-10
27344,,INDEPENDENT NATIONAL BANK,OCALA,,False,,,,2026-07-10
27364,,FIRST STATE BANK,SARASOTA,,False,,,,2026-07-10
27367,,SECURITY BANK OF BIBB COUNTY,MACON,GA,False,1183966,,,2026-07-10
27373,,CONNECTICUT VALLEY BANK,CROMWELL,,False,,,,2026-07-10
27374,,MERRILL LYNCH BANK USA,SALT LAKE CITY,UT,False,67995054,,,2026-07-10
27380,,FIRST SECURITY BANK,ROANOKE,,False,,,,2026-07-10
27381,1222519,First Metro Bank,Muscle Shoals,AL,True,1009751,0,1988-11-07,2026-07-10
27389,1225761,Wells Fargo National Bank West,Las Vegas,NV,True,9029626,21099,1988-12-01,2026-07-10
27402,,VERNON BANK,VERNON,,False,,,,2026-07-10
27405,,PUTNAM STATE BANK,PALATKA,,False,,,,2026-07-10
27408,,ENTERPRISE BANK&TRUST CO,LOWELL,MA,,4953455,,,2026-07-10
27415,,PACIFIC THRIFT AND LOAN CO,WOODLAND HILLS,,False,,,,2026-07-10
27416,,HOMETOWN BANK,EDISON,,False,,,,2026-07-10
27418,,THE WASHINGTON BANK (OF MARYLAND),BALTIMORE,,False,,,,2026-07-10
27456,,"GREENWOOD BANK OF BETHEL, INC.",BETHEL,,False,,,,2026-07-10
27463,,ENFIELD NATIONAL BANK,ENFIELD,,False,,,,2026-07-10
27470,,FIRST EXCHANGE BANK OF LITTLE ROCK,LITTLE ROCK,,False,,,,2026-07-10
27471,1394676,American Express National  Bank,Sandy,UT,True,217568586,25151,1989-03-20,2026-07-10
27476,1386251,BancFirst,Oklahoma City,OK,True,12799696,0,1989-04-01,2026-07-10
27499,1391778,Comenity Bank,Wilmington,DE,True,7766339,0,1989-05-01,2026-07-10
27503,,BERKSHIRE BANK,NEW YORK,NY,,1047604,,,2026-07-10
27508,,FIRST NB OF ARIZONA,SCOTTSDALE,AZ,,2836085,,,2026-07-10
27510,1394621,Metro Bank,Pell City,AL,True,1196808,0,1989-05-30,2026-07-10
27525,,METROBANK OF PHILADELPHIA,PHILADELPHIA,,False,,,,2026-07-10
27530,,NARA BANK,LOS ANGELES,CA,,3013513,,,2026-07-10
27552,,1ST CONSTITUTION BANK,CRANBURY,NJ,,1903178,,,2026-07-10
27559,,CRESCENT BANK&TRUST CO,JASPER,GA,False,1011537,,,2026-07-10
27570,,NORTH AMERICAN THRIFT AND LOAN,CORONA DEL MAR,,False,,,,2026-07-10
27572,,COMMUNITY WEST BANK NA,GOLETA,CA,,1062040,,,2026-07-10
27573,,FIRST BANK OF JACKSONVILLE,JACKSONVILLE,,False,,,,2026-07-10
27574,,GEORGIA B&T CO OF AUGUSTA,AUGUSTA,GA,,1837265,,,2026-07-10
27583,,FIRST COMMERCIAL BANK OF TAMPA BAY,TAMPA,,False,,,,2026-07-10
27589,1917301,"Lake Forest Bank & Trust Company, National Association",Lake Forest,IL,True,8997757,25149,1986-05-21,2026-07-10
27599,,OLD LINE BANK,BOWIE,MD,,3095359,,,2026-07-10
27602,,THE PRIVATEBANK,BLOOMFIELD HILLS,MI,,1187282,,,2026-07-10
27614,,FULTON BANK OF NEW JERSEY,MOUNT LAUREL,NJ,,4238175,,,2026-07-10
27616,,FIRST FEDERAL S & L /CENTRAL INDIANA,ANDERSON,,False,,,,2026-07-10
27617,,UNITED S & L OF TRENTON,TRENTON,,False,,,,2026-07-10
27618,,STANDARD FS & LA,COLUMBIA,,False,,,,2026-07-10
27619,864471,Piedmont Federal Savings Bank,Winston Salem,NC,True,1307724,700007,1903-01-01,2026-07-10
27620,,MUTUAL FS&LA OF MASON CITY,MASON CITY,,False,,,,2026-07-10
27622,,HOME FS&LA,SIOUX CITY,,False,,,,2026-07-10
27627,,BANKERS S & L ASSOC.,GALVESTON,,False,,,,2026-07-10
27631,,FIRST FED. S & L ASSOC.,SHREVEPORT,,False,,,,2026-07-10
27632,,TRAVIS SAVINGS & LOAN ASSOC.,SAN ANTONIO,,False,,,,2026-07-10
27633,,FIRST FEDERAL SAVINGS,BEAUMONT,,False,,,,2026-07-10
27636,,OLNEY SAVINGS ASSOCIATION,OLNEY,,False,,,,2026-07-10
27638,,RESOURCE SA,DENISON,,False,,,,2026-07-10
27649,,FAMILY FS&LA,SAGINAW,,False,,,,2026-07-10
27651,,METROPOLITAN FINANCIAL FS & LA,DALLAS,,False,,,,2026-07-10
27653,,GIBRALTAR SA,HOUSTON,,False,,,,2026-07-10
27655,,CENTENNIAL SAVINGS BANK,GREENVILLE,,False,,,,2026-07-10
27657,,NEW AGE FSA,ST. LOUIS,,False,,,,2026-07-10
27660,,IRVING FB FOR SAVINGS,CHICAGO,,False,,,,2026-07-10
27663,,LIBERTYVILLE FED. S & L ASSOC.,LIBERTYVILLE,,False,,,,2026-07-10
27667,,EL PASO FEDERAL SAVINGS,EL PASO,,False,,,,2026-07-10
27677,212577,HomeTrust Bank,Asheville,NC,True,4384743,0,1926-01-01,2026-07-10
27679,,FIRST FS&LA OF BURLINGTON CTY,CINNAMONSON,,False,,,,2026-07-10
27681,,AMERICAN SECURITY FS & LA,CHICAGO,,False,,,,2026-07-10
27693,,MERCHANTS & MECHANICS FSB,SPRINGFIELD,,False,,,,2026-07-10
27698,,FIDELITY S & LA,PORT ARTHUR,,False,,,,2026-07-10
27700,,TEXARKANA FS & LA,TEXARCANA,,False,,,,2026-07-10
27701,,SECURITY FS&LA,PAMPA,,False,,,,2026-07-10
27702,,FIRST FED. S & L ASSOC.,ATLANTA,,False,,,,2026-07-10
27708,,ESB BANK,ELLWOOD CITY,PA,,1879681,,,2026-07-10
27712,,FARMERS FS&LA,RAVENSWOOD,,False,,,,2026-07-10
27717,,MIDWEST HOME FSB,BELLEVILLE,,False,,,,2026-07-10
27726,,THE BARBER COUNTY S & L ASSOC.,MEDICINE LODGE,,False,,,,2026-07-10
27728,,VOLUNTEER FSA,LITTLE FERRY,,False,,,,2026-07-10
27732,,VANTUS BANK,SIOUX CITY,,False,,,,2026-07-10
27739,,FIRST ATLANTIC S & LA,PLAINFIELD,,False,,,,2026-07-10
27744,,MUTUALBANK,MUNCIE,IN,,2058934,,,2026-07-10
27748,,CITIZENS HOMESTEAD FSA,NEW ORLEANS,,False,,,,2026-07-10
27750,,LAMAR SAVINGS ASSOCIATION,AUSTIN,,False,,,,2026-07-10
27755,,AMERICAN SAVINGS & LOAN,NEW ORLEANS,,False,,,,2026-07-10
27757,,STANDARD BANK,MURRYSVILLE,PA,,1016408,,,2026-07-10
27762,,MADISON COUNTY FED. S & L ASSOC.,GRANITE CITY,,False,,,,2026-07-10
27765,,FRONTIER FEDERAL SAVINGS BANK,BELLEVILLE,,False,,,,2026-07-10
27766,,CITIZENS FS&LA,MATTESON,,False,,,,2026-07-10
27773,,PIONEER FS & LA,PRAIRIE VILLAGE,,False,,,,2026-07-10
27774,657271,Gate City Bank,Fargo,ND,True,4028761,700257,1923-01-01,2026-07-10
27775,,FIRST FED. S & L OF SOUTHEAST MO.,CAPE GIRARDEAU,,False,,,,2026-07-10
27777,,FIRST OF KANSAS SAVINGS,HAYS,,False,,,,2026-07-10
27781,,CONTINENTAL FS&LA,CLEVELAND,,False,,,,2026-07-10
27784,,GUARANTY S&LA,PITTSBURGH,,False,,,,2026-07-10
27788,,GUARANTY SAVINGS BANK FSB,FAYETTEVILLE,,False,,,,2026-07-10
27808,,BRAMBLE SAVINGS BANK,MILFORD,,False,,,,2026-07-10
27811,636771,Independent Bank,Grand Rapids,MI,True,5551229,0,1890-01-01,2026-07-10
27812,,PEOPLES SAVINGS ASSOC.,ST. JOSEPH,,False,,,,2026-07-10
27821,,FIDELITY FEDERAL SAVINGS ASSOC.,GALESBURG,,False,,,,2026-07-10
27823,,GEM FS&LA,NORWOOD,,False,,,,2026-07-10
27825,,DANBURRY SAVINGS & LOAN,DANBURY,,False,,,,2026-07-10
27828,,"NORTH WEST, FS&LA",CHICAGO,,False,,,,2026-07-10
27829,,MIDWESTERN SA,MACOMB,,False,,,,2026-07-10
27832,,CAPITAL CITY FS&LA,WASHINGTON,,False,,,,2026-07-10
27837,,COOPERATIVE BANK,WILMINGTON,,False,,,,2026-07-10
27839,,"COLONY SAVINGS BANK, FSB",MONACA,,False,,,,2026-07-10
27842,,FIRST FS & LA,MT. VERNON,,False,,,,2026-07-10
27844,,AMERICAN FS&LA,ANDERSON,,False,,,,2026-07-10
27845,,ANCHOR SA,KANSAS CITY,,False,,,,2026-07-10
27850,,FREEDOM SA,COLUMBUS,,False,,,,2026-07-10
27851,,HAMILTONIAN FS&LA,LADUE,,False,,,,2026-07-10
27853,,FIRST FSB OF SOUTH DAKOTA,RAPID CITY,,False,,,,2026-07-10
27854,,WASHINGTON FSB OF STILLWATER,STILLWATER,,False,,,,2026-07-10
27861,,MALVERN BANK N A,PAOLI,PA,,1017629,,,2026-07-10
27862,,FUTURE FEDERAL SAVINGS BANK,LOUISVILLE,,False,,,,2026-07-10
27864,,PEOPLES S & L ASSOC.,PARSONS,,False,,,,2026-07-10
27865,,LINCOLN FS&LA,LOUISVILLE,,False,,,,2026-07-10
27866,,VALLEY FEDERAL SAVINGS AND LOAN,ERWIN,,False,,,,2026-07-10
27867,,SANTA PAULA S & LA,SANTA PAULA,,False,,,,2026-07-10
27872,606176,Pioneer Bank,Roswell,NM,True,1086048,700450,1901-02-18,2026-07-10
27873,,BATON ROUGE S&LA,BATON ROUGE,,False,,,,2026-07-10
27874,,FIRST SAVINGS & LOAN,WACO,,False,,,,2026-07-10
27882,,CITIZENS S&LA,MIDDLETOWN,,False,,,,2026-07-10
27885,,CONCORD-LIBERTY FED. S & L ASSOC.,MONROEVILLE,,False,,,,2026-07-10
27886,,MUTUAL FEDERAL SAVINGS BANK OF ATLANTA,ATLANTA,,False,,,,2026-07-10
27888,,NATIONAL PERMANENT BANK FSB,WASHINGTON,,False,,,,2026-07-10
27890,,MOULTRIE SAVINGS BANK FSB,MOULTRIE,,False,,,,2026-07-10
27899,,FIDELITY FS&LA,VALLEY CITY,,False,,,,2026-07-10
27906,,HARRIS COUNTY FS&LA,BAYTOWN,,False,,,,2026-07-10
27915,,HENDERSON HOME S & LA,HENDERSON,,False,,,,2026-07-10
27920,,MIDWEST FEDERAL SAVINGS BANK,MINOT,,False,,,,2026-07-10
27924,,HABERSHAM FEDERAL SA,CORNELIA,,False,,,,2026-07-10
27933,,OAK HILL BANKS,JACKSON,OH,,1336198,,,2026-07-10
27935,,FIRST CHICAGO BANK&TRUST,CHICAGO,IL,False,1075508,,,2026-07-10
27942,,ABINGTON SAVINGS BANK,JENKINTOWN,PA,,1156687,,,2026-07-10
27943,534877,Brentwood Bank,Bethel Park,PA,True,1040700,0,1922-01-01,2026-07-10
27962,,UNITED SAVINGS OF AMERICA,CHICAGO,,False,,,,2026-07-10
27972,,LEWIS FS&LA,CHEHALIS,,False,,,,2026-07-10
27974,,BLUE VALLEY FS & LA,KANSAS CITY,,False,,,,2026-07-10
27978,,HOME FEDERAL S & L ASSOC.,MEMPHIS,,False,,,,2026-07-10
27980,,FIRST AMERICAN FEDERAL SAVINGS,FORT SMITH,,False,,,,2026-07-10
27981,968070,Capitol Federal Savings Bank,Topeka,KS,True,9843365,700670,1893-01-01,2026-07-10
27986,,SECOND FEDERAL SAVINGS AND LOAN ASSOCIATION OF CHICAGO,CHICAGO,,False,,,,2026-07-10
27994,,CONTINENTAL S&LA,NEW ORLEANS,,False,,,,2026-07-10
27998,727174,Guardian Savings Bank,West Chester,OH,True,1381983,0,1895-01-01,2026-07-10
27999,,FIRST FS&LA OF MAYFIELD,MAYFIELD,,False,,,,2026-07-10
28015,,COMMUNITY FS&LA,HAMILTON,,False,,,,2026-07-10
28019,,WESTERLEIGH SAVINGS,STATEN ISLAND,,False,,,,2026-07-10
28020,,ARSENAL SA,INDIANAPOLIS,,False,,,,2026-07-10
28023,,CAPITOL-UNION FSA,BATON ROUGE,,False,,,,2026-07-10
28041,,GREAT AMERICAN FSA,SAN DIEGO,,False,,,,2026-07-10
28044,,PIONEER FS & LA,MARIETTA,,False,,,,2026-07-10
28058,,CONTINENTAL FS & LA,OKLAHOMA CITY,,False,,,,2026-07-10
28071,,BALDWIN COUNTY FED. SAVINGS BANK,ROBERTSDALE,,False,,,,2026-07-10
28076,,ISLAND S&LA,HEMPSTEAD,,False,,,,2026-07-10
28078,,BIRMINGHAM FSB,BIRMINGHAM,,False,,,,2026-07-10
28088,656377,WaFd Bank,Seattle,WA,True,27552061,0,1917-01-01,2026-07-10
28092,,HOME FEDERAL BANK,SIOUX FALLS,SD,,1140169,,,2026-07-10
28094,929978,"Home Bank, National Association",Lafayette,LA,True,3543498,25106,1908-01-01,2026-07-10
28099,,MUTUAL S&LA OF EL PASO,EL PASO,,False,,,,2026-07-10
28100,,IBERIABANK,LAFAYETTE,LA,,34581511,,,2026-07-10
28107,,CITIZENS S & LA OF SPRINGFIELD,SPRINGFIELD,,False,,,,2026-07-10
28108,,FIRST FS&LA,PEORIA,,False,,,,2026-07-10
28114,,HOME S&L CO OF YOUNGSTOWN OH,YOUNGSTOWN,OH,,2190097,,,2026-07-10
28116,809771,Yakima Federal Savings and Loan Association,Yakima,WA,True,2011548,0,1905-01-01,2026-07-10
28118,,MOUNTAINWEST S&LA,OGDEN,,False,,,,2026-07-10
28119,,FIRST FED. S & L ASSOC.,BAKERSFIELD,,False,,,,2026-07-10
28124,,WESTSIDE FS&LA,SEATTLE,,False,,,,2026-07-10
28127,,CAPITOL FS&LA,EVERGREEN PARK,,False,,,,2026-07-10
28129,,FIRST FS&LA OF BELOIT,BELOIT,,False,,,,2026-07-10
28131,,OTERO S & L ASSOC.,COLORADO SPRINGS,,False,,,,2026-07-10
28136,,"MAINSTREET SAVINGS BANK, FSB",HASTINGS,,False,,,,2026-07-10
28143,,OLYMPIC FEDERAL SAVINGS,BERWYN,,False,,,,2026-07-10
28144,,FIRST EAST SIDE SAVINGS BANK,TAMARAC,,False,,,,2026-07-10
28146,,MID AMERICA FED. S & L ASSOC.,PARSONS,,False,,,,2026-07-10
28147,,TOPEKA SAVINGS ASSOCIATION,TOPEKA,,False,,,,2026-07-10
28149,,CITIZENS HOME SAVINGS COMPANY,LORAIN,,False,,,,2026-07-10
28150,,FIRST JERSEY S & LA ASSOC.,WYCKOFF,,False,,,,2026-07-10
28154,,ST. CHARLES FSA,ST. CHARLES,,False,,,,2026-07-10
28159,,VALLEY FS & LA OF HUTCHINSON,HUTCHINSON,,False,,,,2026-07-10
28160,,MT. PLEASANT S&LA,MT. PLEASANT,,False,,,,2026-07-10
28161,,DRYADES S & LA,NEW ORLEANS,,False,,,,2026-07-10
28164,,GREAT FALLS FS&LA,GREAT FALLS,,False,,,,2026-07-10
28174,,PEOPLES HOMESTEAD SAVINGS BANK,MONROE,,False,,,,2026-07-10
28176,,FIRST FEDERAL SAV. ASSOC./BLUEFIELD,BLUEFIELD,,False,,,,2026-07-10
28177,,EVERGREEN FS & LA,CHARLESTON,,False,,,,2026-07-10
28178,1002878,Northwest Bank,Warren,PA,True,16911880,0,1896-01-01,2026-07-10
28181,,BASTROP FS&LA,BASTROP,,False,,,,2026-07-10
28187,,EAST TEXAS S & LA ASSOCIATION,TYLER,,False,,,,2026-07-10
28190,,FINANCIAL SECURITY S&LA,ELK GROVE VILLAGE,,False,,,,2026-07-10
28196,,PEOPLES FSB,WOOSTER,,False,,,,2026-07-10
28203,,FREEDOM FS&LA,WORCESTER,,False,,,,2026-07-10
28205,,FAIRMONT FEDERAL SAVINGS ASSOC.,FAIRMONT,,False,,,,2026-07-10
28218,,HOMESTEAD FSA,SAN FRANCISCO,,False,,,,2026-07-10
28220,,THE BEN FRANKLIN FS & LA,PORTLAND,,False,,,,2026-07-10
28223,,ATLANTIC PERMANENT FEDERAL,NORFOLK,,False,,,,2026-07-10
28225,,AFB&T,ATHENS,GA,,1538231,,,2026-07-10
28228,,FIRST FED. SAVINGS BANK,EAST ALTON,,False,,,,2026-07-10
28237,,SECURITY HOMESTEAD FEDERAL,NEW ORLEANS,,False,,,,2026-07-10
28240,,FIRST OF MONTGOMERY COUNTY,BLACKSBURG,,False,,,,2026-07-10
28243,,WAUKEGAN SAVINGS BANK,WAUKEGAN,,False,,,,2026-07-10
28244,,"TALMAN HOME, FS&LA",CHICAGO,,False,,,,2026-07-10
28245,,MUTUAL FS&LA,OKLAHOMA CITY,,False,,,,2026-07-10
28247,,STATE FS & LA,TULSA,,False,,,,2026-07-10
28250,,FIRST HOME FSA,PITTSBURGH,,False,,,,2026-07-10
28251,,FIDELITY S&LA,SAN FRANCISCO,,False,,,,2026-07-10
28252,,FIRST TEXAS SAVINGS ASSOCIATION,DALLAS,,False,,,,2026-07-10
28255,,NORTHERN FS&LA,ST. PAUL,,False,,,,2026-07-10
28257,,FIRST FED. SAVINGS BANK & TRUST,INDEPENDENCE,,False,,,,2026-07-10
28258,,HOME FEDERAL BANK,NAMPA,ID,,1008965,,,2026-07-10
28262,,ESSA BANK&TRUST,STROUDSBURG,PA,,2163484,,,2026-07-10
28263,767974,"CFBank, National Association",Columbus,OH,True,2143460,25137,1892-01-01,2026-07-10
28265,,FIRST FS & LA OF FARGO,FARGO,,False,,,,2026-07-10
28275,,OHIO VALLEY,STEUBENVILLE,,False,,,,2026-07-10
28285,,INDIANA BANK&TRUST CO,COLUMBUS,IN,,1038725,,,2026-07-10
28287,,SOUTHERN FS,NEW ORLEANS,,False,,,,2026-07-10
28292,,FAR WEST SAVINGS & LOAN,NEWPORT BEACH,,False,,,,2026-07-10
28293,,RELIANCE FS&LA,RAHWAY,,False,,,,2026-07-10
28295,,PEOPLES FSA,OTTUMWA,,False,,,,2026-07-10
28297,,FIRST FS&LA,BOSTON,,False,,,,2026-07-10
28307,,FIRST SAVINGS & LOAN,MASSILON,,False,,,,2026-07-10
28309,,UMPQUA S&LA,ROSEBURG,,False,,,,2026-07-10
28310,,FIRST OF LONGVIEW,LONGVIEW,,False,,,,2026-07-10
28311,,PROVIDENT SA,CASPER,,False,,,,2026-07-10
28312,,BRADFORD BANK,BALTIMORE,,False,,,,2026-07-10
28316,255574,FIDELITY BANK,New Orleans,LA,True,1266430,0,1908-01-01,2026-07-10
28323,,JACKSON COUNTY FSA,MEDFORD,,False,,,,2026-07-10
28324,,UNITED S&LA,CINCINNATI,,False,,,,2026-07-10
28326,,CITIZENS FS&LA,CLEVELAND,,False,,,,2026-07-10
28327,,UNITED FIRST FS&LA,BOISE,,False,,,,2026-07-10
28328,,CENTRAL ILLINOIS S&LA,VIRDEN,,False,,,,2026-07-10
28330,,TCF NATIONAL BANK,SIOUX FALLS,SD,,49421342,,,2026-07-10
28332,272272,Southern Bank,Poplar Bluff,MO,True,5090783,0,1887-01-01,2026-07-10
28333,,FIRST FS&LA OF MOBERLY,MOBERLY,,False,,,,2026-07-10
28337,,MOHAWK S&LA,NEWARK,,False,,,,2026-07-10
28340,,AMERICAN FSB,SANFORD,,False,,,,2026-07-10
28344,,PFF BANK&TRUST,POMONA,CA,False,3715433,,,2026-07-10
28347,,COLUMBIA FSA OF HAMILTON,HAMILTON,,False,,,,2026-07-10
28354,,MESA FS & LA OF COLORADO,GRAND JUNCTION,,False,,,,2026-07-10
28357,,HOME S&LA,BARTLESVILLE,,False,,,,2026-07-10
28359,85472,"OceanFirst Bank, National Association",Toms River,NJ,True,14471195,25150,1902-01-01,2026-07-10
28362,83375,Century Bank,Santa Fe,NM,True,1348989,0,1910-01-01,2026-07-10
28365,,CITIZENS FS&LA OF MARYSVILLE,MARYSVILLE,,False,,,,2026-07-10
28366,,SENTRY FEDERAL SAVINGS BANK,HYANNIS,,False,,,,2026-07-10
28378,,PEOPLES S & L ASSOC.,HAMPTON,,False,,,,2026-07-10
28380,101671,Adirondack Bank,Utica,NY,True,1010347,0,1898-01-01,2026-07-10
28387,,"TRANSOHIO, FSB",CLEVELAND,,False,,,,2026-07-10
28394,,POLIFLY FS & LA,NEW MILFORD,,False,,,,2026-07-10
28395,,CAPE BANK,CAPE MAY COURT H,NJ,,1588746,,,2026-07-10
28396,586072,First Palmetto Bank,Camden,SC,True,1078904,0,1904-01-01,2026-07-10
28405,403179,First Fed Bank,Port Angeles,WA,True,2115202,0,1923-01-01,2026-07-10
28406,,"CITY SAVINGS, FSB",SOMERSET,,False,,,,2026-07-10
28410,,SAN ANTONIO SAVINGS,SAN ANTONIO,,False,,,,2026-07-10
28412,,FEDERATED S&LA,SAN ANTONIO,,False,,,,2026-07-10
28414,,VALLEY FEDERAL S & L ASSOC.,GRAND JUNCTION,,False,,,,2026-07-10
28418,,FIDELITY FS&LA,BALTIMORE,,False,,,,2026-07-10
28419,,FIRST ANNAPOLIS SAVINGS,ANNAPOLIS,,False,,,,2026-07-10
28422,,SUN S&LA,PORTLAND,,False,,,,2026-07-10
28430,,FIRST FED. S & LA OF BRENHAM,BRENHAM,,False,,,,2026-07-10
28437,,LINCOLN FS&LA,WESTFIELD,,False,,,,2026-07-10
28446,,WESTERN FS & LA,CLENVIEW,,False,,,,2026-07-10
28447,,STATE S&LA,SALT LAKE CITY,,False,,,,2026-07-10
28448,,"FIRST FINANCIAL BANK, FSB",NEW ORLEANS,,False,,,,2026-07-10
28453,294779,Timberland Bank,Hoquiam,WA,True,2046279,0,1915-01-01,2026-07-10
28456,,FIRST FEDERAL OF SHAWNEE,SHAWNEE,,False,,,,2026-07-10
28457,,FIRST FLORIDA S&LA,GAINESVILLE,,False,,,,2026-07-10
28461,,MINERAL WELLS S&LA,MINERAL WELLS,,False,,,,2026-07-10
28462,,"GREENCHOICE BANK, FSB",CHICAGO,,False,,,,2026-07-10
28464,,SUPERIOR FSA,CLEVELAND,,False,,,,2026-07-10
28473,,EMPIRE SAVINGS BANK,HAMMONTON,,False,,,,2026-07-10
28488,,FRONTIER FS & LA,WALLA WALLA,,False,,,,2026-07-10
28489,352772,Banner Bank,Walla Walla,WA,True,16338071,0,1890-01-01,2026-07-10
28490,,BELL  S&LA,SAN MATEO,,False,,,,2026-07-10
28491,,THE STATE S&L CO.,EUCLID,,False,,,,2026-07-10
28493,,BROADVIEW SAVINGS BANK,CLEVELAND,,False,,,,2026-07-10
28503,,BALTIMORE FEDERAL FINANCIAL,BALTIMORE,,False,,,,2026-07-10
28504,,FLUSHING FS&LA,FLUSHING,,False,,,,2026-07-10
28508,,"WESTCO SAVINGS BANK, FSB",WILMINGTON,,False,,,,2026-07-10
28512,,STATE SAVINGS,JACKSON HEIGHTS,,False,,,,2026-07-10
28513,310978,"WaterStone Bank, SSB",Wauwatosa,WI,True,2252598,0,1921-01-01,2026-07-10
28517,,IMPERIAL FEDERAL SAVINGS ASSOC.,SAN DIEGO,,False,,,,2026-07-10
28520,,DOLLAR SAVINGS BANK,COLUMBUS,,False,,,,2026-07-10
28523,,CAPITOL FEDERAL BANK FOR SAVINGS,CHICAGO,,False,,,,2026-07-10
28526,,CAPITOL FEDERAL SAVINGS & LOAN,AURORA,,False,,,,2026-07-10
28527,,HOMESTEAD S&LA,WOODWARD,,False,,,,2026-07-10
28530,313577,Forward Bank,Marshfield,WI,True,1205618,0,1919-01-01,2026-07-10
28533,419675,First Bank Richmond,Richmond,IN,True,1513612,0,1887-01-01,2026-07-10
28536,,FIRST FED BK OF CA A FSB,SANTA MONICA,CA,False,6143903,,,2026-07-10
28544,,AMERICAN FS&LA,LYNCHBURG,,False,,,,2026-07-10
28546,,CENTURY FS&LA,CEDARHURST,,False,,,,2026-07-10
28547,,FIDELITY FS&LA,BERWYN,,False,,,,2026-07-10
28550,,"FAMILY SAVINGS BANK, FSB",SAPULPA,,False,,,,2026-07-10
28553,,DESERET S & L ASSOC.,SALT LAKE CITY,,False,,,,2026-07-10
28559,,AMERICAN S&LA,STOCKTON,,False,,,,2026-07-10
28560,,PACIFIC SAVINGS BANK,COSTA MESA,,False,,,,2026-07-10
28563,,WASHINGTON FIRST FS&LA,ST. LOUIS,,False,,,,2026-07-10
28575,,AMERICAN OF ANADARKO,ANADARKO,,False,,,,2026-07-10
28581,,MISSOURI SAVINGS ASSOCIATION,CLAYTON,,False,,,,2026-07-10
28582,,AMERICAN S & LA,SALT LAKE CITY,,False,,,,2026-07-10
28584,,PRINCETON S&LA,PRINCETON,,False,,,,2026-07-10
28586,,MERCER SAVINGS BANK,TRENTON,,False,,,,2026-07-10
28587,,LARCHMONT FS & LA,LARCHMONT,,False,,,,2026-07-10
28588,,IRVINGTON FSB,GLEN BURNIE,,False,,,,2026-07-10
28593,366078,Sturgis Bank & Trust Company,Sturgis,MI,True,1014059,0,1905-01-01,2026-07-10
28596,,CARDINAL FSB,CLEVELAND,,False,,,,2026-07-10
28597,,WESTERN SAVINGS & LOAN,PHOENIX,,False,,,,2026-07-10
28599,550279,Olympia Federal Savings and Loan Association,Olympia,WA,True,1008303,0,1906-01-01,2026-07-10
28604,,LAFAYETTE FS&LA,WARSON WOODS,,False,,,,2026-07-10
28605,,FIRST FSA OF CHICKASHA,CHICKASHA,,False,,,,2026-07-10
28608,,FLORIDA FEDERAL SAVINGS BANK,ST. PETERSBURG,,False,,,,2026-07-10
28609,,PIONEER SAVINGS FA,PLYMOUTH,,False,,,,2026-07-10
28610,,FIRST FSB OF ELIZABETHTOWN,ELIZABETHTOWN,KY,,1006990,,,2026-07-10
28611,,PULASKI SAVINGS BANK,CHICAGO,,False,,,,2026-07-10
28612,,MARITIME SAVINGS BANK,WEST ALLIS,,False,,,,2026-07-10
28621,,SOUTHERN CALIFORNIA  S&LA,BEVERLY HILLS,,False,,,,2026-07-10
28625,,CIVIC SAVINGS BANK,PORTSMOUTH,,False,,,,2026-07-10
28630,,WEST SIDE FS&LA,NEW YORK,,False,,,,2026-07-10
28633,,CLIFTON SAVINGS BANK,CLIFTON,NJ,,1657629,,,2026-07-10
28634,,ROYAL OAK FS & LA,RANDALLSTOWN,,False,,,,2026-07-10
28648,,FIRST FS&LA,ELK CITY,,False,,,,2026-07-10
28649,,SOONER FEDERAL SAVINGS ASSOC.,TULSA,,False,,,,2026-07-10
28661,,MIDAMERICA FS&LA,TULSA,,False,,,,2026-07-10
28664,,RAMONA  S&LA,FILLMORE,,False,,,,2026-07-10
28666,,SANTA BARBARA S & L ASSOC.,SANTA BARBARA,,False,,,,2026-07-10
28670,,GUARANTY BANK,SPRINGFIELD,MO,,1222860,,,2026-07-10
28675,,EMPIRE STATE FS&LA,WHITE PLAINS,,False,,,,2026-07-10
28678,,FIRST FS&LA OF ROCHESTER,ROCHESTER,,False,,,,2026-07-10
28679,376273,North Shore Bank,Brookfield,WI,True,2590607,0,1923-01-01,2026-07-10
28681,,EQUITABLE FSB,LANCASTER,,False,,,,2026-07-10
28683,,AMERIFIRST FEDERAL SAVINGS,MIAMI,,False,,,,2026-07-10
28690,,GREAT PLAINS SAVINGS,WEATHERFORD,,False,,,,2026-07-10
28693,,HOME SA,MINNEAPOLIS,,False,,,,2026-07-10
28697,,HIAWATHA SAVINGS & LOAN,HIAWATHA,,False,,,,2026-07-10
28698,,"SUN SAVINGS ASSOCIATION, FA",KANSAS CITY,,False,,,,2026-07-10
28706,624778,First Federal Savings and Loan Association of Greene Co,Waynesburg,PA,True,1039462,702190,1924-01-01,2026-07-10
28707,,HOME FS & LA OF CENTRALIA,CENTRALIA,,False,,,,2026-07-10
28710,28013,Northfield Bank,Staten Island,NY,True,5735013,718063,1887-01-01,2026-07-10
28716,,HOMETOWN SAVINGS BANK FSB,DELPHI,,False,,,,2026-07-10
28719,,DESOTO FS & LA,MANSFIELD,,False,,,,2026-07-10
28734,,PEOPLES FS&LA,ARDMORE,,False,,,,2026-07-10
28737,,KINGFISHER FS&LA,KINGFISHER,,False,,,,2026-07-10
28742,,NUTLEY SAVINGS & LOAN,NUTLEY,,False,,,,2026-07-10
28745,,EUREKA FS&LA,SAN CARLOS,,False,,,,2026-07-10
28760,,DENTON FEDERAL SAVINGS,DENTON,,False,,,,2026-07-10
28763,,"THE FIRST, FEDERAL ASSOCIATION",ORLANDO,,False,,,,2026-07-10
28764,,SUBURBIA FS&LA,GARDEN CITY,,False,,,,2026-07-10
28765,633378,Kearny Bank,Kearny,NJ,True,7591561,0,1884-01-01,2026-07-10
28766,,FIRST FEDERAL SAVINGS BANK,WATERLOO,,False,,,,2026-07-10
28767,,FULTON FEDERAL SAVINGS BANK,ATLANTA,,False,,,,2026-07-10
28768,,FIRST FS&LA OF FT. WAYNE,FORT WAYNE,,False,,,,2026-07-10
28775,,MODERN FED. S & L ASSOC.,GRAND JUNCTION,,False,,,,2026-07-10
28778,159971,Somerset Regal Bank,Bound Brook,NJ,True,1143103,0,1887-01-01,2026-07-10
28782,,FIRST FEDERAL OF ARKANSAS,LITTLE ROCK,,False,,,,2026-07-10
28783,,MID-AMERICA FS & LA,COLUMBUS,,False,,,,2026-07-10
28784,,FIRST FS&LA NATCHITOCHES,NATCHITOCHES,,False,,,,2026-07-10
28786,,UNITED FS & LA,JONESBORO,,False,,,,2026-07-10
28787,,NORTH TEXAS FSA,WICHITA FALLS,,False,,,,2026-07-10
28788,391977,Sturdy Savings Bank,Stone Harbor,NJ,True,1115178,0,1922-01-01,2026-07-10
28791,,BELL FEDERAL SAVINGS,UPPER DARBY,,False,,,,2026-07-10
28798,,FRANKLIN FSB,GLEN ALLEN,VA,,1079060,,,2026-07-10
28802,,FIRST FS&LA OF HAMMONTON,HAMMONTON,,False,,,,2026-07-10
28808,,BANKFINANCIAL NATIONAL ASSN,OLYMPIA FIELDS,IL,,1403478,,,2026-07-10
28809,,COMMUNITY FS & LA,ST. LOUIS,,False,,,,2026-07-10
28811,,JONESBORO FEDERAL SA,JONESBORO,,False,,,,2026-07-10
28814,,COMMUNITY SAVING & LOAN,FOND DU LAC,,False,,,,2026-07-10
28819,,FIRST FED. S & LA OF COLORADO SPR.,COLORADO SPRINGS,,False,,,,2026-07-10
28820,,FIRST FS&LA OF CHICAGO,GALENA,,False,,,,2026-07-10
28821,,FIRST FSA OF NACOGDOCHES,NACOGDOCHES,,False,,,,2026-07-10
28822,,UNION OF COOK COUNTY,MATTESON,,False,,,,2026-07-10
28823,,CASCADE BANK,EVERETT,WA,,1457791,,,2026-07-10
28827,,JEFFERSON FEDERAL SA,BIRMINGHAM,,False,,,,2026-07-10
28829,,FIDELITY SAVINGS BANK,DANVILLE,,False,,,,2026-07-10
28830,,GEM CITY FS & LA,QUINCY,,False,,,,2026-07-10
28833,,CITIZENS SOUTH BANK,GASTONIA,NC,,1046701,,,2026-07-10
28834,174572,Columbia Bank,Fair Lawn,NJ,True,11009182,702454,1926-01-01,2026-07-10
28845,582971,First Federal Savings Bank of Twin Falls,Twin Falls,ID,True,1437772,702479,1916-01-01,2026-07-10
28847,,"COOPER RIVER, FSA",NORTH CHARLESTON,,False,,,,2026-07-10
28848,,MUTUAL S & LA,WEATHERFORD,,False,,,,2026-07-10
28850,,SHAWNEE FED. S & L ASSOC.,TOPEKA,,False,,,,2026-07-10
28863,,FAMILY FEDERAL SAVINGS,DALLAS,,False,,,,2026-07-10
28864,,OLDE CYPRESS COMMUNITY BANK,CLEWISTON,,False,,,,2026-07-10
28865,3971,MidCountry Bank,Minneapolis,MN,True,1043286,702518,1933-01-01,2026-07-10
28866,,ORITANI BANK,TOWNSHIP OF WASH,NJ,,3988696,,,2026-07-10
28867,,HOME UNITY FEDERAL,LAFAYETTE HILL,,False,,,,2026-07-10
28869,,GLADEWATER FS&LA,GLADEWATER,,False,,,,2026-07-10
28872,,CLAY COUNTY FS&LA,WEST POINT,,False,,,,2026-07-10
28881,,SUBURBAN S&LA,WAYNE,,False,,,,2026-07-10
28884,,ATLANTIC FINANCIAL SAVINGS,BALA CYNWYD,,False,,,,2026-07-10
28885,,FIRST FS & LA OF CRESTON,CRESTON,,False,,,,2026-07-10
28886,,FIRST FEDERAL BANK OF NORTH FLORIDA,PALATKA,,False,,,,2026-07-10
28887,,FREEDOM S&LA,TAMPA,,False,,,,2026-07-10
28888,,FOX CHASE BANK,HATBORO,PA,,1083725,,,2026-07-10
28889,,ABRAHAM LINCOLN FSA,DRESHER,,False,,,,2026-07-10
28890,,CITIZENS FS&LA,SEATTLE,,False,,,,2026-07-10
28891,,AMERICAN HOME SAVINGS,SALEM,,False,,,,2026-07-10
28892,,INVESTORS BANK,SHORT HILLS,NJ,,27951072,,,2026-07-10
28899,,PEOPLES HERITAGE FS & LA,SALINA,,False,,,,2026-07-10
28905,48374,First Financial Bank,El Dorado,AR,True,1950198,0,1934-04-01,2026-07-10
28907,,FIRST FS&LA,LULING,,False,,,,2026-07-10
28910,,FIRST FEDERAL SB,ROGERS,,False,,,,2026-07-10
28911,,GREAT AMERICAN FS & LA,OAK PARK,,False,,,,2026-07-10
28912,,FIRST SAVINGS OF LAREDO,LAREDO,,False,,,,2026-07-10
28913,,"SUN BELT FEDERAL BANK, FSB",LAKE PROVIDENCE,,False,,,,2026-07-10
28915,,YOUR COMMUNITY BANK,NEW ALBANY,IN,,1516141,,,2026-07-10
28921,,ARGO FS&LA,SUMMIT,,False,,,,2026-07-10
28923,,M&I BANK FSB,LAS VEGAS,NV,,1192436,,,2026-07-10
28928,,ST. LOUIS COUNTY SAVINGS ASSOC.,FERGUSON,,False,,,,2026-07-10
28929,,FIRST SAVINGS ASSOC.,BISMARK,,False,,,,2026-07-10
28940,,"HORIZON SAVINGS BANK, FSB",WILMETTE,,False,,,,2026-07-10
28941,,FIRST FS&LA OF NEW YORK,NEW YORK CITY,,False,,,,2026-07-10
28944,,FIRST FEDERAL SAVINGS OF CONROE,CONROE,,False,,,,2026-07-10
28946,,HOMEBANK FSA,GILFORD,,False,,,,2026-07-10
28955,,HALLMARK S & L ASSOCIATION,PLANO,,False,,,,2026-07-10
28957,,BAY CITY FS&LA,BAY CITY,,False,,,,2026-07-10
28967,,FIRST FS&LA OF BROWARD COUNTY,FT. LAUDERDALE,,False,,,,2026-07-10
28975,,FIRST FS & LA OF PITTSBURG,PITTSBURG,,False,,,,2026-07-10
28976,,LARUE FS&LA,HODGENVILLE,,False,,,,2026-07-10
28979,,BOONE COUNTY FS&LA,CENTRALIA,,False,,,,2026-07-10
28987,,TEXAS WESTERN FEDERAL SAVINGS,HOUSTON,,False,,,,2026-07-10
28994,,FIRST FEDERAL BANK,CHARLESTON,SC,,3165281,,,2026-07-10
28998,,PEIDMONT FSA,MANASSAS,,False,,,,2026-07-10
29000,,"CENTRUST BANK, SB",MIAMI,,False,,,,2026-07-10
29002,,ALTUS FSB,MOBILE,,False,,,,2026-07-10
29003,,EDISON FSA,NEW YORK,,False,,,,2026-07-10
29012,881478,Heritage Bank,Olympia,WA,True,8492771,0,1927-01-01,2026-07-10
29013,,"HOME SAVINGS BANK, FA",LAWTON,,False,,,,2026-07-10
29015,,HOLLYWOOD FSB,HOLLYWOOD,,False,,,,2026-07-10
29017,,CASS FS & LA OF ST. LOUIS,FLORISSANT,,False,,,,2026-07-10
29019,,FIRST FSA OF WEWOKA,WEWOKA,,False,,,,2026-07-10
29023,,SUMMIT FIRST S & LA,SUMMIT,,False,,,,2026-07-10
29025,,FIRST FSB OF INDIANA,MERRILLVILLE,,False,,,,2026-07-10
29036,,BEACON FEDERAL SAVINGS,BALDWIN,,False,,,,2026-07-10
29037,,SUFFOLK COUNTY FS&LA,CENTEREACH,,False,,,,2026-07-10
29038,,RUSK FED. S & L ASSOC.,RUSK,,False,,,,2026-07-10
29041,,FIRST FS & LA OF THIEF RIVER FALLS,THIEF RIVER FALLS,,False,,,,2026-07-10
29042,,HOME FEDERAL SAVINGS BANK,ROCHESTER,MN,,1095065,,,2026-07-10
29043,,PROVIDENT FS&LA,BOISE,,False,,,,2026-07-10
29047,,FIRST FEDERAL BANK OF KS CTY,LEES SUMMIT,MO,,1000642,,,2026-07-10
29048,,FIRSTSOUTH  FS&LA,PINE BLUFF,,False,,,,2026-07-10
29050,,FIRST FEDERAL SAVINGS BANK,SHENADOAH,,False,,,,2026-07-10
29052,,FIRST FS&LA OF FREEPORT,FREEPORT,,False,,,,2026-07-10
29058,,FIRST FINANCIAL NW BANK,RENTON,WA,,1439590,,,2026-07-10
29060,,"SECURITY FEDERAL SAVINGS, FSB",COLUMBIA,,False,,,,2026-07-10
29071,,WESTERN HERITAGE FS&LA,PENDLETON,,False,,,,2026-07-10
29073,,AMERICAN FS & LA OF COLORADO,COLORADO SPRINGS,,False,,,,2026-07-10
29074,,MID KANSAS S & LA ASSOC.,WICHITA,,False,,,,2026-07-10
29076,,UNIFIRST BANK FOR SAVINGS,JACKSON,,False,,,,2026-07-10
29077,,HOME S&LA,LUFKIN,,False,,,,2026-07-10
29080,,FIRST FS&LA,AUSTIN,,False,,,,2026-07-10
29083,,HOME SAVINGS ASSOCIATION,KANSAS CITY,,False,,,,2026-07-10
29084,,CHEROKEE VALLEY FSA,CLEVELAND,,False,,,,2026-07-10
29092,,HOME FS & LA OF HARLAN,HARLAN,,False,,,,2026-07-10
29096,,ST. LOUIS FS&LA,CLAYTON,,False,,,,2026-07-10
29097,,COMMUNITY FIRST FED SAVINGS,VANCOUVER,,False,,,,2026-07-10
29116,,FIRST FS & LA OF ANDALUSIA,ANDALUSIA,,False,,,,2026-07-10
29117,,SOUTH EAST FS&LA,LOUISVILLE,,False,,,,2026-07-10
29118,,FIRST FSA,WINNFIELD,,False,,,,2026-07-10
29122,,NASAU FEDERAL SAVINGS & LOAN,BROOKLYN,,False,,,,2026-07-10
29127,,"ABQ BANK, A FSB",ALBUQUERQUE,,False,,,,2026-07-10
29128,,FIRST FED. S & LA OF SEMINOLE,SEMINOLE,,False,,,,2026-07-10
29130,,JENNINGS FSA,JENNINGS,,False,,,,2026-07-10
29137,,LAKELAND SAVINGS BANK FSB,DETROIT LAKES,,False,,,,2026-07-10
29147,823478,NorthEast Community Bank,White Plains,NY,True,2019844,0,1934-09-01,2026-07-10
29149,,MIDWEST FED. S & L ASSOC.,NEBRASKA CITY,,False,,,,2026-07-10
29158,,"FIRST OHIO SB, FSB",ST. BERNARD,,False,,,,2026-07-10
29159,,FIRST FS&LA OF CRISP COUNTY,CORDELE,,False,,,,2026-07-10
29160,,CARTERSVILLE FSB OF GEORGIA,CARTERSVILLE,,False,,,,2026-07-10
29161,,FIRST FS & LA OF PITTSBURG,PITTSBURGH,,False,,,,2026-07-10
29166,,MESQUITE S&LA,MESQUITE,,False,,,,2026-07-10
29168,,ALPINE SAVINGS,STEAMBOAT SPRINGS,,False,,,,2026-07-10
29178,,HOME SAVINGS OF AMERICA,LITTLE FALLS,,False,,,,2026-07-10
29181,,UNITED FS&LA,ABERDEEN,,False,,,,2026-07-10
29182,,"UNITED SAVINGS BANK, FSB",WINDOM,,False,,,,2026-07-10
29183,,VALLEY FEDERAL SAVINGS,MCALLEN,,False,,,,2026-07-10
29184,,FIRST FS AND LA OF GRAND FORKS AND MINOT,MINOT,,False,,,,2026-07-10
29191,,FIRST FEDERAL SAVINGS,LUBBOCK,,False,,,,2026-07-10
29194,,BLACK HAWK S & L ASSOC.,ROCK ISLAND,,False,,,,2026-07-10
29202,,FAR WEST FSB,PORTLAND,,False,,,,2026-07-10
29204,,LIBERTY COUNTY FS & LA,LIBERTY,,False,,,,2026-07-10
29207,,FIRST FEDERAL SAVINGS ASSOC.,LAS VEGAS,,False,,,,2026-07-10
29209,652874,NexBank,Dallas,TX,True,13442736,0,1934-11-30,2026-07-10
29212,,FIRST WESTERN S&LA,COLORADO CITY,,False,,,,2026-07-10
29217,,LANDMARK SAVINGS BANK FSB,HOT SPRINGS,,False,,,,2026-07-10
29218,,SOUTH SHORE FS&LA,MASSAPEQUA,,False,,,,2026-07-10
29219,,COMMODORE SAVINGS ASSOCIATION,DALLAS,,False,,,,2026-07-10
29222,,SECURITY FIRST FS & LA,DAYTONA BEACH,,False,,,,2026-07-10
29229,,MID-CITY FS&LA,NORTH WALES,,False,,,,2026-07-10
29234,,"HOMEFED BANK, FA",SAN DIEGO,,False,,,,2026-07-10
29236,,"UNION FEDERAL BANK, FSB",LOS ANGELES,,False,,,,2026-07-10
29240,,PROGRESSIVE SB,NATCHITOCHES,,False,,,,2026-07-10
29246,,TRADERS FS&LA,PARKERSBURG,,False,,,,2026-07-10
29251,,FIRST FS&LA OF JACKSONVILLE,JACKSONVILLE,,False,,,,2026-07-10
29255,,1ST FS&LA OF E. CHICAGO,EAST CHICAGO,,False,,,,2026-07-10
29257,,MAGNET BANK FSB,CHARLESTON,,False,,,,2026-07-10
29264,,FIRST FSB OF KANSAS,WELLINGTON,,False,,,,2026-07-10
29265,,FIRST FS&LA OF CRAIG,CRAIG,,False,,,,2026-07-10
29267,,JASPER FS & LA,JASPER,,False,,,,2026-07-10
29270,,NY & SUBURBAN FS&LA,NEW YORK,,False,,,,2026-07-10
29273,,OK FEDERAL S&LA,EL RENO,,False,,,,2026-07-10
29279,,BRIGHTON FS&LA,BRIGHTON,,False,,,,2026-07-10
29287,,UNITED FSA OF IOWA,DES MOINES,,False,,,,2026-07-10
29289,,MUSKEGON FS&LA,MUSKEGON,,False,,,,2026-07-10
29290,,HARTFORD FS&LA,HARTFORD,,False,,,,2026-07-10
29294,27070,Prevail Bank,Medford,WI,True,1012360,703235,1935-02-18,2026-07-10
29295,,MONYCOR SAVINGS BANK,BARRON,,False,,,,2026-07-10
29296,,LYONS FEDERAL TRUST & SAVINGS,COUNTRYSIDE,,False,,,,2026-07-10
29297,,FIRST FSA OF TUSCOLA,TUSCOLA,,False,,,,2026-07-10
29305,,FIRST FEDERAL SAVINGS/HUTCHINSON,HUTCHINSON,,False,,,,2026-07-10
29306,,DURAND FS & LA,DURAND,,False,,,,2026-07-10
29308,,FIRST OF MID FLORIDA,DELAND,,False,,,,2026-07-10
29315,,YORKVILLE FEDERAL SAVINGS,NEW YORK,,False,,,,2026-07-10
29318,,HERITAGE FSB,OMAHA,,False,,,,2026-07-10
29319,,FIRST FS&LA,AMARILLO,,False,,,,2026-07-10
29324,,FIRST FEDERAL SAVINGS & LOAN,NEW BRAUNFELS,,False,,,,2026-07-10
29326,,DIXIE FS&LA,NEW ORLEANS,,False,,,,2026-07-10
29341,,TIERONE BANK,LINCOLN,NE,False,2824737,,,2026-07-10
29342,,FIRST FS & LA,PONTIAC,,False,,,,2026-07-10
29352,,LAMESA FS&LA,LAMESA,,False,,,,2026-07-10
29355,,UNIVERSAL FSB,CHICAGO,,False,,,,2026-07-10
29362,,FIRST FS&LA,COLUMBUS,,False,,,,2026-07-10
29367,,CITIZENS FINANCIAL BANK,MUNSTER,IN,,1117907,,,2026-07-10
29370,,FIRST NORTHERN COOP,KEENE,,False,,,,2026-07-10
29371,,FIRST FS & LA,TEMPLE,,False,,,,2026-07-10
29378,,VICTORIA SA,SAN ANTONIO,,False,,,,2026-07-10
29383,,CONCORDIA FEDERAL BANK FOR SAVINGS,LANSING,,False,,,,2026-07-10
29390,,COMMERCE FS&LA,COMMERCE,,False,,,,2026-07-10
29400,,PLATTE VALLEY FS & LA,GERING,,False,,,,2026-07-10
29402,,FRONTIER FEDERAL SAVINGS BANK,DYERSBURG,,False,,,,2026-07-10
29403,,FIRST FS & LA OF WICHITA FALLS,WICHITA FALLS,,False,,,,2026-07-10
29405,,YOAKUM FS&LA,YOAKUM,,False,,,,2026-07-10
29406,,FIRST FS&LA,ASHTABULA,,False,,,,2026-07-10
29408,,FIRST FS & LA OF ESTHERVILLE,ESTHERVILLE,,False,,,,2026-07-10
29409,,NINTH FEDERAL SAVINGS,NEW YORK,,False,,,,2026-07-10
29411,,UNITED HOME FEDERAL,TOLEDO,,False,,,,2026-07-10
29413,,CHILLICOTHE FED. S & L ASSOC.,CHILLICOTHE,,False,,,,2026-07-10
29415,,"ENTERPRISE SAVINGS BANK, FA",CHICAGO,,False,,,,2026-07-10
29417,,FIRST FS & LA OF SEMINOLE CO.,SANFORD,,False,,,,2026-07-10
29418,,FIRST RUSSELL COUNTY,PHENIX CITY,,False,,,,2026-07-10
29422,,FIRST FEDERAL SAVINGS OF TOLEDO,TOLEDO,,False,,,,2026-07-10
29423,,SAVERS FS & LA,LITTLE ROCK,,False,,,,2026-07-10
29428,,PEOPLES S & L ASSOC.,STREATOR,,False,,,,2026-07-10
29436,,SALAMANCA FED. SAVINGS ASSOC.,SALAMANCA,,False,,,,2026-07-10
29444,,LOUISIANA SAVINGS ASSN.,LAKE CHARLES,,False,,,,2026-07-10
29447,,VIRGINIA FS&LA,RICHMOND,,False,,,,2026-07-10
29451,,VANGUARD SB,VANDERGRIEF,,False,,,,2026-07-10
29452,,FIRST FS&LA OF PITTSTON,PITTSTON,,False,,,,2026-07-10
29453,,SOUTH BEND FS&LA,SOUTH BEND,,False,,,,2026-07-10
29456,,UNION FS&LA,INDIANAPOLIS,,False,,,,2026-07-10
29457,,COMFED SAVINGS BANK,LOWELL,,False,,,,2026-07-10
29458,,FINANCIAL FEDERAL SA,JOPLIN,,False,,,,2026-07-10
29459,,ROCKY MOUNTAIN FS&LA,CHEYNNE,,False,,,,2026-07-10
29460,,PLYMOUTH FSA,PLYMOUTH,,False,,,,2026-07-10
29461,,FIRST SAVINGS OF AMERICA,ORLAND PARK,,False,,,,2026-07-10
29465,,MARSHALL FS & LA,MARSHALL,,False,,,,2026-07-10
29466,,FIRST SA,PARAGOULD,,False,,,,2026-07-10
29470,,CLYDE FS & LA,NORTH RIVERSIDE,,False,,,,2026-07-10
29488,318974,First Federal Savings and Loan Association of Lakewood,Lakewood,OH,True,2917042,703536,1935-07-19,2026-07-10
29489,,WOMEN'S FS&LA,CLEVELAND,,False,,,,2026-07-10
29493,,ATLANTA FSA,ATLANTA,,False,,,,2026-07-10
29494,,FIRST FS&LA,BIG SPRING,,False,,,,2026-07-10
29498,,WESTLAND FS & LA,RAWLINS,,False,,,,2026-07-10
29499,,SWEETWATER FS & LA,ROCK SPRINGS,,False,,,,2026-07-10
29500,,PIONEER FS&LA IN MASON CITY,MASON CITY,,False,,,,2026-07-10
29504,,FIRST OF NILES FS&LA,NILES,,False,,,,2026-07-10
29507,,GREAT SOUTHERN FEDERAL SAVINGS,SAVANNAH,,False,,,,2026-07-10
29516,,THE GARNETT S & L ASSOC.,GARNETT,,False,,,,2026-07-10
29518,,PELICAN HOMESTEAD SA,METAIRIE,,False,,,,2026-07-10
29520,282075,Washington Financial Bank,Washington,PA,True,1456256,0,1899-01-01,2026-07-10
29523,568470,Peoples Bank,Munster,IN,True,2014507,0,1916-01-01,2026-07-10
29525,,GUARDIAN FSB,NORTHPORT,,False,,,,2026-07-10
29527,,BELL SAVINGS BANC,TEMPLE,,False,,,,2026-07-10
29530,,CARROLTON HOME,NEW ORLEANS,,False,,,,2026-07-10
29540,,BUTTERFIELD  S&LA,SANTA ANA,,False,,,,2026-07-10
29541,,COASTAL FSB,NEW LONDON,,False,,,,2026-07-10
29546,572374,Great Southern Bank,Reeds Spring,MO,True,5690468,0,1923-01-01,2026-07-10
29553,,SUN S & LA,PARKER,,False,,,,2026-07-10
29556,,FIRST DEARBORN,DEARBORN,,False,,,,2026-07-10
29561,,STATEWIDE BANK,COVINGTON,,False,,,,2026-07-10
29563,,EASTERN FS & LA OF SAYVILLE,SAYVILLE,,False,,,,2026-07-10
29566,391575,"United Fidelity Bank, fsb",Evansville,IN,True,6332519,703676,1931-01-01,2026-07-10
29569,,COLORADO COUNTY FS&LA,COLUMBUS,,False,,,,2026-07-10
29573,,CAPITOL FSB,OKLAHOMA CITY,,False,,,,2026-07-10
29581,,HOME OWNERS SAVINGS BANK,BURLINGTON,,False,,,,2026-07-10
29584,,FIRST STATE SA,SEDALIA,,False,,,,2026-07-10
29585,,FIRST FSA OF WAYNESBORO,WAYNESBORO,,False,,,,2026-07-10
29586,,LANSING FS&LA,LANSING,,False,,,,2026-07-10
29588,,"HOME FS & LA, FA",ALGONA,,False,,,,2026-07-10
29594,,FIRST FEDERAL BANK,LEXINGTON,,False,,,,2026-07-10
29595,,FIRST AMERICAN FSB,GREENSBORO,,False,,,,2026-07-10
29603,,BROKEN ARROW SAVINGS ASSOC.,BROKEN ARROW,,False,,,,2026-07-10
29607,,CARLSBAD S&LA,CARLSBAD,,False,,,,2026-07-10
29610,,NORTHWEST FS&LA,SPENCER,,False,,,,2026-07-10
29613,86675,Rosedale Bank,Nottingham,MD,True,1346484,703758,1908-01-01,2026-07-10
29625,,PHOENIX FS&LA,MUSKOGEE,,False,,,,2026-07-10
29638,,FIRST FEDERAL SAVINGS & LOAN,SAN ANTONIO,,False,,,,2026-07-10
29642,,LINCOLN SAVINGS & LOAN,IRVINE,,False,,,,2026-07-10
29643,,PEOPLES FEDERAL S & L ASSOC.,NEW KENSINGTON,,False,,,,2026-07-10
29648,,GUARANTY FEDERAL BANK FSB,CASPER,,False,,,,2026-07-10
29650,,FIRST FSA,LEWISTON,,False,,,,2026-07-10
29651,,GARY FS&LA,GARY,,False,,,,2026-07-10
29657,524579,"Great Midwest Bank, S.S.B.",Brookfield,WI,True,1058168,0,1936-03-25,2026-07-10
29660,,FIRST GARLAND FED. S & L,GARLAND,,False,,,,2026-07-10
29671,,WESTERN FSB,MARINA DEL RAY,,False,,,,2026-07-10
29683,105473,Home Federal Bank of Tennessee,Knoxville,TN,True,2730496,703879,1936-06-15,2026-07-10
29694,,MIDLAND BUCKEYE SAVINGS,ALLIANCE,,False,,,,2026-07-10
29707,,GALVA FS&LA,GALVA,,False,,,,2026-07-10
29708,211271,"North American Savings Bank, F.S.B.",Grandview,MO,True,3155799,703927,1923-01-01,2026-07-10
29716,,ARCANIUM FSA,ARCANUM,,False,,,,2026-07-10
29718,,CENTURY FEDERAL SAVINGS BANK,TRENTON,,False,,,,2026-07-10
29724,,SOUTHERN FSA OF GEORGIA,ATLANTA,,False,,,,2026-07-10
29727,,KNICKERBOCKER FS&LA,NEW YORK,,False,,,,2026-07-10
29728,,AMERICAN FEDERAL SAVINGS ASSOC.,DES MOINES,,False,,,,2026-07-10
29730,,INDYMAC BANK FSB,PASADENA,CA,False,30698512,,,2026-07-10
29736,,GARFIELD FS&LA,POTTSTOWN,,False,,,,2026-07-10
29737,,FIRST S&LA OF NEW BRUNSWICK,NEW BRUNSWICK,,False,,,,2026-07-10
29746,,CITIZENS FS&LA OF NEW CASTLE,NEW CASTLE,,False,,,,2026-07-10
29752,,COOK COUNTY FS&LA,CHICAGO,,False,,,,2026-07-10
29761,,SCB BANK,SHELBYVILLE,,False,,,,2026-07-10
29768,,CRESTLINE FS & LA,CRESTLINE,,False,,,,2026-07-10
29769,,BEVERLY HILLS  S&LA,BEVERLY HILLS,,False,,,,2026-07-10
29770,,FIRST FS&LA OF PADUCAH,PADUCAH,,False,,,,2026-07-10
29776,,AMTRUST BANK,CLEVELAND,OH,False,11438990,,,2026-07-10
29779,,FRANKTON FS&LA,FRANKTON,,False,,,,2026-07-10
29781,,AMERICAN S & L ASSOCIATION,NEW YORK,,False,,,,2026-07-10
29782,220974,First Federal Bank,Dickson,TN,True,1098087,0,1936-10-16,2026-07-10
29795,,LUDINGTON FSB,LUDINGTON,,False,,,,2026-07-10
29803,,CERTIFIED FSA,GEORGETOWN,,False,,,,2026-07-10
29805,,ASTORIA BANK,LONG ISLAND CITY,NY,,13882898,,,2026-07-10
29808,,SEGUIN SAVINGS ASSOCIATION,SEGUIN,,False,,,,2026-07-10
29814,,INVESTORS FEDERAL BANK,EL RENO,,False,,,,2026-07-10
29819,,AUGUSTA FSA,BALTIMORE,,False,,,,2026-07-10
29821,,FIRST FS&LA,HAGERSTOWN,,False,,,,2026-07-10
29826,,AMERICAN SA OF MT. CARMEL,MT. CARMEL,,False,,,,2026-07-10
29827,,CENTRAL FEDERAL SAVINGS,MINEOLA,,False,,,,2026-07-10
29828,,VICTOR S&LA,MUSKOGEE,,False,,,,2026-07-10
29830,,"HORIZON FINANCIAL, FA",SOUTHAMPTON,,False,,,,2026-07-10
29832,,SOUTH S & L ASSOC.,SLIDELL,,False,,,,2026-07-10
29840,,VERMONT SA,TIMONIUM,,False,,,,2026-07-10
29843,,PROVIDENT S&LA,PHILADELPHIA,,False,,,,2026-07-10
29844,,"PROSPECT PARK, FSB",WEST PATERSON,,False,,,,2026-07-10
29845,,PREMIER BANK,YOUNGSTOWN,OH,,8556139,,,2026-07-10
29847,985479,Main Street Bank Corp.,Wooster,OH,True,1526447,0,1899-01-01,2026-07-10
29848,,FIRST FS&LA OF TAYLORVILLE,TAYLORVILLE,,False,,,,2026-07-10
29850,,SECURITY FED. S & L ASSOC.,PEORIA,,False,,,,2026-07-10
29855,,COLUMBIA BANKING FED.,ROCHESTER,,False,,,,2026-07-10
29862,,UNITED FS&LA,DURANT,,False,,,,2026-07-10
29864,,ADVANTAGE BANK,CAMBRIDGE,OH,,1024165,,,2026-07-10
29865,,COMMONWEALTH SAVINGS ASSOC.,NEW ORLEANS,,False,,,,2026-07-10
29867,,CENTRAL SAVINGS & LOAN,NEW ORLEANS,,False,,,,2026-07-10
29868,,HOME S & L ASSOC.,NEW ORLEANS,,False,,,,2026-07-10
29870,,BANC IOWA FEDERAL SAVINGS BANK,CEDAR RAPIDS,,False,,,,2026-07-10
29883,,SAN ANGELO SAVINGS ASSOCIATION,SAN ANGELO,,False,,,,2026-07-10
29892,,OLD STONE SB,PROVIDENCE,,False,,,,2026-07-10
29900,,TELEGRAPH S&LA,CHICAGO,,False,,,,2026-07-10
29902,,FRENCH MARKET HOMESTEAD,METAIRIE,,False,,,,2026-07-10
29909,,FIRST FS & LA OF COFFEYVILLE,COFFEYVILLE,,False,,,,2026-07-10
29917,,FORT LEE S&LA,FORT LEE,,False,,,,2026-07-10
29918,,COLUMBIA FEDERAL HOMESTEAD,METAIRIE,,False,,,,2026-07-10
29920,,CAPITOL S&LA,MOUNT PLEASANT,,False,,,,2026-07-10
29922,921178,Riverview Bank,Vancouver,WA,True,1461136,0,1923-01-01,2026-07-10
29935,,COUNTY FS&LA,ROCKVILLE CENTRE,,False,,,,2026-07-10
29936,,EQUITABLE FEDERAL SAVINGS BANK,FREMONT,,False,,,,2026-07-10
29938,,"ALLIANCE, S&LA",CHICAGO,,False,,,,2026-07-10
29944,,WESTERN FS&LA,COUNCIL BLUFFS,,False,,,,2026-07-10
29946,,PEOPLES FEDERAL SAVINGS BANK,BAY ST. LOUIS,,False,,,,2026-07-10
29947,,FIRST FINANCIAL OF LA,LUTCHER,,False,,,,2026-07-10
29948,,HAVRE FS&LA,HAVRE,,False,,,,2026-07-10
29950,722777,"Santander Bank, N.A.",Wilmington,DE,True,106094600,25022,1907-01-01,2026-07-10
29952,,GEORGE WASHINGTON SAVINGS BANK,ORLAND PARK,,False,,,,2026-07-10
29958,,FIRST FEDERAL SAVINGS,RALEIGH,,False,,,,2026-07-10
29959,,UNITED SAVINGS ASSOCIATION OF TEXAS,HOUSTON,,False,,,,2026-07-10
29961,,FIRST SAVINGS BANK,JEFFERSONVILLE,IN,,2394540,,,2026-07-10
29964,,LEADER S&LA,MONROE,,False,,,,2026-07-10
29965,,GUARANTY FED. S & L ASSOC.,BIRMINGHAM,,False,,,,2026-07-10
29969,,FIRST HOME FS&LA,OWENSBORO,,False,,,,2026-07-10
29971,,SOUTHSIDE S&L,LIMA,,False,,,,2026-07-10
29976,,RIVER EDGE S&LA,RIVER EDGE,,False,,,,2026-07-10
29978,,CAPITAL FS&LA,GARY,,False,,,,2026-07-10
29979,,ANCHORBANK FSB,MADISON,WI,,2226287,,,2026-07-10
29982,,PERPETUAL S&LA,WATERLOO,,False,,,,2026-07-10
30003,,GUARANTY BANK,MILWAUKEE,WI,False,1031900,,,2026-07-10
30005,,CF BCORP,PORT HURON,MI,False,1599122,,,2026-07-10
30006,,PACIFIC NATIONAL BANK,SAN FRANCISCO,CA,False,2319263,,,2026-07-10
30010,,CLINTON S & LA,CLINTON,,False,,,,2026-07-10
30011,,PRUDENTIAL BANK,PHILADELPHIA,PA,,1008922,,,2026-07-10
30012,915878,Third Federal Savings and Loan Association of Cleveland,Cleveland,OH,True,17468430,704544,1938-08-04,2026-07-10
30015,,FIRST CALUMET CITY SAVINGS,BERWYN,,False,,,,2026-07-10
30018,,CHICAGOLAND FS&LA,CHICAGO,,False,,,,2026-07-10
30026,,THE DUNCAN S & L ASSOC.,DUNCAN,,False,,,,2026-07-10
30027,,MARINE VIEW FSB,MIDDLETOWN,,False,,,,2026-07-10
30034,,FIRST CENTRAL FEDERAL SAVINGS BANK,CHARITON,,False,,,,2026-07-10
30039,918477,Haven Savings Bank,Hoboken,NJ,True,1015565,0,1938-01-01,2026-07-10
30041,,ROMA BANK,ROBBINSVILLE,NJ,,1537587,,,2026-07-10
30045,,FIRST PLACE BANK,WARREN,OH,,3279837,,,2026-07-10
30047,,FIRST FS&LA OF ALEXANDRIA,ALEXANDRIA,,False,,,,2026-07-10
30050,,NORTH JERSEY FEDERAL SAV. ASSOC.,PASSAIC,,False,,,,2026-07-10
30052,797775,Blue Foundry Bank,Rutherford,NJ,True,2134039,0,1939-04-10,2026-07-10
30054,,HOME FS&LA,MARION,,False,,,,2026-07-10
30061,,CITIZENS SAVINGS AND LOAN,EAST ALTON,,False,,,,2026-07-10
30066,,FIDELITY S&L,MARTINS FERRY,,False,,,,2026-07-10
30071,,FIRST STATE S&LA,SPARTANSBURG,,False,,,,2026-07-10
30076,845573,"Spencer Savings Bank, SLA",Elmwood Park,NJ,True,4025456,0,1939-09-19,2026-07-10
30080,,CARTERET FSB,MADISON,,False,,,,2026-07-10
30082,,MIDAMERICA SB,WATERLOO,,False,,,,2026-07-10
30089,,WILLOW FINANCIAL BANK,WAYNE,PA,,1583044,,,2026-07-10
30090,,HERITAGE BANK,HOPKINSVILLE,KY,,1009326,,,2026-07-10
30091,,HOME FSB,NORFOLK,,False,,,,2026-07-10
30092,,MANNING S&LA,CHICAGO,,False,,,,2026-07-10
30102,,HOME S&LA,NORWALK,,False,,,,2026-07-10
30122,,TUSKEGEE S & LA,TUSKEGEE,,False,,,,2026-07-10
30125,,BANK MUTUAL,BROWN DEER,WI,,2389537,,,2026-07-10
30130,,MUTUAL AIDE S & LA,MANASQUAN,,False,,,,2026-07-10
30138,,IRVING SAVINGS & LOAN,PATERSON,,False,,,,2026-07-10
30139,,ALEXANDER HAMILTON,PATERSON,,False,,,,2026-07-10
30140,,MAINSTAY FEDERAL SAVINGS,RED BANK,,False,,,,2026-07-10
30146,,FRONTIER SAVINGS & LOAN,PONCA CITY,,False,,,,2026-07-10
30147,,UNITED SAVINGS FSB,PATERSON,,False,,,,2026-07-10
30159,,"FIRST FSB OF GEORGIA, FA",WINDER,,False,,,,2026-07-10
30162,,PEORIA S&LA,PEORIA,,False,,,,2026-07-10
30169,,CENTER S & LA,CLIFTON,,False,,,,2026-07-10
30170,,WASHINGTON FS&LA,NEW YORK,,False,,,,2026-07-10
30182,685676,Opportunity Bank of Montana,Helena,MT,True,2089318,0,1922-01-01,2026-07-10
30186,,OCCIDENTAL/NEBRASKA FSB,OMAHA,,False,,,,2026-07-10
30190,,COLONIAL FEDERAL SAVINGS ASSOC.,ROSELLE PARK,,False,,,,2026-07-10
30194,,WHITESTONE SAVINGS,WHITESTONE,,False,,,,2026-07-10
30200,,FIRST FS&LA OF BRAINERD,BRAINERD,,False,,,,2026-07-10
30202,,CITY FS & LA,BIRMINGHAM,,False,,,,2026-07-10
30204,,HILL FINANCIAL SA,RED HILL,,False,,,,2026-07-10
30216,,BARTON S&LA,NEWARK,,False,,,,2026-07-10
30217,,SECURITY FEDERAL,VINELAND,,False,,,,2026-07-10
30223,,ACTION FEDERAL SAVINGS,SOMMERS POINT,,False,,,,2026-07-10
30228,,COLUMBIA FS&LA,ENGLEWOOD,,False,,,,2026-07-10
30237,,PARKVALE SAVINGS BANK,MONROEVILLE,PA,,1811161,,,2026-07-10
30262,,SOUTHWEST FEDERAL SAVINGS ASSOC.,LOS ANGELES,,False,,,,2026-07-10
30263,,MULTIBANC SAVINGS ASSOCIATION,DALLAS,,False,,,,2026-07-10
30265,,"UNITED SAVINGS OF AMERICA, FA",MELBOURNE,,False,,,,2026-07-10
30267,,PEOPLES FS & LA,BARTLESVILLE,,False,,,,2026-07-10
30272,,FIRST FS&LA OF NEW BERN,NEW BERN,,False,,,,2026-07-10
30273,,OCEAN CITY HOME BANK,OCEAN CITY,NJ,,1094332,,,2026-07-10
30284,,PULASKI BANK NATIONAL ASSN,SAINT LOUIS,MO,,1655057,,,2026-07-10
30285,,JACKSONVILLE FSA,JACKSONVILLE,,False,,,,2026-07-10
30301,,HERITAGE FSA,LAMAR,,False,,,,2026-07-10
30302,,HOME FS&LA,PEORIA,,False,,,,2026-07-10
30303,29878,Maspeth Federal Savings and Loan Association,Maspeth,NY,True,2227906,705138,1947-01-01,2026-07-10
30305,,TEXAS FSA,SAN ANTONIO,,False,,,,2026-07-10
30309,,COLONIAL S & LA,CAPE GIRARDEAU,,False,,,,2026-07-10
30311,,FRANKLIN FSA,OTTAWA,,False,,,,2026-07-10
30312,,HOMETOWN FSA,WINFIELD,,False,,,,2026-07-10
30321,,EMPIRE OF AMERICA FSB,BUFFALO,,False,,,,2026-07-10
30324,,CHASE SAVINGS & LOAN,PHILADELPHIA,,False,,,,2026-07-10
30325,,LIBERTY BELL SAVINGS ASSOC.,BEAVER FALLS,,False,,,,2026-07-10
30329,,HOME FEDERAL SAVINGS BANK,DETROIT,,False,,,,2026-07-10
30336,,ODESSA SAVINGS ASSOCIATION,ODESSA,,False,,,,2026-07-10
30337,,STERLING NATIONAL BANK,PEARL RIVER,NY,,29558731,,,2026-07-10
30342,,MAINLAND  S&LA,HOUSTON,,False,,,,2026-07-10
30353,,"GERMANIA BANK, FSB",ALTON,,False,,,,2026-07-10
30354,,NORTHWESTERN S&LA,NORMANDY,,False,,,,2026-07-10
30361,,FIRST SAVINGS OF ZION,ZION,,False,,,,2026-07-10
30362,,GREAT WEST SAVINGS BANK,AUSTIN,,False,,,,2026-07-10
30366,,PEACHTREE FS&LA,ATLANTA,,False,,,,2026-07-10
30370,,CENTURY FEDERAL SAVINGS,CHICAGO,,False,,,,2026-07-10
30374,,METROPOLITAN FED. S & L ASSOC.,DENVILLE,,False,,,,2026-07-10
30387,510871,FirstBank Puerto Rico,Santurce,PR,True,19070727,0,1949-01-17,2026-07-10
30390,,HOME FEDERAL,WORCESTER,,False,,,,2026-07-10
30392,,METROPOLITAN FS & LA,NASHVILLE,,False,,,,2026-07-10
30396,,FIRST CAROLINA FS&LA,COLUMBIA,,False,,,,2026-07-10
30398,,YORKWOOD S & LA,MAPLEWOOD,,False,,,,2026-07-10
30401,328777,Penn Community Bank,Doylestown,PA,True,3019439,0,1922-01-01,2026-07-10
30407,,GUARANTY FS&LA,ADEL,,False,,,,2026-07-10
30411,,SURETY FS&LA,MORGANTON,,False,,,,2026-07-10
30413,,SENTRY FSA,NORFOLK,,False,,,,2026-07-10
30420,,PATHWAY FINANCIAL,CHICAGO,,False,,,,2026-07-10
30427,,VALLEY FEDERAL SAVINGS,ROSWELL,,False,,,,2026-07-10
30432,,FIRST FSA,BORGER,,False,,,,2026-07-10
30438,,WESTERN S&LA,DALLAS,,False,,,,2026-07-10
30441,517674,First Federal Bank of Louisiana,Lake Charles,LA,True,1175492,705339,1949-10-31,2026-07-10
30444,,CENTRAL TEXAS S & LA,WACO,,False,,,,2026-07-10
30452,,HEARNE BUILDING & LOAN ASSOC.,HEARNE,,False,,,,2026-07-10
30458,,FIRST FED. S & L ASSOC.,AMERICUS,,False,,,,2026-07-10
30467,,HOME S&LA,SEATTLE,,False,,,,2026-07-10
30470,459671,Manasquan Bank,Manasquan,NJ,True,3459562,0,1874-01-01,2026-07-10
30472,,1ST OF DELRAY BEACH S&LA,DELRAY BEACH,,False,,,,2026-07-10
30478,,BOHEMIAN S&LA,ST. LOUIS,,False,,,,2026-07-10
30480,,ECONOMY S&LA,CHICAGO,,False,,,,2026-07-10
30484,,NEW GUARANTY FED. S & L ASSOC.,TAYLOR,,False,,,,2026-07-10
30486,,TAYLORBANC FEDERAL S & L,TAYLOR,,False,,,,2026-07-10
30496,,FRANKLIN SOCIETY FS&LA,NEW YORK,,False,,,,2026-07-10
30497,,DELTA SAVINGS ASSOCIATION OF TEXAS,ALVIN,,False,,,,2026-07-10
30500,,GUARDIAN FS&LA,SILVER SPRING,,False,,,,2026-07-10
30507,,BROWNFIELD  S&LA,BROWNFIELD,,False,,,,2026-07-10
30510,,FIRST STANDARD FED. SAVINGS ASSOC.,FAIRMONT,,False,,,,2026-07-10
30518,,SIOUX VALLEY S & LA,CHEROKEE,,False,,,,2026-07-10
30520,,IRVING S&LA,IRVING,,False,,,,2026-07-10
30522,,NILE VALLEY FEDERAL S & L ASSOC.,SCOTTSBLUFF,,False,,,,2026-07-10
30533,,FIRST FS&LA OF HIBBING,HIBBING,,False,,,,2026-07-10
30535,,KILLEEN S&LA,KILLEEN,,False,,,,2026-07-10
30538,,SPRINGFIELD FSLA,SPRINGFIELD,,False,,,,2026-07-10
30540,,MIDWEST FEDERAL SAVINGS,MINNEAPOLIS,,False,,,,2026-07-10
30544,304173,Marquette Savings Bank,Erie,PA,True,1410572,0,1908-01-01,2026-07-10
30545,,COOPERATIVE FSB,WESTMONT,,False,,,,2026-07-10
30549,,FIRST FS&LA OF SIOUX FALLS,SIOUX FALLS,,False,,,,2026-07-10
30558,,METROPOLITAN SA,FARMINGTON,,False,,,,2026-07-10
30559,,BANKATLANTIC,FORT LAUDERDALE,FL,,3807907,,,2026-07-10
30561,,FIRST FED. S & L OF THE FLORIDA KEYS,KEY WEST,,False,,,,2026-07-10
30570,,WASHINGTON FEDERAL BANK FOR SAVINGS,CHICAGO,,False,,,,2026-07-10
30576,,SOUTHWEST S&LA,ABILENE,,False,,,,2026-07-10
30582,,SECURITY FSA,PANAMA CITY,,False,,,,2026-07-10
30592,,SOUTHWEST SAVINGS ASSOCIATION,DALLAS,,False,,,,2026-07-10
30593,,RIVERSIDE SAVINGS BANK,RIVERSIDE,,False,,,,2026-07-10
30600,,LINCOLN PARK SAVINGS BANK,CHICAGO,,False,,,,2026-07-10
30603,,WASHINGTON FS&LA,MIAMI BEACH,,False,,,,2026-07-10
30607,,HOME FS&LA,SPENCER,,False,,,,2026-07-10
30608,,SOUTHWEST S & LA,PHOENIX,,False,,,,2026-07-10
30611,,SUN FS&LA,TALAHASSEE,,False,,,,2026-07-10
30613,,HERITAGE FS & LA,MONROE,,False,,,,2026-07-10
30622,,FIRST SOUTH SA,HOUSTON,,False,,,,2026-07-10
30623,,KEY S&LA,ENGLEWOOD,,False,,,,2026-07-10
30624,,ARLINGTON HEIGHTS SAVINGS ASSOC.,ARLINGTON HEIGHTS,,False,,,,2026-07-10
30625,,CONTINENTAL S&LA,BELLAIRE,,False,,,,2026-07-10
30628,,HERITAGE SAVINGS ASSOC.,JERSEYVILLE,,False,,,,2026-07-10
30640,,ROOKS COUNTY FSA,PLAINVILLE,,False,,,,2026-07-10
30641,,BRIERCROFT SAVINGS ASSOCIATION,AUSTIN,,False,,,,2026-07-10
30642,,CLEVELAND COMMUNITY SAVINGS CO.,CLEVELAND,,False,,,,2026-07-10
30645,,OLD BOROUGH SAVINGS & LOAN,TRENTON,,False,,,,2026-07-10
30648,,HOME SA,HOUSTON,,False,,,,2026-07-10
30651,,BANC HOME SAVINGS ASSOCIATION,MIDLAND,,False,,,,2026-07-10
30655,,THE OVERLAND PARK FS & LA,OVERLAND PARK,,False,,,,2026-07-10
30665,,WHITE HORSE FS & LA,TRENTON,,False,,,,2026-07-10
30666,,FIRST BORDER SB,PIQUA,,False,,,,2026-07-10
30672,,FIRST FED. S & L ASSOC.,FAYETTEVILLE,,False,,,,2026-07-10
30675,,YORKRIDGE-CALVERT FEDERAL SAVINGS,BALTIMORE,,False,,,,2026-07-10
30676,,HEIGHTS SAVINGS ASSOCIATION,HOUSTON,,False,,,,2026-07-10
30677,,DUVAL FEDERAL SAVINGS ASSN.,JACKSONVILLE,,False,,,,2026-07-10
30681,,WESTERN S&LA,SALT LAKE CITY,,False,,,,2026-07-10
30685,,UNIVERSITY FEDERAL SAVINGS,HOUSTON,,False,,,,2026-07-10
30686,,"LIBERTY SB, FSB",MARIETTA,,False,,,,2026-07-10
30697,,PIMA S & LA,TUCSON,,False,,,,2026-07-10
30702,,CENTRAL ILLINOIS B&HA,CLINTON,,False,,,,2026-07-10
30703,,RESERVE S&LA,ELMHURST,,False,,,,2026-07-10
30704,548771,Magyar Bank,New Brunswick,NJ,True,1067519,0,1922-01-01,2026-07-10
30705,,EQUITY FEDERAL SAVINGS BANK,DENVER,,False,,,,2026-07-10
30711,,MORGAN PARK S&LA,CHICAGO,,False,,,,2026-07-10
30720,,CHARTERBANK,WEST POINT,GA,,1629638,,,2026-07-10
30728,,NORTHERN VIRGINIA S&LA,ARLINGTON,,False,,,,2026-07-10
30729,,NORTH KANSAS SA,BELOIT,,False,,,,2026-07-10
30731,,MIDLAND FS&LA,MOORHEAD,,False,,,,2026-07-10
30740,,FIRST FED. S & L ASSOC.,MALVERN,,False,,,,2026-07-10
30746,,E*TRADE BANK,ARLINGTON,VA,,79134776,,,2026-07-10
30752,,SECURITY FS & LA,RICHMOND,,False,,,,2026-07-10
30758,,METROBANK FS & LA,PALISADES PARK,,False,,,,2026-07-10
30760,,SILVERADO S&LA,DENVER,,False,,,,2026-07-10
30761,,BENJAMIN FRANKLIN SA,HOUSTON,,False,,,,2026-07-10
30763,,SUBURBAN FEDERAL SAVINGS BANK,CROFTON,,False,,,,2026-07-10
30768,,MAJOR FEDERAL S&LA,CINCINNATI,,False,,,,2026-07-10
30769,,INVESTORS S&LA,FAIRVIEW HEIGHTS,,False,,,,2026-07-10
30770,,FIRST BANKERS TRUST,MIDLAND,,False,,,,2026-07-10
30773,,SUNBELT SAVINGS ASSOCIATION OF TEXAS,DALLAS,,False,,,,2026-07-10
30776,435077,"Pathward, National Association",Sioux Falls,SD,True,7113101,25195,1954-01-01,2026-07-10
30777,,REPUBLIC OF TEXAS SA,HOUSTON,,False,,,,2026-07-10
30780,,MERITBANC SAVINGS ASSOCIATION,HOUSTON,,False,,,,2026-07-10
30782,,FIRST FSA OF NEWTON,NEWTON,,False,,,,2026-07-10
30788,2634191,Glacier Bank,Kalispell,MT,True,31717351,0,1955-07-15,2026-07-10
30795,,NASSAU S & LA,PRINCETON,,False,,,,2026-07-10
30796,,FIRST FS&LA OF SUFFOLK,SUFFOLK,,False,,,,2026-07-10
30803,,"PIONEER SAVINGS BANK, FSB",CLEARWATER,,False,,,,2026-07-10
30814,,CARONDELET S&LA ALSO CASE 115,ST. LOUIS,,False,,,,2026-07-10
30818,,PEOPLES FS&LA,WATERLOO,,False,,,,2026-07-10
30823,,MOUNTAIN STATE FS&LA,CLARKSBURG,,False,,,,2026-07-10
30825,,AMERICAN SB,SPRINGFIELD,,False,,,,2026-07-10
30826,,FLAGLER FS & LA,MIAMI,,False,,,,2026-07-10
30828,,MAJESTIC SAVINGS ASSOCIATION,MCKINNEY,,False,,,,2026-07-10
30834,,CITIZENS FS&LA,JACKSONVILLE,,False,,,,2026-07-10
30836,,TERRITORIAL SAVINGS BANK,HONOLULU,HI,,2110009,,,2026-07-10
30841,,BISCAYNE FS&LA,MIAMI,,False,,,,2026-07-10
30843,,PROFESSIONAL SAVINGS BANK,CORAL GABLES,,False,,,,2026-07-10
30846,,HERITAGE SOUTHEAST BANK,JONESBORO,GA,,1578620,,,2026-07-10
30848,,KNOX FS&LA,KNOXVILLE,,False,,,,2026-07-10
30852,,UKRANIAN FS & LA,PHILADELPHIA,,False,,,,2026-07-10
30854,,GREENWOOD FS & LA,GREENWOOD,,False,,,,2026-07-10
30855,,FIRST FED. SAVINGS ASSOC. OF YORK,YORK,,False,,,,2026-07-10
30856,,FIRST FEDERAL BANK OF ALASKA,ANCHORAGE,,False,,,,2026-07-10
30861,,GIBRALTAR S&LA,MAPLEWOOD,,False,,,,2026-07-10
30868,,FIRST FS&LA OF GRAND RAPIDS,GRAND RAPIDS,,False,,,,2026-07-10
30875,,COUNTY FS&LA,ROCKVILLE,,False,,,,2026-07-10
30879,631570,"Provident Savings Bank, F.S.B.",Riverside,CA,True,1217531,706051,1956-07-02,2026-07-10
30888,,TRIDENT FEDERAL S & L ASSOC.,NEWARK,,False,,,,2026-07-10
30890,,AURORA BANK FSB,WILMINGTON,DE,,3782377,,,2026-07-10
30893,,SUPERIOR FEDERAL SAVINGS BANK,NACOGDOCHES,,False,,,,2026-07-10
30895,762474,"Fidelity Bank, National Association",Wichita,KS,True,3345441,25188,1956-01-01,2026-07-10
30898,,"SECURITY SAVINGS BANK, F.S.B.",OLATHE,,False,,,,2026-07-10
30901,,SIOUX CITY FS&LA,SIOUX CITY,,False,,,,2026-07-10
30902,,FIRST FED. S & L ASSOC.,SUMMERVILLE,,False,,,,2026-07-10
30903,,COMMUNITY BK CHESAPEAKE,WALDORF,MD,,2460952,,,2026-07-10
30907,,FIRST FS & LA,BATON ROUGE,,False,,,,2026-07-10
30909,,CREST FEDERAL S & L,KANKAKEE,,False,,,,2026-07-10
30911,,SCANDIA S&LA,DES MOINES,,False,,,,2026-07-10
30913,,PEACH STATE FS&LA,BREMEN,,False,,,,2026-07-10
30914,,HOME FS&LA,PADUCAH,,False,,,,2026-07-10
30916,,GLEN ELLYN  S&LA,GLEN ELLYN,,False,,,,2026-07-10
30922,,SECURITY FS&LA,ALBERQUERQUE,,False,,,,2026-07-10
30923,,CITY S&LA,SAN ANGELO,,False,,,,2026-07-10
30924,,ALAMO SA OF TEXAS,SAN ANTONIO,,False,,,,2026-07-10
30925,,BAYSHORE SA,LAPORTE,,False,,,,2026-07-10
30928,,WASHINGTON FS&LA,UNIVERSITY HEIGHTS,,False,,,,2026-07-10
30932,,COMMUNITY FS&LA,HIALEAH,,False,,,,2026-07-10
30934,,FIRST FEDERAL OF TITUSVILLE,TITUSVILLE,,False,,,,2026-07-10
30935,,SKOKIE FS & LA,SKOKIE,,False,,,,2026-07-10
30937,,SPRING BRANCH S & LA,HOUSTON,,False,,,,2026-07-10
30938,,SECURITY FS&LA OF SIKESTON,SIKESTON,,False,,,,2026-07-10
30939,,FIDELITY FS&LA,CORINTH,,False,,,,2026-07-10
30940,,"THE FEDERAL SB, FSB",SWAINSBORO,,False,,,,2026-07-10
30945,,CREDITBANC SAVINGS ASSOCIATION,AUSTIN,,False,,,,2026-07-10
30946,,STOCKTON SAVINGS ASSOCIATION,DALLAS,,False,,,,2026-07-10
30952,,HI-PLAINS  S&LA,HEREFORD,,False,,,,2026-07-10
30953,961576,"El Dorado Savings Bank, F.S.B.",Placerville,CA,True,2472114,706164,1956-01-01,2026-07-10
30957,,ACADIA S&LA,CROWLEY,,False,,,,2026-07-10
30958,,UNION FS&LA OF NEW YORK,NEW YORK,,False,,,,2026-07-10
30960,,FIRST FSB,HURON,,False,,,,2026-07-10
30961,,UNITED FSB,PRESTONSBURG,,False,,,,2026-07-10
30964,,GUARANTY FS&LA,BATON ROUGE,,False,,,,2026-07-10
30965,,CENTRAL S&LA,SAN DIEGO,,False,,,,2026-07-10
30966,,GUARANTY S&LA,LONGVIEW,,False,,,,2026-07-10
30967,,UNITED FS&LA OF PUERTO RICO,SAN JUAN,,False,,,,2026-07-10
30968,,DOWNEY SAVINGS&LOAN ASSN FA,NEWPORT BEACH,CA,False,12779371,,,2026-07-10
30975,,UNITED FS&LA,BALTIMORE,,False,,,,2026-07-10
30978,,RICHARDSON SAVINGS ASSOCIATION,DALLAS,,False,,,,2026-07-10
30979,,GULF COAST SAVINGS ASSOCIATION,RICHMOND,,False,,,,2026-07-10
30982,,SECURITY FED. SAVINGS ASSOCIATION,GARDEN GROVE,,False,,,,2026-07-10
30983,,FIRST FINANCIAL A SAVINGS ASSOCIATION OF E,EL PASO,,False,,,,2026-07-10
30984,,BOONSLICK S & LA,BOONVILLE,,False,,,,2026-07-10
30990,,EXCEL BANC SAVINGS ASSOC.,LAREDO,,False,,,,2026-07-10
30995,,BANNERBANC FS & LA,GARLAND,,False,,,,2026-07-10
30996,,CENLAR FSB,EWING,NJ,,1036687,,,2026-07-10
30999,,LEMONT FSA,LEMONT,,False,,,,2026-07-10
31010,,FRANKLIN SA,CHICAGO,,False,,,,2026-07-10
31014,,UNIVERSITY FS&LA,CORAL GABLES,,False,,,,2026-07-10
31017,,ARCTIC FS&LA,FAIRBANKS,,False,,,,2026-07-10
31019,,MID MISSOURI S & L ASSOC.,BOONVILLE,,False,,,,2026-07-10
31024,,HANSEN FSA,HAMMONTON,,False,,,,2026-07-10
31027,,WESTERNBANK PUERTO RICO,MAYAGUEZ,PR,False,10797345,,,2026-07-10
31034,,ALLIED FS&LA,JAMAICA,,False,,,,2026-07-10
31035,,"UNITY, SA",NORRIDGE,,False,,,,2026-07-10
31040,,COMMERCE SA,SAN ANTONIO,,False,,,,2026-07-10
31044,,SENTRY SAVINGS ASSOCIATION,SLATON,,False,,,,2026-07-10
31052,,STANDARD FSA,HOUSTON,,False,,,,2026-07-10
31053,,ANDREWS SAVINGS & LOAN ASSOC.,ANDREWS,,False,,,,2026-07-10
31055,,SECURITY SAVINGS ASSOCIATION,TEXARKANA,,False,,,,2026-07-10
31056,,ROYAL FS&LA,DALLAS,,False,,,,2026-07-10
31058,,SAN JACINTO SAVINGS,HOUSTON,,False,,,,2026-07-10
31062,,COLUMBIA SAVINGS & LOAN ASSN.,BEVERLY HILLS,,False,,,,2026-07-10
31064,,VISTA SAVINGS ASSOCIATION,ODESSA,,False,,,,2026-07-10
31066,,HOME SAVINGS FSLA,JOLIET,,False,,,,2026-07-10
31073,,COMMUNITY FEDERAL SAVINGS BANK,EAST MOLINE,,False,,,,2026-07-10
31078,,CAGAUS-CENTRAL FEDERAL SAVINGS,CAGUAS,,False,,,,2026-07-10
31079,,FIRST FED. S & L ASSOC.,NEW IBERIA,,False,,,,2026-07-10
31080,,HIDALGO SAVINGS & LOAN,EDINBURG,,False,,,,2026-07-10
31081,,SOUTHERN S&LA,BROWNWOOD,,False,,,,2026-07-10
31084,,FIRST SOUTH BANK,WASHINGTON,NC,,1072851,,,2026-07-10
31095,,BRIGHT BANC,DALLAS,,False,,,,2026-07-10
31096,,SABINE VALLEY S & L ASSOC.,CENTER,,False,,,,2026-07-10
31100,763677,Security Federal Bank,Aiken,SC,True,1562169,0,1922-01-01,2026-07-10
31112,,FIRST STATE SAVINGS BANK,MOUNTAIN HOME,,False,,,,2026-07-10
31114,,METRO FS&LA,LAKE CHARLES,,False,,,,2026-07-10
31115,,LIFE SAVINGS OF AMERICA,ROCKFORD,,False,,,,2026-07-10
31116,,PERMIAN S & L ASSOC.,KERMIT,,False,,,,2026-07-10
31117,,STATE S&LA OF LUBBOCK,LUBBOCK,,False,,,,2026-07-10
31126,,FRONTIER SAVINGS ASSOCIATION,LAS VEGAS,,False,,,,2026-07-10
31128,,BANCPLUS SAVINGS ASSOCIATION,PASADENA,,False,,,,2026-07-10
31130,,INDEPENDENT AMERICAN SA,IRVING,,False,,,,2026-07-10
31132,,COLONIAL SAVINGS ASSOCIATION,LIBERAL,,False,,,,2026-07-10
31134,,THE FEDERAL SAVINGS BANC FA,ARLINGTON,,False,,,,2026-07-10
31136,,SANDIA FS & LA,ALBUQUERQUE,,False,,,,2026-07-10
31137,,HOME FEDERAL BANK FOR SAVINGS,WAUKEGAN,,False,,,,2026-07-10
31138,,PALOS S&LA,PALOS HEIGHTS,,False,,,,2026-07-10
31151,,SECURITY S&LA,DICKINSON,,False,,,,2026-07-10
31155,,TRI-COUNTY S&LA,CAMDEN,,False,,,,2026-07-10
31163,,CITIZENS OF TEXAS S & L ASSOC.,BAYTOWN,,False,,,,2026-07-10
31168,,GOLDOME FSB,ST. PETERSBURG,,False,,,,2026-07-10
31169,,FIRST S&LA OF BURKBURNETT,BURKBURNETT,,False,,,,2026-07-10
31171,,VERNON S&LA,VERNON,,False,,,,2026-07-10
31172,,ANTIOCH S&LA,ANTIOCH,,False,,,,2026-07-10
31173,,LINCOLN S&LA,PORTLAND,,False,,,,2026-07-10
31174,,NEW ATHENS FS & LA,NEW ATHENS,,False,,,,2026-07-10
31178,,SECURITY S&LA,VILLE PLATTE,,False,,,,2026-07-10
31179,,"NEWTON SAVINGS BANK, FSA",FAIRFIELD,,False,,,,2026-07-10
31182,,UNITED SB OF WYOMING,CHEYNNE,,False,,,,2026-07-10
31186,,MERCURY S&LA OF TEXAS,WICHITA FALLS,,False,,,,2026-07-10
31189,897170,"Ponce Bank, National Association",Bronx,NY,True,3289470,706509,1960-03-31,2026-07-10
31193,,"FIRST FINANCIAL, S&LA",DOWNER'S GROVE,,False,,,,2026-07-10
31200,,SOUTHERN FS&LA OF BROWARD COUNTY,POMPANO BEACH,,False,,,,2026-07-10
31202,,COOSA FS&LA,GADSDEN,,False,,,,2026-07-10
31203,,BANK OF NORTH GEORGIA,ALPHARETTA,GA,,4673717,,,2026-07-10
31206,,FIRST FS & LA,DALLAS,,False,,,,2026-07-10
31207,,FIRST FS&LA OF WALWORTH COUNTY,DELAVAN,,False,,,,2026-07-10
31213,,COLONIAL FEDERAL SAVINGS ASSOC.,PRAIRIE VILLAGE,,False,,,,2026-07-10
31221,,CONTINENTAL S&LA,GLOUCESTER CITY,,False,,,,2026-07-10
31223,716374,First Harrison Bank,Corydon,IN,True,1281783,0,1891-01-01,2026-07-10
31231,,PERPETUAL SAVINGS BANK,VIENNA,,False,,,,2026-07-10
31233,,FIRST FEDERAL SAVINGS & LOAN,WARNER ROBINS,,False,,,,2026-07-10
31238,,ALPHA INDIAN ROCK FS & LA,PHILADELPHIA,,False,,,,2026-07-10
31242,,FIRST FS & LA,LARGO,,False,,,,2026-07-10
31244,,FIRST FINANCIAL SB,DES MOINES,,False,,,,2026-07-10
31252,,STATE MUTUAL FED. S & L ASSOC.,JACKSON,,False,,,,2026-07-10
31256,,MURRAY SAVINGS ASSOCIATION,DALLAS,,False,,,,2026-07-10
31258,,FIRST FS&LA OF NEWPORT NEWS,NEWPORT NEWS,,False,,,,2026-07-10
31262,,SOUTHEAST TEXAS FSA,WOODVILLE,,False,,,,2026-07-10
31263,,K BANK,RANDALLSTOWN,,False,,,,2026-07-10
31268,,HYDE PARK FS&LA,CHICAGO,,False,,,,2026-07-10
31269,,UNITED FS & LA,VIDALIA,,False,,,,2026-07-10
31270,,"FIRST FEDERAL SB, FSB",ASHBURN,,False,,,,2026-07-10
31271,,CONSTITUTION FED. SAVINGS ASSOC.,MONTEREY PARK,,False,,,,2026-07-10
31273,,MERCURY SAVINGS,HUNTINGTON BEACH,,False,,,,2026-07-10
31274,,UNITED FS & LA,SMYRNA,,False,,,,2026-07-10
31275,,AMERICAN FS&LA,FORT WAYNE,,False,,,,2026-07-10
31276,,"FIRST COMMERCE SB, FSB",LOWELL,,False,,,,2026-07-10
31281,,"STATE OF CLOVIS, SA",CLOVIS,,False,,,,2026-07-10
31284,,AMERICAN HERITAGE SAVINGS FA,BLOOMINGTON,,False,,,,2026-07-10
31286,,FIRST MARINER BANK,BALTIMORE,MD,,1014796,,,2026-07-10
31288,,COLONIAL SA,HOUSTON,,False,,,,2026-07-10
31289,,MAYFLOWER FS&LA,PROVIDENCE,,False,,,,2026-07-10
31290,,AMERICAN FS & LA,ALBUQUERQUE,,False,,,,2026-07-10
31293,,UNITED WESTERN BANK,DENVER,CO,False,2153690,,,2026-07-10
31295,,PEOPLES S&LA,OWANTONNA,,False,,,,2026-07-10
31296,,NORTHWEST FS&LA,BOISE,,False,,,,2026-07-10
31299,,LOVES PARK FSB,LOVES PARK,,False,,,,2026-07-10
31301,,UNION FS&LA,PINEVILLE,,False,,,,2026-07-10
31306,,PENINSULA FS&LA,NEWPORT NEWS,,False,,,,2026-07-10
31310,,BROOKHAVEN FS & LA,BROOKHAVEN,,False,,,,2026-07-10
31312,,SECURITY S&LA,MARION,,False,,,,2026-07-10
31313,384278,First Federal Bank,Lake City,FL,True,4382686,706707,1961-01-01,2026-07-10
31320,,"EQUITABLE S & LA, FA",COLUMBUS,,False,,,,2026-07-10
31321,,GUARANTY S&LA,HARRISON,,False,,,,2026-07-10
31323,,COMMUNITY FS&LA,NASHVILLE,,False,,,,2026-07-10
31326,,"AMERIMAC SAVINGS BANK, FS",HILLSBORO,,False,,,,2026-07-10
31327,,GIBSON FEDERAL S&LA,GIBSON CITY,,False,,,,2026-07-10
31330,,DOLLAR SAVINGS BANK,NEWARK,,False,,,,2026-07-10
31333,,INTERWEST SAVINGS ASSOCIATION,FORT WORTH,,False,,,,2026-07-10
31334,,HERITAGE BANC SAVINGS,DUNCANVILLE,,False,,,,2026-07-10
31337,,VANDALIA CITIZENS S&LA,VANDALIA,,False,,,,2026-07-10
31338,,CAL AMERICA S&LA,WALNUT CREEK,,False,,,,2026-07-10
31342,,FIRST SAVINGS BANK OF ALABAMA,HAMILTON,,False,,,,2026-07-10
31348,,SOUTHERN FEDERAL BANC S&LA,LANCASTER,,False,,,,2026-07-10
31350,,NEW MEXICO FSA,ALBUQUERQUE,,False,,,,2026-07-10
31354,,STATE  FS&LA,CORVALLIS,,False,,,,2026-07-10
31355,,ILLINOIS SAVINGS BANK,PEORIA,,False,,,,2026-07-10
31361,,COLONIAL SAVINGS FA,FORT WORTH,TX,,1006281,,,2026-07-10
31363,,ENTERPRISE S&LA,COMPTON,,False,,,,2026-07-10
31365,,HERITAGE FS&LA,BOSSIER CITY,,False,,,,2026-07-10
31371,,FIRST FEDERATED SAVINGS BANK,N. PALM BEACH,,False,,,,2026-07-10
31379,,FIRST FS&LA OF SYLVANIA,SYLVANIA,,False,,,,2026-07-10
31380,,FIRST FS&LA OF REDDING,REDDING,,False,,,,2026-07-10
31384,,REPUBLIC SAVINGS BANK,SOUTH BELOIT,,False,,,,2026-07-10
31388,,MUTUAL FS&LA,CANTON,,False,,,,2026-07-10
31392,,"GIBRALTAR SAVINGS BANK, FSB",SEATTLE,,False,,,,2026-07-10
31394,,SOUTHMOST S & L,BROWNSVILLE,,False,,,,2026-07-10
31396,,TERREBONNE S & L ASSOC.,HOUMA,,False,,,,2026-07-10
31397,,SURETY FEDERAL SAVINGS ASSOC.,EL PASO,,False,,,,2026-07-10
31398,,PLANO S & L ASSOC.,PLANO,,False,,,,2026-07-10
31399,,SECURITY S & LA,SCOTTSDALE,,False,,,,2026-07-10
31400,,MERABANK FSB,PHOENIX,,False,,,,2026-07-10
31402,,JEFFERSON S & L ASSOC.,BEAUMONT,,False,,,,2026-07-10
31403,,CHAMPION SAVINGS ASSOCIATION,HOUSTON,,False,,,,2026-07-10
31413,,AMERIWAY SAVINGS,HOUSTON,,False,,,,2026-07-10
31414,,MITCHELL HOME S&LA,MITCHELL,,False,,,,2026-07-10
31417,,AMERICAN S & LA OF BRAZORIA,LAKE JACKSON,,False,,,,2026-07-10
31418,,SECURITY FS & LA,JACKSON,,False,,,,2026-07-10
31420,,COLUMBIA FED. SAVINGS BANK,WESTPORT,,False,,,,2026-07-10
31426,,BUFFALO S&LA,HOUSTON,,False,,,,2026-07-10
31431,,FIRST S&LA,HONOLULU,,False,,,,2026-07-10
31433,,SECURITY FEDERAL SAVINGS BANK,CARLSBAD,,False,,,,2026-07-10
31436,,PROGRESSIVE SAVINGS BANK,PASADENA,,False,,,,2026-07-10
31439,,SECURITY FS&LA,MAYFIELD,,False,,,,2026-07-10
31440,,TAHOE S&LA,SOUTH LAKE TAHOE,,False,,,,2026-07-10
31441,,GULF FS&LA,MOBILE,,False,,,,2026-07-10
31444,,UNITED FSB,VIENNA,,False,,,,2026-07-10
31445,,ENTEGRA BANK,FRANKLIN,NC,,1702692,,,2026-07-10
31452,,SAN CLEMENTE FSB,SAN CLEMENTE,,False,,,,2026-07-10
31453,,COMMONWEALTH FSB,MANASSAS,,False,,,,2026-07-10
31454,,FIRST CITIZENS SLA,FORT PIERCE,,False,,,,2026-07-10
31455,,"UNITED FEDERAL SAVINGS, FA",NEW ORLEANS,,False,,,,2026-07-10
31459,,FRANKLIN SAVINGS ASSOCIATION,AUSTIN,,False,,,,2026-07-10
31463,,KARNES COUNTY FS & LA,KARNES CITY,,False,,,,2026-07-10
31469,245276,Oriental Bank,San Juan,PR,True,11965833,0,1965-03-25,2026-07-10
31475,,FIRST DAKOTA HOME S&LA,PIERRE,,False,,,,2026-07-10
31478,,MID-STATE S&LA,CHAMPAIGN,,False,,,,2026-07-10
31480,,NEW ORLEANS S&LA,NEW ORLEANS,,False,,,,2026-07-10
31481,,UNITED FS&LA OF BROWARD COUNTY,FORT LAUDERDALE,,False,,,,2026-07-10
31484,,"ENCINO SAVINGS BANK, FSB",ENCINO,,False,,,,2026-07-10
31493,,GULF FEDERAL SAVINGS BANK,METAIRIE,,False,,,,2026-07-10
31495,,"INTER SAVINGS BANK, FSB D/B/A/ INTERBANK, FSB",MAPLE GROVE,,False,,,,2026-07-10
31503,,GILL SA,SAN ANTONIO,,False,,,,2026-07-10
31504,,CHARTER SAVINGS S&LA,CORPUS CHRISTI,,False,,,,2026-07-10
31506,,PERPETUAL S&LA,RAPID CITY,,False,,,,2026-07-10
31508,,FIRST FSA OF BREAUX BRIDGE,BREAUX BRIDGE,,False,,,,2026-07-10
31515,,FIRST FS&LA OF SLIDELL,SLIDELL,,False,,,,2026-07-10
31518,,"HERITAGE SAVINGS BANK, FSB",RICHMOND,,False,,,,2026-07-10
31519,,BOCA RATON FS&LA,BOCA RATON,,False,,,,2026-07-10
31527,,TWIN CITY FS & LA,WEST MONROE,,False,,,,2026-07-10
31532,,ELYSIAN FEDERAL SAVINGS BANK,HOBOKEN,,False,,,,2026-07-10
31533,,UNITED SA OF CENTRAL INDIANA,TIPTON,,False,,,,2026-07-10
31534,,CIVIC S&LA,IRVING,,False,,,,2026-07-10
31542,,REPUBLIC BANK FOR SAVINGS,JACKSON,,False,,,,2026-07-10
31543,,STANDARD FSB,GAITHERSBURG,,False,,,,2026-07-10
31546,,FIRST FED. S & L ASSOC.,EUNICE,,False,,,,2026-07-10
31547,,SUN FEDERAL SAVINGS ASSOC.,FORT DODGE,,False,,,,2026-07-10
31548,,COMMUNITY FED. S & L ASSOC.,TAMPA,,False,,,,2026-07-10
31550,,FIRST AMERICAN S&LA,BENTON,,False,,,,2026-07-10
31552,,VERMILION FSB,ABBEVILLE,,False,,,,2026-07-10
31556,,TRINITY VALLEY SAVINGS,CLEVELAND,,False,,,,2026-07-10
31557,,FT. WAYNE FS&LA,FORT WAYNE,,False,,,,2026-07-10
31558,,FIRST FS&LA OF MONROEVILLE,MONROEVILLE,,False,,,,2026-07-10
31559,,DWELLING HOUSE SAVINGS AND LOAN,PITTSBURGH,,False,,,,2026-07-10
31560,,CONNECTICUT SAVINGS AND LOAN,HARTFORD,,False,,,,2026-07-10
31562,,PEOPLES S&LA,LLANO,,False,,,,2026-07-10
31563,,RELIANCE SAVINGS ASSOCIATION,HOUSTON,,False,,,,2026-07-10
31571,,FIRST CAPITAL SAVINGS ASSOC./TEXAS,HOUSTON,,False,,,,2026-07-10
31574,,HOME TRUST S&LA,VERMILLION,,False,,,,2026-07-10
31580,,LONGVIEW S&LA,LONGVIEW,,False,,,,2026-07-10
31581,,AMERICAN EAGLE SAVINGS BANK,BOOTHWYN,,False,,,,2026-07-10
31582,,UNIVERSAL SA,HOUSTON,,False,,,,2026-07-10
31584,,UNION MUTUAL S&LA,RICHMOND,,False,,,,2026-07-10
31588,,HOMESTEAD FSA,MIDDLETOWN,,False,,,,2026-07-10
31590,,BEN MILAM S&LA,CAMERON,,False,,,,2026-07-10
31593,,FIRST SAVINGS OF EAST TEXAS,SAN AUGUSTINE,,False,,,,2026-07-10
31598,,MAGIC VALLEY S&LA,WESLACO,,False,,,,2026-07-10
31599,,FIRST FEDERAL SAVINGS BANK,DIAMONDVILLE,,False,,,,2026-07-10
31601,,SOUTHWESTERN FEDERAL SAVINGS,EL PASO,,False,,,,2026-07-10
31603,,MIDDLE PNSLA NRTH. NECK FS&LA,GLOUCESTER,,False,,,,2026-07-10
31605,,FIRST CALIFORNIA SAVINGS BANK,SAN FERNANDO,,False,,,,2026-07-10
31609,,CORONADO S&LA,ALBUQUERQUE,,False,,,,2026-07-10
31614,,INDEPENDENCE FS & LA,BATESVILLE,,False,,,,2026-07-10
31615,,DE VARGAS S&LA BANK,SANTA FE,,False,,,,2026-07-10
31616,,ATASCOSA SA,JOURDANTON,,False,,,,2026-07-10
31617,,HOME FS&LA,PONCE,,False,,,,2026-07-10
31620,,VALLEY FIRST FS&LA,EL CENTRO,,False,,,,2026-07-10
31623,,IMPERIAL SAVINGS AND LOAN ASSOCIATION,MARTINSVILLE,,False,,,,2026-07-10
31625,,PADRE FEDERAL S & L,CORPUS CHRISTI,,False,,,,2026-07-10
31628,197478,East West Bank,Pasadena,CA,True,82474471,0,1972-01-01,2026-07-10
31629,,"GIBRALTAR SAVINGS, FA",SIMI VALLEY,,False,,,,2026-07-10
31630,,CAPITOL CITY FEDERAL SAVINGS,AUSTIN,,False,,,,2026-07-10
31632,,HACIENDA FS&LA,OXNARD,,False,,,,2026-07-10
31636,,INVESTORS S&LA,HOUSTON,,False,,,,2026-07-10
31640,,FIRST JACKSON FSB,JACKSON,,False,,,,2026-07-10
31641,,SUMMIT SAVINGS ASSOCIATION,DALLAS,,False,,,,2026-07-10
31644,,AMERICAN S&LA,DEDEDO,,False,,,,2026-07-10
31645,,CORONADO FS&LA,KANSAS CITY,,False,,,,2026-07-10
31648,,AMERICAN FEDERAL BANK,ADA,,False,,,,2026-07-10
31651,,MODERN S&LA,PASADENA,,False,,,,2026-07-10
31652,,FAMILY FS&LA,SPRINGFIELD,,False,,,,2026-07-10
31653,,COMMONWEALTH S & L ASSOC.,OSCEOLA,,False,,,,2026-07-10
31654,,COREAST FSB,RICHMOND,,False,,,,2026-07-10
31655,,ASPEN SAVINGS BANK FSB,ASPEN,,False,,,,2026-07-10
31656,,MISSION SA OF TEXAS,SAN ANTONIO,,False,,,,2026-07-10
31659,,TESORO S&LA,LAREDO,,False,,,,2026-07-10
31660,,TEXASBANC SAVINGS,CONROE,,False,,,,2026-07-10
31663,,FIRST SAVINGS OF LA,LA PLACE,,False,,,,2026-07-10
31664,,SHENANDOAH FSA,MARTINSBURG,,False,,,,2026-07-10
31665,,PHENIX FS&LA,PHENIX CITY,,False,,,,2026-07-10
31668,,EL CENTRO FS&LA,DALLAS,,False,,,,2026-07-10
31671,,TIME FS & LA,SAN FRANCISCO,,False,,,,2026-07-10
31674,,MAGNOLIA FS&LA,KNOXVILLE,,False,,,,2026-07-10
31675,,HOME SAVINGS BANK,ANCHORAGE,,False,,,,2026-07-10
31682,,SEASONS FEDERAL SAVINGS BANK,RICHMOND,,False,,,,2026-07-10
31683,,TRI-LAKES FS&LA,BRANSON,,False,,,,2026-07-10
31684,,TEXANA S&LA,TEXARKANA,,False,,,,2026-07-10
31686,,DELTA SAVINGS & LOAN ASSOCIATION,KENNER,,False,,,,2026-07-10
31691,,CITY FEDERAL S & L ASSOC.,OAKLAND,,False,,,,2026-07-10
31692,,ADOBE SAVINGS BANK,CONCORD,,False,,,,2026-07-10
31697,,FOUNDERS FEDERAL S & L,LOS ANGELES,,False,,,,2026-07-10
31702,,"UNITED BANK, SSB",SAN FRANCISCO,,False,,,,2026-07-10
31703,,TRUSTBANK FSB,TYSONS CORNER,,False,,,,2026-07-10
31705,,COMMUNITY FS&LA,WASHINGTON,,False,,,,2026-07-10
31706,,MIAMI SAVINGS BANK,MIAMI,,False,,,,2026-07-10
31707,,CENTURY SAVINGS & LOAN,BAYTOWN,,False,,,,2026-07-10
31710,,WILLIAMSBURG FS & LA,SALT LAKE CITY,,False,,,,2026-07-10
31714,,COMMUNITY FEDERAL SAVINGS ASSOC.,BRIDGEPORT,,False,,,,2026-07-10
31716,,EMPIRE S&LA,MESQUITE,,False,,,,2026-07-10
31719,,FAMILY S & LA,SEATTLE,,False,,,,2026-07-10
31721,,SECURITY OF STATESVILLE,STATESVILLE,,False,,,,2026-07-10
31724,,INVESTORS FSB,RICHMOND,,False,,,,2026-07-10
31726,,REMINGTON FEDERAL SAVINGS ASSOC.,ELGIN,,False,,,,2026-07-10
31727,,MOUNTAIN SECURITY SB,WYTHEVILLE,,False,,,,2026-07-10
31730,,HUMBLE S & L ASSOC.,HUMBLE,,False,,,,2026-07-10
31737,,CAMERON COUNTY S&LA,SAN BENITO,,False,,,,2026-07-10
31741,,NEW BRAUNFELS S & LA ASSOC.,NEW BRAUNFELS,,False,,,,2026-07-10
31743,,SOUTHERN FEDERAL SB,THOMASVILLE,,False,,,,2026-07-10
31744,,NORTH CAROLINA FS & LA,CHARLOTTE,,False,,,,2026-07-10
31749,,PRESIDIO  S&LA,PORTERVILLE,,False,,,,2026-07-10
31750,,PARIS S&LA,PARIS,,False,,,,2026-07-10
31752,,NORTHPARK SAVINGS ASSOCIATION,RICHARDSON,,False,,,,2026-07-10
31754,,FIRST FINANCIAL FS&LA,BELLAIRE,,False,,,,2026-07-10
31761,,USM (U.S. MUTUAL) S&LA,ANN ARBOR,,False,,,,2026-07-10
31765,,FIRST STATE SAVINGS,SAN ANTONIO,,False,,,,2026-07-10
31766,,INDEPENDENCE S & L ASSOC.,VALLEJO,,False,,,,2026-07-10
31767,,FIRST EQUITY SA,TOMBALL,,False,,,,2026-07-10
31768,,VALLEY FS & LA,VAN NUYS,,False,,,,2026-07-10
31773,,"PAN AMERICAN, FS&LA",RIO PIEDRAS,,False,,,,2026-07-10
31778,,SUNBELT FS&LA,WATONGA,,False,,,,2026-07-10
31779,,SAVINGS OF TEXAS ASSOC.,JACKSONVILLE,,False,,,,2026-07-10
31782,,GOLDEN TRIANGLE S & LA,BRIDGE CITY,,False,,,,2026-07-10
31791,,GENERAL SAVINGS ASSOC.,HENDERSON,,False,,,,2026-07-10
31792,,CITIZENS S&LA,SALEM,,False,,,,2026-07-10
31797,,BURNET S&LA,BURNET,,False,,,,2026-07-10
31798,,MONTEBELLO FS&LA,MONTEBELLO,,False,,,,2026-07-10
31799,,DEEP EAST TEXAS SA,JASPER,,False,,,,2026-07-10
31800,,PAN AMERICAN FSB,SAN MATEO,,False,,,,2026-07-10
31801,,NOWLIN SA,FT. WORTH,,False,,,,2026-07-10
31803,,FIRST SAV. ASSOC. SOUTHEAST TEXAS,SILSBEE,,False,,,,2026-07-10
31804,,LIBERTY FS&LA,LEESVILLE,,False,,,,2026-07-10
31806,,WESTERN GULF SAVINGS,BAY CITY,,False,,,,2026-07-10
31809,,GUADALUPE S & L ASSOC.,KERRVILLE,,False,,,,2026-07-10
31813,,ARCOLA HOMESTEAD SAVINGS BANK,ARCOLA,,False,,,,2026-07-10
31817,,SOUTHERN FEDERAL BANK FOR SAVINGS,GULFPORT,,False,,,,2026-07-10
31818,,CENTENNIAL  S&LA,GUERNEVILLE,,False,,,,2026-07-10
31821,,LAFAYETTE S & L ASSOC.,GRETNA,,False,,,,2026-07-10
31822,,HOMESTATE S&LA,HAYWARD,,False,,,,2026-07-10
31824,,NORTH AMERICAN FSA,SAN ANTONIO,,False,,,,2026-07-10
31825,,PEOPLES FS & LA OF THIBODAUX,THIBODAUX,,False,,,,2026-07-10
31827,,FIRST SOUTHWEST FS & LA,TYLER,,False,,,,2026-07-10
31828,,GREAT AMERICAN FS & LA,CORINTH,,False,,,,2026-07-10
31829,,UNITED GUARANTY FED. SAVINGS BANK,TULLAHOMA,,False,,,,2026-07-10
31830,,RED RIVER S & L ASSOC.,COUSHATTA,,False,,,,2026-07-10
31831,,CENTRAL S & L ASSOC.,JACKSON,,False,,,,2026-07-10
31835,,FIRSTBANC FSB,GONZALES,,False,,,,2026-07-10
31836,,AMERICAN S&LA,BILOXI,,False,,,,2026-07-10
31839,,CITIZENS S&LA,BATESVILLE,,False,,,,2026-07-10
31840,590976,Financial Federal Bank,Memphis,TN,True,1119899,0,1973-01-01,2026-07-10
31841,,SECURITY TRUST S&LA,OAKRIDGE,,False,,,,2026-07-10
31842,,HEART O TEXAS SAVINGS ASSOCIATION,MIDLAND,,False,,,,2026-07-10
31843,,FIRST FEDERAL SAVINGS & LOAN,METAIRIE,,False,,,,2026-07-10
31846,,FIRST FS&LA IN NEW ALBANY,NEW ALBANY,,False,,,,2026-07-10
31848,,AMERICAN S&LA,KNOXVILLE,,False,,,,2026-07-10
31851,,TENNESSEE FEDERAL SAVINGS BANK,COOKEVILLE,,False,,,,2026-07-10
31855,,DELTA FS & LA,DREW,,False,,,,2026-07-10
31859,,GEORGE WASHINGTON FSA,JONESBOROUGH,,False,,,,2026-07-10
31860,,UNION SA,SAN ANTONIO,,False,,,,2026-07-10
31863,,NORTH MISSISSIPPI S&LA,CLARKSDALE,,False,,,,2026-07-10
31866,,LINCOLN FS & LA,MT. CARMEL,,False,,,,2026-07-10
31870,,FIRST SA OF KILGORE,KILGORE,,False,,,,2026-07-10
31873,,INVESTORS SAVINGS BANK,NASHVILLE,,False,,,,2026-07-10
31874,,SUBURBAN SAVINGS ASSOC.,SAN ANTONIO,,False,,,,2026-07-10
31875,,MCLEAN S&LA,MCLEAN,,False,,,,2026-07-10
31877,,JOHN SEVIER S&LA,SEVIERVILLE,,False,,,,2026-07-10
31879,,GERMANTOWN TRUST SAVINGS,GERMANTOWN,,False,,,,2026-07-10
31880,,EQUITABLE S&LA,STANTON,,False,,,,2026-07-10
31881,,COMMERCE FSB,KNOXVILLE,,False,,,,2026-07-10
31883,,SAVANNAH FS&LA,SAVANNAH,,False,,,,2026-07-10
31884,,COMMUNITY FED. S & L ASSOC.,NEWPORT NEWS,,False,,,,2026-07-10
31885,,MT. VERNON S&LA,ROSSLYN,,False,,,,2026-07-10
31886,,FIRST VALLEY S&LA,PIKEVILLE,,False,,,,2026-07-10
31887,,FIRST CITY FSB,LUCEDALE,,False,,,,2026-07-10
31889,,CENTRAL ARKANSAS S&LA,CONWAY,,False,,,,2026-07-10
31890,,EAST TENNESSEE,KNOXVILLE,,False,,,,2026-07-10
31891,,AUDUBON S&LA,NEW ORLEANS,,False,,,,2026-07-10
31892,,FIRST CITY SAVINGS ASSOCIATION,IRVING,,False,,,,2026-07-10
31893,,FIRST SOUTHERN SA,PASCAGOULA,,False,,,,2026-07-10
31895,,FIRST FS&LA OF ACADIA,RAYNE,,False,,,,2026-07-10
31896,,COMMONWEALTH SAVINGS ASSOC.,HOUSTON,,False,,,,2026-07-10
31897,,SOUTHEASTERN FEDERAL SAVINGS BANK,LAUREL,,False,,,,2026-07-10
31898,,FIRST SECURITY  SB,PLEASANT HILL,,False,,,,2026-07-10
31899,,CONTINENTAL SAVINGS OF AMERICA,SAN FRANCISCO,,False,,,,2026-07-10
31902,,RESERVE S&LA,WITCHITA,,False,,,,2026-07-10
31904,,FIRST GUARANTY BANK FOR SAVINGS,HATTIESBURG,,False,,,,2026-07-10
31906,,SIERRA FS&LA,DENVER,,False,,,,2026-07-10
31907,,TIMBERLAND FSA,NACOGDOCHES,,False,,,,2026-07-10
31908,,VISION BANC SAVINGS ASSOC.,KINGSVILLE,,False,,,,2026-07-10
31909,,SOUTHEASTERN SAVINGS ASSOC.,DAYTON,,False,,,,2026-07-10
31911,,SILVER SAVINGS ASSOC.,SILVER CITY,,False,,,,2026-07-10
31913,,"UNIVERSAL SA, FA",CHICKASHA,,False,,,,2026-07-10
31914,,MERCANTILE SAVINGS BANK,SOUTHAVEN,,False,,,,2026-07-10
31915,,CAPITOL FEDERAL S & L,LITTLE ROCK,,False,,,,2026-07-10
31917,,MADISON GUARANTY S & LA,MCCRORY,,False,,,,2026-07-10
31924,,CHARTER SAVINGS BANK,NEWPORT,,False,,,,2026-07-10
31927,,WESTWOOD S & L ASSOC.,LOS ANGELES,,False,,,,2026-07-10
31931,,LIBERTY FSB,WARRENTON,,False,,,,2026-07-10
31933,,UNIPOINT FED. SAVINGS BANK,TRUMANN,,False,,,,2026-07-10
31935,,COLORADO S & L ASSOC.,ENGLEWOOD,,False,,,,2026-07-10
31937,,HOME FED. S & L ASSOC.,MOUNTAIN HOME,,False,,,,2026-07-10
31938,,"BANK USA, FEDERAL ASSOCIATION",SILVIS,,False,,,,2026-07-10
31940,,CENTURY SA,SHAWNEE MSN,,False,,,,2026-07-10
31942,,REPUBLIC FS&LA,LAFAYETTE,,False,,,,2026-07-10
31943,,COLUMBUS S&LA,SAN RAFAEL,,False,,,,2026-07-10
31944,,INVESTMENT FS & LA,CHATSWORTH,,False,,,,2026-07-10
31945,677176,TrustCo Bank,Glenville,NY,True,6507414,707635,1925-01-01,2026-07-10
31946,,BROWARD FS&LA,SUNRISE,,False,,,,2026-07-10
31950,,TRI-CITIES SAVINGS AND LOAN,KENNEWICK,,False,,,,2026-07-10
31953,,LAKE SUNAPEE BANK FSB,NEWPORT,NH,,1552939,,,2026-07-10
31956,,AMIGO FS & LA,BROWNSVILLE,,False,,,,2026-07-10
31957,,HERITAGE FSA,LANCASTER,,False,,,,2026-07-10
31959,,PENINSULA FS&LA,SOLDOTNA,,False,,,,2026-07-10
31962,,SIERRA S&LA,GARDNERVILLE,,False,,,,2026-07-10
31963,,SHAMROCK FEDERAL SAVINGS BANK,SHAMROCK,,False,,,,2026-07-10
31964,,LIBERTYBANK,EUGENE,,False,,,,2026-07-10
31965,,WESTPORT FEDERAL SAVINGS BANK,HANFORD,,False,,,,2026-07-10
31967,,AMERICAN BANC SAVINGS ASSOCIAT,DALLAS,,False,,,,2026-07-10
31968,,ELMWOOD FED. S & L ASSOC.,HARAHAN,,False,,,,2026-07-10
31970,,LA HACIENDA SAVINGS ASSOC.,SAN ANTONIO,,False,,,,2026-07-10
31974,,FORTUNE FINANCIAL FED. S & L ASSOC,COPPERAS COVE,,False,,,,2026-07-10
31979,,LEE SAVINGS ASSOCIATION,GIDDINGS,,False,,,,2026-07-10
31982,,PENINSULA S & LA,SOUTH SAN FRANCISCO,,False,,,,2026-07-10
31984,,PARISH FEDERAL S & L ASSOC.,DENHAM SPRINGS,,False,,,,2026-07-10
31985,,SOUTHLAND SAVINGS ASSOCIATION,LONGVIEW,,False,,,,2026-07-10
31987,,SAN MARINO S&LA,SAN MARINO,,False,,,,2026-07-10
31988,,HERITAGE S&LA,ELK CITY,,False,,,,2026-07-10
31989,,SUMMIT S&LA,PARK CITY,,False,,,,2026-07-10
31990,,LIFE FSB,CLEARWATER,,False,,,,2026-07-10
31991,,GRAND PRAIRIE FS & LA,STUTTGART,,False,,,,2026-07-10
31993,,ENTERPRISE FEDERAL SAVINGS,MARRERO,,False,,,,2026-07-10
31996,,INGLEWOOD FS&LA,INGLEWOOD,,False,,,,2026-07-10
31997,,SUN STATE SAVINGS & LOAN,PHOENIX,,False,,,,2026-07-10
32001,,SOUTHSIDE FED. S & L ASSOC.,AUSTIN,,False,,,,2026-07-10
32003,,UVALDE FS & LA,UVALDE,,False,,,,2026-07-10
32005,,PEOPLES S&LA,LA GRANDE,,False,,,,2026-07-10
32006,,AMERICAN DIVERSIFIED SAVINGS BANK,COSTA MESA,,False,,,,2026-07-10
32008,,BLUEBONNET SA OF TEXAS,HEMPSTEAD,,False,,,,2026-07-10
32011,,BRICKELLBANC SAVINGS ASSOC.,MIAMI,,False,,,,2026-07-10
32014,,VILLAGE SAVINGS FSB,HOUSTON,,False,,,,2026-07-10
32015,,COMMUNITY FS&LA,BATON ROUGE,,False,,,,2026-07-10
32016,,"SUNRISE, S&LA",LAKE WORTH,,False,,,,2026-07-10
32019,,FOUNTAINBLEAU FEDERAL,SLIDELL,,False,,,,2026-07-10
32020,,SUN COUNTRY SB OF NEW MEXICO,ALBUQUERQUE,,False,,,,2026-07-10
32022,,LYNNWOOD S&LA,LYNNWOOD,,False,,,,2026-07-10
32023,,HEARTLAND S & LA,LA MESA,,False,,,,2026-07-10
32024,,CARVER S&LA,ESCONDIDO,,False,,,,2026-07-10
32028,,FUTURE S&LA,ALBANY,,False,,,,2026-07-10
32029,,NORTHLAKE S&LA,COVINGTON,,False,,,,2026-07-10
32030,,GENERAL FEDERAL SAVINGS BANK,CORAL GABLES,,False,,,,2026-07-10
32032,,FARMERS SAVINGS BANK,DAVIS,,False,,,,2026-07-10
32034,,UNIVERSAL S&LA,SCOTTSDALE,,False,,,,2026-07-10
32035,,LINCOLN S & LA,MIAMI,,False,,,,2026-07-10
32037,,"HOME SB, FSB",SALT LAKE CITY,,False,,,,2026-07-10
32041,,RIVER CITY FEDERAL SAVINGS,BATON ROUGE,,False,,,,2026-07-10
32042,,INDEPENDENCE S&LA,GONZALES,,False,,,,2026-07-10
32044,,SUN S&LA,SAN DIEGO,,False,,,,2026-07-10
32045,,ARROWHEAD PACIFIC FEDERAL SAVINGS,SAN BERNARDINO,,False,,,,2026-07-10
32046,,ROCKY MOUNTAIN S & L ASSOC.,WOODLAND PARK,,False,,,,2026-07-10
32048,,MERIDIAN SAVING ASSOCIATION,ARLINGTON,,False,,,,2026-07-10
32050,,SOUTH FLORIDA SAVINGS BANK,DAVIE,,False,,,,2026-07-10
32054,,SECURITY SAVINGS & LOAN,WATERBURY,,False,,,,2026-07-10
32055,,MONTANA S&LA,KALISPELL,,False,,,,2026-07-10
32056,,AMERICAN PIONEER SAVINGS BANK,ORLANDO,,False,,,,2026-07-10
32058,,MT. WHITNEY S&LA,EXETER,,False,,,,2026-07-10
32059,,GATEWAY FEDERAL SAVINGS BANK,OAKLAND,,False,,,,2026-07-10
32062,,ALLIANCE S&LA (HOUSTON),AUSTIN,,False,,,,2026-07-10
32063,,FAMILY FS & LA,SHREVEPORT,,False,,,,2026-07-10
32064,,INTERNATIONAL FS & LA,N. MIAMI BEACH,,False,,,,2026-07-10
32067,,PEOPLES S&LA,HONOLULU,,False,,,,2026-07-10
32068,,COMMERCIAL S & LA ASSOC.,HAMMOND,,False,,,,2026-07-10
32069,,FIRST BANK OF BEVERLY HILLS,CALABASAS,CA,False,1260354,,,2026-07-10
32070,,"FIRST AMERICAN SAVINGS BANK, FSB",SANTA FE,,False,,,,2026-07-10
32072,,ULTIMATE SAVINGS BANK,RICHMOND,,False,,,,2026-07-10
32074,,RANCHERS SAVINGS ASSOCIATION,JOHNSON CITY,,False,,,,2026-07-10
32076,,COMMONWEALTH FEDERAL S & L,FORT LAUDERDALE,,False,,,,2026-07-10
32077,,FIRST OKLAHOMA SAVINGS BANK,TULSA,,False,,,,2026-07-10
32081,,FIRST VENICE S & LA,VENICE,,False,,,,2026-07-10
32083,,ALLIANCE FS&LA,KENNER,,False,,,,2026-07-10
32084,732178,Grand Savings Bank,Grove,OK,True,1029895,0,1981-04-10,2026-07-10
32087,,WASHINGTON S & L ASSOC.,STOCKTON,,False,,,,2026-07-10
32089,,PALO DURO FS & LA,AMARILLO,,False,,,,2026-07-10
32090,,OAKTREE FEDERAL SAVINGS,NEW ORLEANS,,False,,,,2026-07-10
32091,,FIRST CITY FEDERAL S & L,BATON ROUGE,,False,,,,2026-07-10
32094,,HUNTINGTON FS & LA,HUNTINGTON BEACH,,False,,,,2026-07-10
32095,,"COUNTY BANK, FSB",SANTA BARBARA,,False,,,,2026-07-10
32097,,PACIFIC COAST S & LA,SAN FRANCISCO,,False,,,,2026-07-10
32098,,CRESCENT SAVINGS BANK,NEW ORLEANS,,False,,,,2026-07-10
32100,,GUARANTY FSA,WARNER ROBINS,,False,,,,2026-07-10
32101,,WESTERN EMPIRE FS & LA,YORBA LINDA,,False,,,,2026-07-10
32102,,DORAL BANK,SAN JUAN,PR,False,5898515,,,2026-07-10
32103,,ATLAS S&LA,SAN FRANCISCO,,False,,,,2026-07-10
32105,,FIRST SECURITY  S&LA,GRAND JUNCTION,,False,,,,2026-07-10
32108,,TROPICAL FS&LA,MIAMI,,False,,,,2026-07-10
32109,,CYPRUS SA,PLANTATION,,False,,,,2026-07-10
32114,,UNITY FS & LA,BEVERLY HILLS,,False,,,,2026-07-10
32116,,CAPROCK FEDERAL SAVINGS & LOAN,LUBBOCK,,False,,,,2026-07-10
32117,,CITY SAVINGS ASSOC.,LEAGUE CITY,,False,,,,2026-07-10
32118,,TERRITORY S&LA,SEMINOLE,,False,,,,2026-07-10
32121,,STANFORD S&LA,PALO ALTO,,False,,,,2026-07-10
32122,,DEPOSIT TRUST FEDERAL SAVINGS,MONROE,,False,,,,2026-07-10
32123,,METROPOLITAN FS&LA,HIALEAH,,False,,,,2026-07-10
32124,,SKYLINE SAVINGS ASSOCIATION,DALLAS,,False,,,,2026-07-10
32125,,EASTERN WASHINGTON S&LA,WENATCHEE,,False,,,,2026-07-10
32126,,BURLESON COUNTY SAVINGS ASSOC.,CALDWELL,,False,,,,2026-07-10
32128,,PETROPLEX SAVINGS ASSOCIATION,MIDLAND,,False,,,,2026-07-10
32129,,SPINDLETOP SA,BEAUMONT,,False,,,,2026-07-10
32130,,FRONTIER S&LA,FAIRBANKS,,False,,,,2026-07-10
32131,,EVANGELINE FEDERAL SAVINGS & LOAN,LAFAYETTE,,False,,,,2026-07-10
32132,,ROYAL OAK S & L ASSOC.,MANTECA,,False,,,,2026-07-10
32133,,BROOKSIDE FEDERAL S & L,LOS ANGELES,,False,,,,2026-07-10
32134,,MALIBU SB,COSTA MESA,,False,,,,2026-07-10
32136,,AMADOR VALLEY S & L,PLEASANTON,,False,,,,2026-07-10
32138,,LIBERTY S&LA,NEW PORT RICHEY,,False,,,,2026-07-10
32142,,THE GUARDIAN FED. S & L ASSOC.,BAKERSFIELD,,False,,,,2026-07-10
32143,,DELTA FSB,WESTMINSTER,,False,,,,2026-07-10
32145,,ARKANSAS FSB,LITTLE ROCK,,False,,,,2026-07-10
32146,,CABRILLO FEDERAL SAVINGS BANK,SAN JOSE,,False,,,,2026-07-10
32147,,BLOOMFIELD S&LA,BIRMINGHAM,,False,,,,2026-07-10
32149,,GREAT WEST S&LA,LAS VEGAS,,False,,,,2026-07-10
32152,,AMERICAN HOME S & L,EDMOND,,False,,,,2026-07-10
32154,,CROSS ROADS S & LA,CHECOTAH,,False,,,,2026-07-10
32155,,FINANCIAL SECURITY S&LA,DELRAY BEACH,,False,,,,2026-07-10
32156,,BAYOU FS&LA,NEW ORLEANS,,False,,,,2026-07-10
32157,,UNIFIED SAVINGS BANK,NORTHRIDGE,,False,,,,2026-07-10
32158,,STERLING SAVINGS BANK,SPOKANE,WA,,10214194,,,2026-07-10
32159,,SIGNAL S&LA,SIGNAL HILL,,False,,,,2026-07-10
32160,,ROYAL PALM SAVINGS BANK,WEST PALM BEACH,,False,,,,2026-07-10
32162,,SARATOGA S & L ASSOCIATION,SAN JOSE,,False,,,,2026-07-10
32163,,SOUTH BAY S&LA,GARDENS,,False,,,,2026-07-10
32165,,LOS PADRES BANK,SOLVANG,CA,False,1055803,,,2026-07-10
32167,,PEOPLES FIRST COMMUNITY BANK,PANAMA CITY,FL,False,1795420,,,2026-07-10
32168,,WINDSOR SAVINGS ASSOC.,AUSTIN,,False,,,,2026-07-10
32171,,WESTERN COMMUNITY S&L,EL CERRITO,,False,,,,2026-07-10
32172,,PACIFIC PREMIER BANK NA,IRVINE,CA,,17783977,,,2026-07-10
32175,,CITIZENS SECURITY BANK,BORGER,,False,,,,2026-07-10
32176,,NORTH AMERICA  S&LA,SANTA ANNA,,False,,,,2026-07-10
32177,,RANCHO BERNARDO FED. SAV. BANK,SAN DIEGO,,False,,,,2026-07-10
32178,,LUTHER BURBANK SAVINGS,SANTA ROSA,CA,,8229363,,,2026-07-10
32179,,GUARDIAN FSA,HUNTINGTON BEACH,,False,,,,2026-07-10
32181,,"ENSIGN BANK, FSB",NEW YORK,,False,,,,2026-07-10
32183,,PERPETUAL SB,LOS ANGELES,,False,,,,2026-07-10
32184,,LIBERTY FEDERAL SAVINGS BANK,MONTEBELLO,,False,,,,2026-07-10
32185,,R-G PREMIER BANK OF RQ,HATO REY,PR,False,5681177,,,2026-07-10
32186,,FIRST SOUTH SB,COLUMBIA,,False,,,,2026-07-10
32187,,FIRST NETWORK SAVINGS BANK,LOS ANGELES,,False,,,,2026-07-10
32188,619877,USAA Federal Savings Bank,Phoenix,AZ,True,109670000,707975,1983-12-30,2026-07-10
32189,,LIBERTY FSB,RATON,,False,,,,2026-07-10
32191,,WILSHIRE FS & LA,LOS ANGELES,,False,,,,2026-07-10
32197,,CITY S & L ASSOC.,WESTLAKE VILLAGE,,False,,,,2026-07-10
32199,,CONSOLIDATED SAVINGS BANK,IRVINE,,False,,,,2026-07-10
32202,,"EXECUTIVE SB, FSB",MARINA DEL REY,,False,,,,2026-07-10
32203,,SUMMIT STATE BANK,SANTA ROSA,CA,,1004586,,,2026-07-10
32204,,SOUTHERN FLORIDABANC SA,BOCA RATON,,False,,,,2026-07-10
32205,,MANHATTAN BEACH S&LA,MANHATTAN BEACH,,False,,,,2026-07-10
32207,,GOLDEN PACIFIC S&LA,WINDSOR,,False,,,,2026-07-10
32208,,"CHARTER BANK, A FSB",HATTIESBURG,,False,,,,2026-07-10
32210,,ADVANCED FSB,NORTHRIDGE,,False,,,,2026-07-10
32212,,GIBRALTAR PRIVATE B&T CO,CORAL GABLES,FL,,1607372,,,2026-07-10
32214,,CHARTER SAVINGS & LOAN,STAMFORD,,False,,,,2026-07-10
32215,,INTERCAPITAL S&LA,JACKSONVILLE BEACH,,False,,,,2026-07-10
32218,,"BANK USA, NA",PHOENIX,,False,,,,2026-07-10
32220,,AMBASSADOR FS & LA,TAMARAC,,False,,,,2026-07-10
32223,,FIDELITY FS & LA,AUSTIN,,False,,,,2026-07-10
32224,,DAVY CROCKETT FS & LA,CROCKETT,,False,,,,2026-07-10
32225,,GOLDEN CIRCLE SA,CORSICANA,,False,,,,2026-07-10
32228,,GOLDEN STATE FSB,IRVINE,,False,,,,2026-07-10
32229,,"WESTSIDE BANK, FSB",LOS ANGELES,,False,,,,2026-07-10
32231,,SEABANK FED. SAVINGS BANK,MYRTLE BEACH,,False,,,,2026-07-10
32232,,STERLING BANK&TRUST FSB,SOUTHFIELD,MI,,2298402,,,2026-07-10
32234,,LOUISIANA FEDERAL SAVINGS BANK,KENNER,,False,,,,2026-07-10
32235,,AMERIFIED SAVINGS BANK,LAWRENCEVILLE,,False,,,,2026-07-10
32238,,"THE GUARDIAN BANK, FSB",BOCA RATON,,False,,,,2026-07-10
32239,,CITIZENS & BUILDERS FS,PENSACOLA,,False,,,,2026-07-10
32242,839572,"Liberty Savings Bank, F.S.B.",Wilmington,OH,True,1123388,708039,1984-09-14,2026-07-10
32244,,PALM BEACH FSA,PALM BEACH GARDEN,,False,,,,2026-07-10
32245,961624,"Dollar Bank, Federal Savings Bank",Pittsburgh,PA,True,12480067,708043,1984-09-21,2026-07-10
32247,,BANKUNITED FSB,CORAL GABLES,FL,False,13111463,,,2026-07-10
32249,,FIRST AMERICAN FSB,TUCSON,,False,,,,2026-07-10
32251,,PROGRESS BANK OF FLORIDA,TAMPA,,False,,,,2026-07-10
32252,,"CENTRE SA, FA",ARLINGTON,,False,,,,2026-07-10
32253,,ENTERPRISE FED. FSA,CLEARWATER,,False,,,,2026-07-10
32255,,GOLD COAST SAVINGS BANK,PLANTATION,,False,,,,2026-07-10
32258,,HANSEN FSB,PALM BEACH GARDEN,,False,,,,2026-07-10
32259,,FIDELITY FSB,CORINTH,,False,,,,2026-07-10
32261,,SENTINEL FS & LA,PHOENIX,,False,,,,2026-07-10
32264,,GUARANTY FS&LA,DALLAS,,False,,,,2026-07-10
32266,,ACACIA FEDERAL SAVINGS BANK,FALLS CHURCH,VA,,1019899,,,2026-07-10
32267,,"CENTURY BANK, A FEDERAL SAVINGS BANK",SARASOTA,,False,,,,2026-07-10
32268,,AMERICAN FEDERAL SAVINGS BANK,AUSTIN,,False,,,,2026-07-10
32272,,KEYSTONE S&LA,LAMPASAS,,False,,,,2026-07-10
32273,,BOHEMIAN S&LA,ST. LOUIS,,False,,,,2026-07-10
32274,,TEXAS COMMERCIAL SA,SULPHUR SPRINGS,,False,,,,2026-07-10
32276,,NEW SOUTH FSB,IRONDALE,AL,False,1464127,,,2026-07-10
32278,,BEDFORD SAVINGS ASSOC.,BEDFORD,,False,,,,2026-07-10
32279,,PARK CITIES SAVINGS ASSOCIATION,DALLAS,,False,,,,2026-07-10
32280,,TURNBERRY BANK,AVENTURA,,False,,,,2026-07-10
32281,,FIRST LOUISIANA FEDERAL SAVINGS,LAFAYETTE,,False,,,,2026-07-10
32282,773470,Malaga Bank F.S.B.,Palos Verdes Peninsula,CA,True,1442083,708089,1985-03-08,2026-07-10
32283,,AUSTIN FS & LA,AUSTIN,,False,,,,2026-07-10
32284,,COLUMBIA SAVINGS BANK,CINCINNATI,,False,,,,2026-07-10
32288,,PEOPLES COMMUNITY BANK,WEST CHESTER,,False,,,,2026-07-10
32296,911973,Union Savings Bank,Cincinnati,OH,True,4010571,0,1904-03-01,2026-07-10
32299,,METROPLEX FEDERAL SAVINGS ASSOCIATION,HURST,,False,,,,2026-07-10
32301,,ATLANTIC FINANCIAL FSB,SAN FRANCISCO,,False,,,,2026-07-10
32311,,BAYVIEW FSA,CORPUS CHRISTI,,False,,,,2026-07-10
32314,,SEAPOINTE S&LA,CARLSBAD,,False,,,,2026-07-10
32315,,INVESTORS OF FLORIDA,DEERFIELD BEACH,,False,,,,2026-07-10
32323,,GREAT LIFE FSA,SUNRISE,,False,,,,2026-07-10
32324,,CHEVY CHASE BANK FSB,MCLEAN,VA,,18493587,,,2026-07-10
32325,,MUTUAL OF OMAHA BANK,OMAHA,NE,,8443364,,,2026-07-10
32330,,FIRST AMERICA FSB,LONGMONT,,False,,,,2026-07-10
32332,,BEACH FEDERAL SAVINGS ASSOC.,FOUNTAIN VALLEY,,False,,,,2026-07-10
32339,,"SECOND NATIONAL, FSB",SALISBURY,,False,,,,2026-07-10
32340,,PREFFERED SAVINGS AND LOAN,HIGH POINT,,False,,,,2026-07-10
32342,,FINANCIAL FS & LA,FRESNO,,False,,,,2026-07-10
32344,,SOUTHEASTERN SAVINGS BANK,CHARLOTTE,,False,,,,2026-07-10
32347,,"BLUE RIDGE SAVINGS BANK, INC.",ASHEVILLE,,False,,,,2026-07-10
32360,,EASTERN SAVINGS BANK FSB,HUNT VALLEY,MD,,1008821,,,2026-07-10
32363,538473,"Presidential Bank, FSB",Bethesda,MD,True,1022009,708186,1985-04-15,2026-07-10
32367,,SEVERN SB FSB DBA SEVERN BK,ANNAPOLIS,MD,,1113906,,,2026-07-10
32368,,SLAVIE FEDERAL SAVINGS BANK,BEL AIR,,False,,,,2026-07-10
32371,,FINANCIAL SAVINGS OF HARTFORD FSB,HARTFORD,,False,,,,2026-07-10
32374,,CORNERSTONE BANK FSB,MISSION VIEJO,,False,,,,2026-07-10
32380,,JOHN HANSON FSB,BELTSVILLE,,False,,,,2026-07-10
32383,,VISTA FSA,RESTON,,False,,,,2026-07-10
32388,,POTOMAC FSB,SILVER SPRING,,False,,,,2026-07-10
32389,,REPUBLIC FSB,MATTESON,,False,,,,2026-07-10
32390,,COLUMBIA FSA,NASSAU BAY,,False,,,,2026-07-10
32398,,CORNERSTONE FEDERAL SAVINGS,HOUSTON,,False,,,,2026-07-10
32400,,GOLD RIVER SB,FAIR OAKS,,False,,,,2026-07-10
32403,,CITY SAVINGS & LOAN,SAN ANTONIO,,False,,,,2026-07-10
32405,,GREAT ATLANTIC SAVINGS BANK,MANTEO,,False,,,,2026-07-10
32411,,"MISSISSIPPI SAVINGS BANK, FSB",BATESVILLE,,False,,,,2026-07-10
32412,,SECURITY FS & LA OF ALBUQUERQUE,ALBUQUERQUE,,False,,,,2026-07-10
32423,,LA JOLLA BANK FSB,LA JOLLA,CA,False,3646071,,,2026-07-10
32428,,SIERRA S & L ASSOC.,BEVERLY HILLS,,False,,,,2026-07-10
32438,,CORAL COAST FSB,BOYNTON BEACH,,False,,,,2026-07-10
32444,,NEW ENGLAND FSA,WELLESLEY,,False,,,,2026-07-10
32450,,GIBRALTAR S & L ASSOC.,ANNAPOLIS,,False,,,,2026-07-10
32452,,FIRST NEWPORT FSB,NEWPORT BEACH,,False,,,,2026-07-10
32454,,BAY FSB,WEST PALM BEACH,,False,,,,2026-07-10
32456,,IDEAL FEDERAL SAVINGS BANK,BALTIMORE,,False,,,,2026-07-10
32460,,SOUTHWEST SECURITIES FSB,DALLAS,TX,,1192209,,,2026-07-10
32462,,BEXAR SAVINGS ASSOCIATION,SAN ANTONIO,,False,,,,2026-07-10
32463,,CARDINAL SAVINGS BANK,NEWPORT,,False,,,,2026-07-10
32468,,CITADEL FS & LA,CHARLESTON,,False,,,,2026-07-10
32469,,UNITED COMMERCIAL BANK,SAN FRANCISCO,CA,False,10895336,,,2026-07-10
32471,,HORIZON FED. S & L ASSOC.,METAIRIE,,False,,,,2026-07-10
32475,,AMERICAN INTERSTATE SA,LOS ANGELES,,False,,,,2026-07-10
32479,,EXECUTIVE BANC SA,NEW BRAUNFELS,,False,,,,2026-07-10
32484,,VISTA FSA,CANOGA PARK,,False,,,,2026-07-10
32489,,HOMESTREET BANK,SEATTLE,WA,,7604778,,,2026-07-10
32491,,"OCEANMARK BANK, A FSB",NORTH MIAMI BEACH,,False,,,,2026-07-10
32492,,BEACH FS&LA,BOYNTON BEACH,,False,,,,2026-07-10
32494,,NEW METROPOLITAN FSB,HIALEAH,,False,,,,2026-07-10
32497,,FSA OF THE SOUTHWEST,KILGORE,,False,,,,2026-07-10
32498,,CHARTER BANK,SANTA FE,NM,False,1201922,,,2026-07-10
32503,,PLANTATION FEDERAL BANK,PAWLEYS ISLAND,,False,,,,2026-07-10
32506,,UNIFIED SAVINGS FS & LA,NORTHRIDGE,,False,,,,2026-07-10
32507,,COLORADO SAVINGS BANK,STERLING,,False,,,,2026-07-10
32513,,FIRST SAVINGS OF AMERICA FS & LA,ORLAND PARK,,False,,,,2026-07-10
32514,,SOVEREIGN SB,PALM HARBOR,,False,,,,2026-07-10
32515,,LIBERTY SAVINGS BANK FSB,RANDALLSTOWN,,False,,,,2026-07-10
32523,,CORAL S & LA,CORAL SPRINGS,,False,,,,2026-07-10
32526,54973,"American Savings Bank, National Association",Honolulu,HI,True,9042709,708384,1987-01-23,2026-07-10
32528,,PERPETUAL SAVINGS ASSOCIATION,SANTA ANA,,False,,,,2026-07-10
32535,,SOUTHERN FLORIDABANC FEDERAL,BOCA RATON,,False,,,,2026-07-10
32536,,STERLING BANK,LANTANA,,False,,,,2026-07-10
32537,,COLONIAL FSB,CRANSTON,,False,,,,2026-07-10
32540,,LIBERTY FEDERAL SAVINGS,NEW PORT RICHEY,,False,,,,2026-07-10
32541,694904,"Flagstar Bank, National Association",Hicksville,NY,True,87128815,25282,1987-05-20,2026-07-10
32543,,COBB FSA,MARIETTA,,False,,,,2026-07-10
32544,,SECURITY SAVINGS ASSOCIATION,TEXARKANA,,False,,,,2026-07-10
32549,,FREEDOM S & LA,TAMPA,,False,,,,2026-07-10
32551,264772,"Happen Bank, National Association",Lehi,UT,True,11845708,25228,1987-08-26,2026-07-10
32552,,"FRENCH MARKET HOMESTEAD, FSA",METAIRIE,,False,,,,2026-07-10
32553,,FIRST SAVINGS OF LOUISIANA,LA PLACE,,False,,,,2026-07-10
32554,,ACADIA SAVINGS & LOAN,CROWLEY,,False,,,,2026-07-10
32557,,PHENIX FED. S & L ASSOC.,PHENIX CITY,,False,,,,2026-07-10
32560,,FIRST CALIFORNIA SAVINGS,ORANGE,,False,,,,2026-07-10
32561,,TOPEKA SAVINGS,TOPEKA,,False,,,,2026-07-10
32563,,"REPUBLIC SB, FSB",ROCKVILLE,,False,,,,2026-07-10
32564,,MONTFORT SAVINGS ASSOCIATION,DALLAS,,False,,,,2026-07-10
32566,,SURETY FS & LA,MORGANTON,,False,,,,2026-07-10
32571,,WOODLANDS BANK,BLUFFTON,,False,,,,2026-07-10
32574,1176881,Monet Bank,Plano,TX,True,3168602,0,1988-03-10,2026-07-10
32575,,NETBANK,ALPHARETTA,,False,,,,2026-07-10
32576,,GREAT WEST FEDERAL SAVINGS BANK,CRAIG,,False,,,,2026-07-10
32578,,"STATESMAN BANK FOR SAVINGS, FSB",DES MOINES,,False,,,,2026-07-10
32582,,"FIRST ARIZONA SAVINGS, A FSB",SCOTTSDALE,,False,,,,2026-07-10
32583,,GREATER ATLANTIC BANK,RESTON,,False,,,,2026-07-10
32585,,UNIVERSAL SAVINGS & LOAN,SCOTTSDALE,,False,,,,2026-07-10
32588,,HAVEN FS & LA,WINTER HAVEN,,False,,,,2026-07-10
32590,,FIRST SB OF HEMPSTEAD,HEMPSTEAD,,False,,,,2026-07-10
32592,,MERABANK TEXAS,EL PASO,,False,,,,2026-07-10
32596,,CIMARRON FEDERAL SAVINGS,MUSKOGEE,,False,,,,2026-07-10
32598,,SUNBELT SAVINGS,IRVING,,False,,,,2026-07-10
32603,,CHISHOLM FS & LA,KINGFISHER,,False,,,,2026-07-10
32605,,RED RIVER FS & LA,LAWTON,,False,,,,2026-07-10
32612,99376,"NATIONAL COOPERATIVE BANK, N.A.",Hillsboro,OH,True,4147953,25093,1988-09-16,2026-07-10
32615,,CITIZENS FSA,JACKSONVILLE,,False,,,,2026-07-10
32616,,"CONTINENTAL SAVINGS, A FS & LA",BELLAIRE,,False,,,,2026-07-10
32618,,GUARANTY BANK,AUSTIN,TX,False,13464352,,,2026-07-10
32621,,MOUNTAINWEST S & L ASSOC.,OGDEN,,False,,,,2026-07-10
32629,67656,First Savings Bank,Beresford,SD,True,1588238,708547,1989-01-01,2026-07-10
32630,,FINANCIAL SECURITY S & L ASSOC.,DELRAY BEACH,,False,,,,2026-07-10
32633,,WASHINGTON MUTUAL BANK,HENDERSON,NV,False,307021614,,,2026-07-10
32639,,FEDERAL SA OF VIRGINIA,FALLS CHURCH,,False,,,,2026-07-10
32646,,"SUPERIOR BANK, FSB",HINSDALE,,False,,,,2026-07-10
32647,1387605,Northwest Bank,Spencer,IA,True,2965709,0,1988-12-30,2026-07-10
32711,,FIRST CHEROKEE STATE BANK,WOODSTOCK,,False,,,,2026-07-10
32712,,FIFTH THIRD BANK NA,NASHVILLE,TN,,6861013,,,2026-07-10
32718,1414819,Helm Bank USA,Miami,FL,True,1163513,0,1989-12-08,2026-07-10
32728,,"NEW ATLANTIC BANK, NA",NORFOLK,,False,,,,2026-07-10
32731,,CROWN NATIONAL BANK,CHARLOTTE,,False,,,,2026-07-10
32737,,DRUMMOND COMMUNITY BANK,CHIEFLAND,FL,,1020206,,,2026-07-10
32742,,FIRST EXCHANGE BANK NORTH ST. LOUIS,FLORISSANT,,False,,,,2026-07-10
32749,,NEW YORK COMMERCIAL BANK,WESTBURY,NY,,3452289,,,2026-07-10
32762,,THEODORE ROOSEVELT NATIONAL BANK,WASHINGTON,,False,,,,2026-07-10
32773,128904,Eastern Bank,Boston,MA,True,30620358,0,1989-10-19,2026-07-10
32779,1436204,Bank of Marin,Novato,CA,True,3913468,0,1990-01-23,2026-07-10
32912,1445943,Whitaker Bank,Lexington,KY,True,1931310,0,1990-04-19,2026-07-10
32941,1447639,WestStar Bank,El Paso,TX,True,3174990,0,1990-05-01,2026-07-10
32955,,WASHINGTON FIRST INTERNATIONAL BANK,SEATTLE,,False,,,,2026-07-10
32957,,PRUDENTIAL BANK&TRUST FSB,HARTFORD,CT,,1992999,,,2026-07-10
32961,,BLACKROCK INSTL TR CO NA,SAN FRANCISCO,CA,,4520258,,,2026-07-10
32964,,BANK MIDWEST NATIONAL ASSN,KANSAS CITY,MO,,3943905,,,2026-07-10
32974,1458608,Gulf Coast Bank and Trust Company,New Orleans,LA,True,3714223,0,1990-06-08,2026-07-10
32975,,PREMIERWEST BANK,MEDFORD,OR,,1114104,,,2026-07-10
32992,1456501,"Morgan Stanley Bank, National Association",Salt Lake City,UT,True,391305000,24908,1990-05-25,2026-07-10
33005,1459717,FCB Banks,Collinsville,IL,True,2607581,0,1990-07-09,2026-07-10
33022,,BANK OF KENTUCKY INC,CRESTVIEW HILLS,KY,,1900712,,,2026-07-10
33025,,1ST CENTENNIAL BANK,REDLANDS,,False,,,,2026-07-10
33029,,WHITNEY BANK,NEW ORLEANS,LA,,13016484,,,2026-07-10
33111,1718469,Colorado Federal Savings Bank,Greenwood Village,CO,True,2577832,708876,1990-06-29,2026-07-10
33119,1469677,"Heritage Bank, Inc.",Burlington,KY,True,2004124,0,1990-09-04,2026-07-10
33124,2182786,Goldman Sachs Bank USA,New York,NY,True,751776000,0,1990-08-30,2026-07-10
33134,,MICHIGAN COMMERCE BANK,ANN ARBOR,MI,,1014903,,,2026-07-10
33141,,SKYLANDS COMMUNITY BANK,CHESTER,NJ,,1354653,,,2026-07-10
33143,,COUNTRYWIDE BANK FSB,CENTENNIAL,CO,False,117031033,,,2026-07-10
33184,,RBC BANK USA,RALEIGH,NC,,27169497,,,2026-07-10
33186,,LIFE FSB,BATON ROUGE,,False,,,,2026-07-10
33188,1494914,Shinhan Bank America,New York,NY,True,1972804,0,1990-10-18,2026-07-10
33190,,LOS ANGELES THRIFT AND LOAN COMPANY,LOS ANGELES,,False,,,,2026-07-10
33216,1718188,Northrim Bank,Anchorage,AK,True,3336853,0,1990-12-04,2026-07-10
33219,,BUTTE COMMUNITY BANK,CHICO,,False,,,,2026-07-10
33306,1842065,CIBC Bank USA,Chicago,IL,True,65130106,0,1991-02-06,2026-07-10
33318,,FIA CARD SERVICES NA,WILMINGTON,DE,False,127000000,,,2026-07-10
33405,,FIRST BANK&TRUST,NEW ORLEANS,LA,,1271623,,,2026-07-10
33418,1863097,Ledyard National Bank,Norwich,VT,True,1042973,22210,1991-05-22,2026-07-10
33440,,CITIZENS FIRST BANK,THE VILLAGES,FL,,4064821,,,2026-07-10
33457,1864197,Oak Valley Community Bank,Oakdale,CA,True,2009991,0,1991-05-28,2026-07-10
33458,,MONONA BANK,MONONA,WI,,1241838,,,2026-07-10
33492,1885932,Crescent Bank,Metairie,LA,True,1006087,0,1991-08-30,2026-07-10
33493,,TAMALPAIS BANK,SAN RAFAEL,,False,,,,2026-07-10
33497,1893049,"Charles Schwab Premier Bank, SSB",Westlake,TX,True,27441000,0,1991-08-30,2026-07-10
33503,1890525,Unity Bank,Clinton,NJ,True,3016164,0,1991-09-13,2026-07-10
33510,,EAST BOSTON SAVINGS BANK,BOSTON,MA,,6127605,,,2026-07-10
33513,,FIRST INTERNATIONAL BANK,PLANO,,False,,,,2026-07-10
33527,,BANK OF NORTH CAROLINA,THOMASVILLE,NC,,7568715,,,2026-07-10
33535,,ADVANTA BANK CORP,DRAPER,UT,False,1525931,,,2026-07-10
33538,,IBERIABANK FSB,LITTLE ROCK,AR,,1647135,,,2026-07-10
33539,1918344,Preferred Bank,Los Angeles,CA,True,7655086,0,1991-12-23,2026-07-10
33555,1929247,"SouthState Bank, National Association",Winter Haven,FL,True,67870584,22311,1992-02-21,2026-07-10
33646,1751420,The Bank of East Asia Ltd.,New York,NY,True,3791183,80097,1918-01-01,2026-07-10
33648,727709,Bank of India,New York,NY,True,7183013,0,1906-09-07,2026-07-10
33653,908508,Bank of China,New York,NY,True,44448266,80028,1912-01-01,2026-07-10
33661,887461,"Mizrahi Tefahot Bank, Ltd.",Los Angeles,CA,True,6838922,0,1923-06-01,2026-07-10
33664,217237,State Bank of India,Chicago,IL,True,4426195,0,1955-07-05,2026-07-10
33681,909000,Bank of Baroda,New York,NY,True,15828371,0,1908-01-01,2026-07-10
33682,95716,State Bank of India,New York,NY,True,23463101,0,1955-07-05,2026-07-10
33684,,ALLIED IRISH BANKS,NEW YORK,NY,,2114203,,,2026-07-10
33686,790105,Bank Hapoalim B.M.,New York,NY,True,10608090,0,1921-01-01,2026-07-10
33690,,BANCO BILBAO VIZCAYA SA,NEW YORK CITY,NY,,41210622,,,2026-07-10
33691,,BANCO ESPANOL DE CREDITO SA,NEW YORK CITY,NY,,1193866,,,2026-07-10
33692,,STANDARD CHARTERED BANK PLC,NEW YORK,NY,,53519366,,,2026-07-10
33693,,MASHREQBANK PSC,NEW YORK,NY,,5436015,,,2026-07-10
33708,,INTERNATIONAL BK OF CHICAGO,CHICAGO,IL,,1038571,,,2026-07-10
33758,2009605,Starion Bank,Bismarck,ND,True,2135629,0,1993-01-01,2026-07-10
33778,,GE CAPITAL BANK,SALT LAKE CITY,UT,,21079563,,,2026-07-10
33782,,MADISONVILLE STATE BANK,MADISONVILLE,,False,,,,2026-07-10
33784,,AMTRADE INTERNATIONAL BANK OF GEORGIA,ATLANTA,,False,,,,2026-07-10
33789,,FIRST NB OF KANSAS,OVERLAND PARK,KS,,1006179,,,2026-07-10
33803,2044811,"Wheaton Bank & Trust, National Association",Wheaton,IL,True,4462876,25203,1993-05-17,2026-07-10
33806,,OPUS BANK,IRVINE,CA,,8383194,,,2026-07-10
33823,2068107,Capital Community Bank,Provo,UT,True,1504994,0,1993-07-29,2026-07-10
33824,,GREAT BASIN BANK OF NEVADA,ELKO,,False,,,,2026-07-10
33826,,COLUMBIA STATE BANK,TACOMA,WA,,20258988,,,2026-07-10
33844,,MOUNTAIN WEST BANK,COEUR D ALENE,ID,,1108789,,,2026-07-10
33849,2119773,"Hinsdale Bank & Trust Company, National Association",Hinsdale,IL,True,6503041,25212,1993-10-28,2026-07-10
33860,2132941,The National Bank of Indianapolis,Indianapolis,IN,True,3128951,22652,1993-12-08,2026-07-10
33863,,HSBC BANK NEVADA NA,LAS VEGAS,NV,,1431131,,,2026-07-10
33867,2142155,Quad City Bank and Trust Company,Bettendorf,IA,True,3092675,0,1994-01-07,2026-07-10
33869,,WACHOVIA BANK NATIONAL ASSN,CHARLOTTE,NC,,510083000,,,2026-07-10
33883,,FIDELITY BANK,DEARBORN,MI,False,1040324,,,2026-07-10
33891,,WASHINGTON MUTUAL BANK FSB,PARK CITY,UT,,46048007,,,2026-07-10
33893,2193616,Raymond James Bank,Saint Petersburg,FL,True,45736982,0,1994-05-06,2026-07-10
33897,,BANK OF NEVADA,LAS VEGAS,NV,,3288137,,,2026-07-10
33901,,ANB FINANCIAL NATIONAL ASSN,BENTONVILLE,AR,False,1895545,,,2026-07-10
33904,,THE GORDON BANK,GORDON,,False,,,,2026-07-10
33905,,HERITAGE BANK OF COMMERCE,SAN JOSE,CA,,5670019,,,2026-07-10
33911,,WILMINGTON TRUST FSB,BALTIMORE,MD,,2298376,,,2026-07-10
33928,2236821,"Patriot Bank, National Association",Stamford,CT,True,1180511,22545,1994-08-31,2026-07-10
33931,,WACHOVIA BANK OF DELAWARE NA,WILMINGTON,DE,,4084663,,,2026-07-10
33935,2239288,"Wintrust Bank, National Association",Chicago,IL,True,9278678,25196,1994-09-14,2026-07-10
33938,,CAPITOL CITY BANK & TRUST COMPANY,ATLANTA,,False,,,,2026-07-10
33947,2121196,"TD Bank USA, National Association",Wilmington,DE,True,32718396,22611,1994-10-13,2026-07-10
33954,,CAPITAL ONE BANK USA NA,GLEN ALLEN,VA,,127600243,,,2026-07-10
33966,,WACHOVIA BANK FSB,HOUSTON,TX,,22785223,,,2026-07-10
33983,,CITIZENS BANK OF NORTHERN CALIFORNIA,NEVADA CITY,,False,,,,2026-07-10
33989,,APPALACHIAN COMMUNITY BANK,ELLIJAY,GA,False,1010075,,,2026-07-10
33997,,WESTSIDE COMMUNITY BANK,UNIVERSITY PLACE,,False,,,,2026-07-10
34010,2297998,EverTrust Bank,City Of Industry,CA,True,1114478,0,1995-05-03,2026-07-10
34011,2298995,"Village Bank and Trust, National Association",Arlington Heights,IL,True,3466631,25202,1995-05-08,2026-07-10
34016,,PREMIER BANK,JEFFERSON CITY,MO,False,1182738,,,2026-07-10
34043,,COMMUNITY BANK OF NEVADA,LAS VEGAS,NV,False,1397798,,,2026-07-10
34046,,GLOBAL COMMERCE BANK,DORAVILLE,,False,,,,2026-07-10
34047,2328137,First Community Bank,Lexington,SC,True,2401075,0,1995-08-17,2026-07-10
34060,,FIRST BANK&TRUST,EVANSTON,IL,,1146019,,,2026-07-10
34068,2344753,Thomasville National Bank,Thomasville,GA,True,2095241,22883,1995-10-02,2026-07-10
34069,,WILMINGTON TRUST NA,WILMINGTON,DE,,11990636,,,2026-07-10
34073,2339795,"Libertyville Bank & Trust Company, National Association",Libertyville,IL,True,3154274,25197,1995-10-10,2026-07-10
34075,,WELLS FARGO HSBC TRADE BK NA,SAN FRANCISCO,CA,,1477681,,,2026-07-10
34076,,ILLINOIS BANK&TRUST,ROCKFORD,IL,,1647488,,,2026-07-10
34087,,LIBERTY BANK,SPRINGFIELD,MO,,1141523,,,2026-07-10
34092,,C1 BANK,SAINT PETERSBURG,FL,,1708721,,,2026-07-10
34102,,SUMMIT COMMUNITY BANK INC,MOOREFIELD,WV,,4633672,,,2026-07-10
34103,,BANKFIRST,SIOUX FALLS,,False,,,,2026-07-10
34112,,PREMIER BANK,DENVER,,False,,,,2026-07-10
34120,2390929,Bank of Ann Arbor,Ann Arbor,MI,True,3329445,0,1996-01-16,2026-07-10
34130,,PUBLIC SAVINGS BANK,HUNTINGDON VALLEY,,False,,,,2026-07-10
34147,,BANK RHODE ISLAND,PROVIDENCE,RI,,3579327,,,2026-07-10
34152,,FIRST NATIONAL BANK,SAVANNAH,,False,,,,2026-07-10
34172,,SYNOVUS BANK,SAINT PETERSBURG,FL,,1334461,,,2026-07-10
34187,,VALLEY COMMUNITY BANK,ST. CHARLES,,False,,,,2026-07-10
34194,,SILVER STATE BANK,HENDERSON,NV,False,1957120,,,2026-07-10
34207,2482824,Great Plains National Bank,Elk City,OK,True,1900140,23049,1996-07-17,2026-07-10
34210,,COMMUNITY BANK OF THE BAY,OAKLAND,CA,,1008464,,,2026-07-10
34211,2465881,Platte Valley Bank,Scottsbluff,NE,True,1229135,0,1996-07-22,2026-07-10
34217,,FIRST BANK,HATTIESBURG,MS,,7933164,,,2026-07-10
34221,2489805,"Morgan Stanley Private Bank, National Association",Purchase,NY,True,241388000,24981,1996-08-12,2026-07-10
34231,,RAVENSWOOD BANK,CHICAGO,,False,,,,2026-07-10
34234,,COMMUNITY CENTRAL BANK,MOUNT CLEMENS,,False,,,,2026-07-10
34242,,BEACH FIRST NATIONAL BANK,MYRTLE BEACH,,False,,,,2026-07-10
34248,,SINCLAIR NATIONAL BANK,GRAVETTE,,False,,,,2026-07-10
34252,2451240,Pacific Coast Bankers' Bank,Walnut Creek,CA,True,1084528,0,1997-01-02,2026-07-10
34254,2497181,"Planters Bank, Inc.",Hopkinsville,KY,True,1932462,0,1996-09-12,2026-07-10
34255,,SOUTHWEST COMMUNITY BANK,SPRINGFIELD,,False,,,,2026-07-10
34264,,FIRST ALLIANCE BANK AND TRUST CO,MANCHESTER,,False,,,,2026-07-10
34270,,FIRST BANKAMERICANO,ELIZABTH,,False,,,,2026-07-10
34292,,THE BANK OF COMMERCE,WOOD DALE,,False,,,,2026-07-10
34294,2471239,CFG Bank,Lutherville,MD,True,5731399,0,1997-12-01,2026-07-10
34295,,INVESTORS COMMUNITY BANK,MANITOWOC,WI,,1536628,,,2026-07-10
34296,,SYRINGA BANK,BOISE,,False,,,,2026-07-10
34301,,FIRST GEORGIA COMMUNITY BANK,JACKSON,,False,,,,2026-07-10
34319,2625724,Southwestern National Bank,Houston,TX,True,1386995,23081,1997-11-03,2026-07-10
34321,,SOUTHERN COMMUNITY B&T,WINSTON SALEM,NC,,1387119,,,2026-07-10
34340,,IRONSTONE BANK,FORT MYERS,FL,,2748725,,,2026-07-10
34341,,TEMECULA VALLEY BANK,TEMECULA,CA,False,1396622,,,2026-07-10
34351,,USAA SAVINGS BANK,LAS VEGAS,NV,,2624123,,,2026-07-10
34352,2697963,"City First Bank, National Association",Washington,DC,True,1424577,22968,1998-11-24,2026-07-10
34353,,CRESTMARK BANK,TROY,MI,,1320696,,,2026-07-10
34363,976552,Core Bank,Omaha,NE,True,1081951,0,1996-12-27,2026-07-10
34369,,MICHIGAN HERITAGE BANK,FARMINGTON HILLS,,False,,,,2026-07-10
34378,,ENCORE BANK NATIONAL ASSN,HOUSTON,TX,,1632413,,,2026-07-10
34380,,BREMER BANK NATIONAL ASSN,FARGO,ND,,1734104,,,2026-07-10
34383,2618780,Texas Capital Bank,Dallas,TX,True,33205747,0,1997-10-03,2026-07-10
34392,,DECATUR FIRST BANK,DECATUR,,False,,,,2026-07-10
34395,2508751,"Barrington Bank & Trust Company, National Association",Barrington,IL,True,4927099,23216,1996-12-19,2026-07-10
34396,,"FIRST BANK OF IDAHO, FSB",KETCHUM,,False,,,,2026-07-10
34401,2515320,Fortis Bank,Denver,CO,True,1349328,0,1997-05-13,2026-07-10
34403,2562164,Coastal Community Bank,Everett,WA,True,5659447,0,1997-04-01,2026-07-10
34404,2576134,WebBank,Salt Lake City,UT,True,2592134,0,1997-05-15,2026-07-10
34411,,PIERCE COMMERCIAL BANK,TACOMA,,False,,,,2026-07-10
34415,2568063,First Command Bank,Fort Worth,TX,True,1086417,713570,1997-04-18,2026-07-10
34422,2580243,American Bank,Allentown,PA,True,1084684,0,1997-06-02,2026-07-10
34427,,CNLBANK,ORLANDO,FL,,1347253,,,2026-07-10
34430,,CENTENNIAL BANK,OGDEN,,False,,,,2026-07-10
34433,,SUMMIT BANK,ARKADELPHIA,AR,,1180886,,,2026-07-10
34444,2354985,Customers Bank,Malvern,PA,True,25862378,0,1997-06-26,2026-07-10
34452,,CAPITAL BANK,RALEIGH,NC,,1703557,,,2026-07-10
34456,,KEYSTONE BANK SSB,AUSTIN,TX,,1018424,,,2026-07-10
34485,,"UNION BANK, NATIONAL ASSOCIATION",GILBERT,,False,,,,2026-07-10
34486,,COMMUNITY SECURITY BANK,NEW PRAGUE,,False,,,,2026-07-10
34507,2654911,Principal Bank,Des Moines,IA,True,9604911,714225,1998-02-12,2026-07-10
34515,,WACCAMAW BANK,WHITEVILLE,,False,,,,2026-07-10
34516,,THE BANK OF ASHEVILLE,ASHEVILLE,,False,,,,2026-07-10
34519,2615190,Merrick Bank,South Jordan,UT,True,8933716,0,1997-09-22,2026-07-10
34522,,COLORADO CAPITAL BANK,CASTLE ROCK,,False,,,,2026-07-10
34527,,CENTRAL ARIZONA BANK,SCOTTSDALE,,False,,,,2026-07-10
34533,2596646,First Community Bank,Batesville,AR,True,3501204,0,1997-08-04,2026-07-10
34562,2594240,ENCORE BANK,Little Rock,AR,True,3588697,0,1997-09-08,2026-07-10
34563,,RIVERSIDE BANK OF THE GULF COAST,CAPE CORAL,,False,,,,2026-07-10
34571,,MERRILL LYNCH B&T CO FSB,NEW YORK,NY,False,38413235,,,2026-07-10
34578,,CHESTATEE STATE BANK,DAWSONVILLE,,False,,,,2026-07-10
34588,,U S BANK TRUST CO NA,PORTLAND,OR,,2898815,,,2026-07-10
34589,693224,Atlantic Union Bank,Richmond City,VA,True,37228893,0,1997-11-04,2026-07-10
34590,,U S BANK NATIONAL ASSN ND,FARGO,ND,,6357502,,,2026-07-10
34594,,FIRST PIEDMONT BANK,WINDER,,False,,,,2026-07-10
34598,2608754,Mercantile Bank,Grand Rapids,MI,True,6356397,0,1997-12-15,2026-07-10
34601,,CITIZENS BANK OF EFFINGHAM,SPRINGFIELD,,False,,,,2026-07-10
34603,2757205,"MVB Bank, Inc",Fairmont,WV,True,3277152,0,1999-01-04,2026-07-10
34607,2758613,First Internet Bank of Indiana,Fishers,IN,True,5683154,0,1998-12-28,2026-07-10
34617,,STATE FARM BANK FSB,BLOOMINGTON,IL,,12285312,,,2026-07-10
34618,2634351,"Macatawa Bank, National Association",Holland,MI,True,3479542,25333,1997-11-25,2026-07-10
34629,,COMPUTERSHARE TRUST CO NA,CANTON,MA,,1133453,,,2026-07-10
34639,,CAPE FEAR BANK,WILMINGTON,,False,,,,2026-07-10
34656,2694681,American First National Bank,Houston,TX,True,2864702,23521,1998-05-18,2026-07-10
34657,,FIRST PLACE BANK,WARREN,OH,,2236878,,,2026-07-10
34658,,CITIZENS BANK & TRUST COMPANY OF CHICAGO,CHICAGO,,False,,,,2026-07-10
34659,,CALIFORNIA NATIONAL BANK,LOS ANGELES,CA,False,7781100,,,2026-07-10
34663,,THE BUCKHEAD COMMUNITY BANK,ATLANTA,,False,,,,2026-07-10
34673,,PARAMOUNT BANK,FARMINGTON HILLS,,False,,,,2026-07-10
34678,,UNITY NATIONAL BANK,CARTERSVILLE,,False,,,,2026-07-10
34681,2624400,"Crystal Lake Bank and Trust Company, National Association",Crystal Lake,IL,True,2148686,23574,1997-12-19,2026-07-10
34682,,EBANK,ATLANTA,,False,,,,2026-07-10
34684,,KEY WEST BANK,KEY WEST,,False,,,,2026-07-10
34692,,CANYON NATIONAL BANK,PALM SPRINGS,,False,,,,2026-07-10
34697,2700984,WEX Bank,Sandy,UT,True,9525737,0,1998-06-01,2026-07-10
34699,2705895,Metropolitan Commercial Bank,New York,NY,True,8843485,0,1999-06-21,2026-07-10
34705,,TOWN COMMUNITY BANK AND TRUST,ANTIOCH,,False,,,,2026-07-10
34707,,SUNRISE BANK OF ARIZONA,PHOENIX,,False,,,,2026-07-10
34710,,NATIONWIDE BANK,COLUMBUS,OH,,5349732,,,2026-07-10
34717,2693264,"Town Bank, National Association",Hartland,WI,True,4515383,25201,1998-07-23,2026-07-10
34723,,TIAA-CREF TRUST CO FSB,SAINT LOUIS,MO,,4815636,,,2026-07-10
34726,,NEW MEXICO BANK&TRUST,ALBUQUERQUE,NM,,2592766,,,2026-07-10
34728,2666400,Independent Bank,Memphis,TN,True,1678841,0,1998-04-20,2026-07-10
34733,,CARDINAL BANK,MCLEAN,VA,,4257562,,,2026-07-10
34738,,"FRONTIER BANK, FSB",PALM DESERT,,False,,,,2026-07-10
34742,2652092,EagleBank,Bethesda,MD,True,9902571,0,1998-07-20,2026-07-10
34755,2708122,Virginia National Bank,Charlottesville,VA,True,1646148,23616,1998-07-29,2026-07-10
34775,2735146,"EverBank, National Association",Jacksonville,FL,True,47232699,25290,1998-10-01,2026-07-10
34780,,BB&T FINANCIAL FSB,COLUMBUS,GA,,2829941,,,2026-07-10
34781,2736219,"Transportation Alliance Bank, Inc. d/b/a TAB Bank",Ogden,UT,True,1592347,0,1998-10-01,2026-07-10
34782,,ALLSTATE BANK,NORTHBROOK,IL,,1080082,,,2026-07-10
34783,,"SAN LUIS TRUST BANK, FSB",SAN LUIS OBISPO,,False,,,,2026-07-10
34785,,SUN WEST BANK,LAS VEGAS,,False,,,,2026-07-10
34788,2734729,American Business Bank,Los Angeles,CA,True,4371214,0,1998-09-28,2026-07-10
34789,,MOUNTAIN NATIONAL BANK,SEVIERVILLE,,False,,,,2026-07-10
34803,,RESOURCE BANK,COVINGTON,LA,,1001080,,,2026-07-10
34805,2736714,Mission Bank,Bakersfield,CA,True,1919385,0,1998-10-07,2026-07-10
34811,2667957,Nebraskaland Bank,North Platte,NE,True,1010651,0,1998-05-14,2026-07-10
34812,,GRANDSOUTH BANK,GREENVILLE,SC,,1196164,,,2026-07-10
34818,,LEGACY BANK,MILWAUKEE,,False,,,,2026-07-10
34820,,SECURITY SAVINGS BANK,HENDERSON,,False,,,,2026-07-10
34821,,NEW CENTURY BANK,CHICAGO,,False,,,,2026-07-10
34823,,PATRIOT BANK MINNESOTA,FOREST LAKE,,False,,,,2026-07-10
34824,,WARREN BANK,WARREN,,False,,,,2026-07-10
34835,,NORTHERN TRUST BANK FSB,BLOOMFIELD HILLS,MI,,1613712,,,2026-07-10
34836,2631846,North American Banking Company,Roseville,MN,True,1453536,0,1998-07-21,2026-07-10
34837,,PREMIER BANK INC,HUNTINGTON,WV,,1418684,,,2026-07-10
34843,,WESTSOUND BANK,BREMERTON,,False,,,,2026-07-10
34861,,GATEWAY BANK&TRUST CO,ELIZABETH CITY,NC,,2209230,,,2026-07-10
34870,,FIRST PEOPLES BANK,PORT SAINT LUCIE,,False,,,,2026-07-10
34875,,FIRST STATE BANK,FLAGSTAFF,,False,,,,2026-07-10
34878,,LAKESIDE COMMUNITY BANK,STERLING HEIGHTS,,False,,,,2026-07-10
34881,,NEW FRONTIER BANK,GREELEY,CO,False,1774588,,,2026-07-10
34885,965789,Susser Bank,Dallas,TX,True,2901954,0,1959-01-01,2026-07-10
34888,2764212,Parke Bank,Sewell,NJ,True,2212532,0,1999-01-28,2026-07-10
34898,,COASTAL BANK,COCOA BEACH,,False,,,,2026-07-10
34908,2847142,Cogent Bank,Orlando,FL,True,2444828,0,1999-09-10,2026-07-10
34934,,UNION BANK,GREENVILLE,NC,,1138451,,,2026-07-10
34940,,PACIFIC MERCANTILE BANK,COSTA MESA,CA,,1490319,,,2026-07-10
34943,,FIRST COMMUNITY BANK OF SOUTHWEST FLORIDA,FORT MYERS,,False,,,,2026-07-10
34945,,MONARCH BANK,CHESAPEAKE,VA,,1212196,,,2026-07-10
34951,,HARVEST COMMUNITY BANK,PENNSVILLE,,False,,,,2026-07-10
34953,2737980,Northpointe Bank,Grand Rapids,MI,True,7395660,0,1999-05-21,2026-07-10
34959,,BANK OF CLARK COUNTY,VANCOUVER,,False,,,,2026-07-10
34965,,FIRST COMMERCIAL BANK OF FLORIDA,ORLANDO,,False,,,,2026-07-10
34966,2849463,First Capital Bank,Charleston,SC,True,1240094,0,1999-09-27,2026-07-10
34967,2736291,Popular Bank,New York,NY,True,14953476,0,1999-01-02,2026-07-10
34968,940311,Banco Popular de Puerto Rico,San Juan,PR,True,60625000,0,1999-01-02,2026-07-10
34976,,WATERFIELD BANK,GERMANTOWN,,False,,,,2026-07-10
34978,2748502,Synergy Bank,Houma,LA,True,1263618,0,1999-03-10,2026-07-10
34979,,NEW CENTURY BANK,SHELBY TOWNSHIP,,False,,,,2026-07-10
34980,2743244,Red River Bank,Alexandria,LA,True,3345447,0,1999-01-14,2026-07-10
34982,,LANDMARK COMMUNITY BANK,COLLIERVILLE,TN,,1006708,,,2026-07-10
34983,,NORTHERN STAR BANK,MANKATO,,False,,,,2026-07-10
34992,,BANK OF ALBUQUERQUE NA,ALBUQUERQUE,NM,,1903236,,,2026-07-10
34997,2771694,BayFirst National Bank,Saint Petersburg,FL,True,1194708,25276,1999-02-12,2026-07-10
34998,,FIRST IC BANK,DORAVILLE,GA,,1243029,,,2026-07-10
35005,,PEDESTAL BANK,HOUMA,LA,,1261472,,,2026-07-10
35006,,VANTAGESOUTH BANK,CARY,NC,,2137905,,,2026-07-10
35007,,GREEN BANK NATIONAL ASSN,HOUSTON,TX,,4393019,,,2026-07-10
35009,,HERITAGE BANK OF FLORIDA,LUTZ,,False,,,,2026-07-10
35011,,INTERVEST NATIONAL BANK,NEW YORK,NY,,1460938,,,2026-07-10
35014,2747587,nbkc bank,Leawood,KS,True,1228036,0,1999-03-30,2026-07-10
35016,,BANK OF WAUSAU,WAUSAU,,False,,,,2026-07-10
35028,,FIRSTCAPITAL BANK OF TX NA,MIDLAND,TX,,2139654,,,2026-07-10
35030,,PLATINUM COMMUNITY BANK,ROLLING MEADOWS,,False,,,,2026-07-10
35038,,FIRST DUPAGE BANK,WESTMONT,,False,,,,2026-07-10
35044,,FLAGSHIP NATIONAL BANK,BRADENTON,,False,,,,2026-07-10
35053,,NORTH COUNTY BANK,ARLINGTON,,False,,,,2026-07-10
35055,,METLIFE BANK NATIONAL ASSN,CONVENT STATION,NJ,,1304502,,,2026-07-10
35061,,HORIZON BANK,BRADENTON,,False,,,,2026-07-10
35065,,UNITED AMERICAS BANK,ATLANTA,,False,,,,2026-07-10
35074,,PROSPERAN BANK,OAKDALE,,False,,,,2026-07-10
35078,,ALLEGIANCE BANK OF NORTH AMERICA,BALA CYNWYD,,False,,,,2026-07-10
35095,2797724,TowneBank,Portsmouth,VA,True,22358708,0,1999-04-08,2026-07-10
35096,,"MILLENNIUM BANK, NATIONAL ASSOCIATION",STERLING,,False,,,,2026-07-10
35100,,PARAGON COMMERCIAL BANK,RALEIGH,NC,,1763918,,,2026-07-10
35106,,BANK OF FLORIDA - SOUTHWEST,NAPLES,,False,,,,2026-07-10
35114,,SATILLA COMMUNITY BANK,SAINT MARYS,,False,,,,2026-07-10
35123,,RELIANCE BANK,DES PERES,MO,,1543763,,,2026-07-10
35139,2838207,Seattle Bank,Seattle,WA,True,1054283,0,1999-08-02,2026-07-10
35141,2850722,BMW Bank of North America,Salt Lake City,UT,True,13013553,0,1999-11-12,2026-07-10
35156,,HOMETOWN NATIONAL BANK,LONGVIEW,,False,,,,2026-07-10
35157,2819167,Farm Bureau Bank FSB,Reno,NV,True,1081100,715205,1999-07-12,2026-07-10
35175,,STRATEGIC CAPITAL BANK,CHAMPAIGN,,False,,,,2026-07-10
35189,,ACCESS NATIONAL BANK,RESTON,VA,,3031323,,,2026-07-10
35207,2787770,Bank of the James,Lynchburg,VA,True,1052925,0,1999-07-22,2026-07-10
35214,2839790,First Reliance Bank,Florence,SC,True,1116792,0,1999-08-16,2026-07-10
35224,,"ALABAMA TRUST BANK, NATIONAL ASSOCIATION",SYLACAUGA,,False,,,,2026-07-10
35230,,EVERGREEN BANK GROUP,OAK BROOK,IL,,1419506,,,2026-07-10
35237,2992547,"John Deere Financial, f.s.b.",Middleton,WI,True,4106696,715685,2000-12-24,2026-07-10
35242,,NORTH GEORGIA BANK,WATKINSVILLE,,False,,,,2026-07-10
35244,,LANDMARK BANK OF FLORIDA,SARASOTA,,False,,,,2026-07-10
35246,,FIRST COMMERCIAL BANK,BLOOMINGTON,,False,,,,2026-07-10
35250,,SHORELINE BANK,SHORELINE,,False,,,,2026-07-10
35251,,SOUTHERN COMMUNITY BANK,FAYETTEVILLE,,False,,,,2026-07-10
35259,,THE BANK OF GEORGIA,PEACHTREE CITY,,False,,,,2026-07-10
35267,,AIG FEDERAL SAVINGS BANK,WILMINGTON,DE,,1007497,,,2026-07-10
35274,233527,"Blue Ridge Bank,  National Association",Martinsville,VA,True,2395630,23903,2000-07-24,2026-07-10
35278,2808602,"Capital Bank, National Association",Rockville,MD,True,3756419,23850,1999-12-14,2026-07-10
35279,,HIGH DESERT STATE BANK,ALBUQUERQUE,,False,,,,2026-07-10
35285,,NEIGHBORHOOD COMMUNITY BANK,NEWNAN,,False,,,,2026-07-10
35291,,COMMUNITY BANK OF LEMONT,LEMONT,,False,,,,2026-07-10
35295,2849801,Southern First Bank,Greenville,SC,True,4581505,0,2000-01-10,2026-07-10
35296,,TENNESSEE COMMERCE BANK,FRANKLIN,TN,False,1009154,,,2026-07-10
35299,,SECURITY EXCHANGE BANK,MARIETTA,,False,,,,2026-07-10
35312,,FIRST CORNERSTONE BANK,KING OF PRUSSIA,,False,,,,2026-07-10
35328,,AMERICAN EXPRESS BANK FSB,SALT LAKE CITY,UT,,55002198,,,2026-07-10
35329,,BEACON FEDERAL,EAST SYRACUSE,NY,,1024863,,,2026-07-10
35353,,METROPOLITAN SAVINGS BANK,PITTSBURGH,,False,,,,2026-07-10
35356,,LYDIAN PRIVATE BANK,PALM BEACH,FL,False,1700117,,,2026-07-10
35361,2867337,Five Star Bank,Roseville,CA,True,5031561,0,1999-12-20,2026-07-10
35364,,CENTRA BANK INC,MORGANTOWN,WV,,1322857,,,2026-07-10
35372,,CAROLINA FEDERAL SAVINGS BANK,CHARLESTON,,False,,,,2026-07-10
35379,,HAVEN TRUST BANK,DULUTH,,False,,,,2026-07-10
35383,,FIRST NATIONAL BANK OF THE SOUTH,SPARTANBURG,,False,,,,2026-07-10
35385,,HOME SAVINGS BANK,YOUNGSTOWN,OH,,2856895,,,2026-07-10
35386,,BANKS OF WISCONSIN,KENOSHA,,False,,,,2026-07-10
35395,,COUNTRY BANK,ALEDO,,False,,,,2026-07-10
35399,,SILVER FALLS BANK,SILVERTON,,False,,,,2026-07-10
35408,,1ST UNITED BANK,BOCA RATON,FL,,1679443,,,2026-07-10
35412,2869162,American Community Bank & Trust,Woodstock,IL,True,1173282,0,2000-03-13,2026-07-10
35418,,NEVADA COMMERCE BANK,LAS VEGAS,,False,,,,2026-07-10
35419,,PREMIER BANK,WILMETTE,,False,,,,2026-07-10
35426,,TWO RIVER COMMUNITY BANK,TINTON FALLS,NJ,,1120265,,,2026-07-10
35430,2953418,OptimumBank,Fort Lauderdale,FL,True,1268490,0,2000-11-01,2026-07-10
35434,,SOUTHWESTUSA BANK,LAS VEGAS,,False,,,,2026-07-10
35444,2858960,"The Bancorp Bank, National Association",Sioux Falls,SD,True,9899655,25279,2000-07-28,2026-07-10
35453,,BANK OF AMERICA OREGON NA,PORTLAND,OR,False,10419000,,,2026-07-10
35461,,AMERICA WEST BANK,LAYTON,,False,,,,2026-07-10
35462,,BAY NATIONAL BANK,BALTIMORE,,False,,,,2026-07-10
35463,,COPPER STAR BANK,SCOTTSDALE,,False,,,,2026-07-10
35465,,SELECT BANK&TRUST CO,DUNN,NC,,1820159,,,2026-07-10
35469,,INTEGRITY BANK,ALPHARETTA,GA,False,1107514,,,2026-07-10
35478,,SUNSHINE STATE COMMUNITY BANK,PORT ORANGE,,False,,,,2026-07-10
35489,,ING BANK FSB,WILMINGTON,DE,,97527202,,,2026-07-10
35495,,PROFICIO BANK,COTTONWOOD HEIGHTS,,False,,,,2026-07-10
35498,,BANC OF CALIFORNIA NA,SANTA ANA,CA,,9238916,,,2026-07-10
35517,,1st PACIFIC BANK OF CALIFORNIA,SAN DIEGO,,False,,,,2026-07-10
35518,2806877,The Federal Savings Bank,Chicago,IL,True,1069980,716195,2000-07-03,2026-07-10
35519,2915461,North State Bank,Raleigh,NC,True,1457821,0,2000-06-01,2026-07-10
35521,2877345,InsBank,Nashville,TN,True,1077643,0,2000-11-20,2026-07-10
35525,,ATLANTIC CAPITAL BANK NA,ATLANTA,GA,,3818842,,,2026-07-10
35527,,"FORT LEE FEDERAL SAVINGS BANK, FSB",FORT LEE,,False,,,,2026-07-10
35530,2963266,First Carolina Bank,Rocky Mount,NC,True,3418297,0,2000-11-29,2026-07-10
35541,2954059,BCB Community Bank,Bayonne,NJ,True,3268333,0,2000-11-01,2026-07-10
35546,2917317,Axos Bank,San Diego,CA,True,28237712,716456,2000-07-04,2026-07-10
35561,,EARTHSTAR BANK,SOUTHAMPTON,,False,,,,2026-07-10
35575,,CIT BANK,SALT LAKE CITY,UT,,21903259,,,2026-07-10
35583,2925666,Pinnacle Bank,Nashville,TN,True,122628191,0,2000-10-27,2026-07-10
35586,,NEW LIBERTY BANK,PLYMOUTH,,False,,,,2026-07-10
35591,,FIRST NIAGARA COML BK,LOCKPORT,NY,,1257337,,,2026-07-10
35599,,APOLLO BANK,MIAMI,FL,,1029825,,,2026-07-10
38129,,RAINIER PACIFIC BANK,TACOMA,,False,,,,2026-07-10
50028,,HERITAGE BANK OF THE SOUTH,ALBANY,GA,,1863572,,,2026-07-10
55130,2140348,"Servbank, National Association",Oswego,IL,True,1717890,25346,1994-01-03,2026-07-10
57017,,FIRSTBANK FINANCIAL SERVICES,MCDONOUGH,,False,,,,2026-07-10
57036,,COMMUNITY CAPITAL BANK,JONESBORO,,False,,,,2026-07-10
57038,2941068,Nicolet National Bank,Green Bay,WI,True,15548303,24107,2000-10-31,2026-07-10
57041,,THE COMMUNITY'S BANK,BRIDGEPORT,,False,,,,2026-07-10
57044,3076453,"California Bank of Commerce, National Association",San Diego,CA,True,4046537,24100,2001-12-18,2026-07-10
57053,,SIGNATURE BANK,NEW YORK,NY,False,110363650,,,2026-07-10
57056,2998576,Celtic Bank,Salt Lake City,UT,True,4965251,0,2001-03-01,2026-07-10
57057,,PARK CITIES BANK,DALLAS,TX,,1016945,,,2026-07-10
57060,,DESERT HILLS BANK,PHOENIX,,False,,,,2026-07-10
57061,2929392,Cornerstone National Bank & Trust Company,Palatine,IL,True,1020137,24114,2000-10-16,2026-07-10
57068,,"IRWIN UNION BANK, FSB",LOUISVILLE,,False,,,,2026-07-10
57071,3016347,Georgia Banking Company,Atlanta,GA,True,2675774,0,2001-11-01,2026-07-10
57077,,WESTFIELD BANK FSB,WESTFIELD CENTER,OH,,2062403,,,2026-07-10
57079,,WORLDS FOREMOST BANK,SIDNEY,NE,,5678726,,,2026-07-10
57082,2938198,"Northbrook Bank and Trust Company, National Association",Northbrook,IL,True,6810323,25199,2000-11-22,2026-07-10
57083,137915,Emigrant Bank,Miami,FL,True,5853462,0,2001-09-14,2026-07-10
57086,,BRIDGE BANK NATIONAL ASSN,SAN JOSE,CA,,1877917,,,2026-07-10
57087,,SUNFIRST BANK,SAINT GEORGE,,False,,,,2026-07-10
57095,,DOGWOOD STATE BANK,RALEIGH,NC,,2368823,,,2026-07-10
57096,,THE ROYAL PALM BANK OF FLORIDA,NAPLES,,False,,,,2026-07-10
57097,2958972,Northstar Bank,Bad Axe,MI,True,1134884,0,2001-02-01,2026-07-10
57098,,PREMIER VALLEY BANK,FRESNO,CA,,1319210,,,2026-07-10
57103,2970657,"Schaumburg Bank & Trust Company, National Association",Schaumburg,IL,True,2394258,24150,2001-01-22,2026-07-10
57105,,SECURITY BANK OF NORTH METRO,WOODSTOCK,,False,,,,2026-07-10
57107,,ISN BANK,CHERRY HILL,,False,,,,2026-07-10
57110,,NEVADA SECURITY BANK,RENO,,False,,,,2026-07-10
57134,3109146,"Leader Bank, National Association",Arlington,MA,True,5078040,24131,2002-05-08,2026-07-10
57135,,CRESCOM BANK,CHARLESTON,SC,,4801769,,,2026-07-10
57147,,PREMIER AMERICAN BANK,MIAMI,,False,,,,2026-07-10
57151,,GEORGIAN BANK,ATLANTA,GA,False,2230230,,,2026-07-10
57157,,1ST REGENTS BANK,ANDOVER,,False,,,,2026-07-10
57158,,PARKWAY BANK,LENOIR,,False,,,,2026-07-10
57176,3052813,Commerce West Bank,Irvine,CA,True,1243344,0,2001-09-24,2026-07-10
57184,3019982,The Freedom Bank of Virginia,Fairfax,VA,True,1051579,0,2001-07-23,2026-07-10
57186,,CENTRAL FLORIDA STATE BANK,BELLEVIEW,,False,,,,2026-07-10
57197,2358769,BNC National Bank,Glendale,AZ,True,1061418,24224,2001-07-09,2026-07-10
57203,2980209,Barclays Bank Delaware,Wilmington,DE,True,46648000,0,2001-05-23,2026-07-10
57212,,FIRST CHOICE BANK,GENEVA,,False,,,,2026-07-10
57213,,ATLANTIC SOUTHERN BANK,MACON,GA,False,1083259,,,2026-07-10
57228,3068579,Embassy Bank for the Lehigh Valley,Bethlehem,PA,True,1843103,0,2001-11-06,2026-07-10
57239,,FIRST SOUTHERN NATIONAL BANK,STATESBORO,,False,,,,2026-07-10
57244,3029589,Cedar Rapids Bank and Trust Company,Cedar Rapids,IA,True,2866781,0,2001-09-14,2026-07-10
57256,,PIEDMONT COMMUNITY BANK,GRAY,,False,,,,2026-07-10
57263,,SOUTHERN COLORADO NATIONAL BANK,PUEBLO,,False,,,,2026-07-10
57265,962890,CCFBank National Association,Altoona,WI,True,1820156,25088,2001-12-10,2026-07-10
57269,3076604,"Signature Bank, National Association",Toledo,OH,True,1282436,24264,2002-04-02,2026-07-10
57282,,CITIZENS BANK OF PA,PHILADELPHIA,PA,,33843912,,,2026-07-10
57293,,ENERBANK USA,SALT LAKE CITY,UT,,3134746,,,2026-07-10
57311,3076248,Stifel Bank and Trust,Saint Louis,MO,True,20062734,0,2002-04-16,2026-07-10
57315,,"GRANITE COMMUNITY BANK, NATIONAL ASSOCIATION",GRANITE BAY,,False,,,,2026-07-10
57332,,MIRAE BANK,LOS ANGELES,,False,,,,2026-07-10
57342,,PINNACLE BANK,BEAVERTON,,False,,,,2026-07-10
57346,,SECURITY BANK OF GWINNETT COUNTY,SUWANNEE,,False,,,,2026-07-10
57348,3110197,SouthEast Bank,Farragut,TN,True,3578112,0,2002-04-29,2026-07-10
57358,3076220,Stifel Bank,Saint Louis,MO,True,12142509,0,2002-05-16,2026-07-10
57360,,BANK OF FLORIDA - SOUTHEAST,FORT LAUDERDALE,,False,,,,2026-07-10
57368,3109043,Bankwell Bank,New Canaan,CT,True,3364622,0,2002-04-22,2026-07-10
57369,3146150,U. S. Century Bank,Doral,FL,True,2842514,0,2002-10-28,2026-07-10
57399,,MCINTOSH COMMERCIAL BANK,CARROLLTON,,False,,,,2026-07-10
57408,3202702,"Optum Bank, Inc.",Draper,UT,True,20995000,0,2003-07-21,2026-07-10
57415,3141726,"Forcht Bank, National Association",Lexington,KY,True,1652652,24349,2002-10-01,2026-07-10
57417,3189063,Commercial Bank of California,Irvine,CA,True,3899410,0,2003-05-15,2026-07-10
57425,3122994,Sanibel Captiva Community Bank,Sanibel,FL,True,1039540,0,2003-01-21,2026-07-10
57428,,SEACOAST COMMERCE BANK,SAN DIEGO,CA,,1327398,,,2026-07-10
57430,,SECURITY BANK OF NORTH FULTON,ALPHARETTA,,False,,,,2026-07-10
57431,,"TEXAS COMMUNITY BANK, NATIONAL ASSOCIATION",THE WOODLANDS,,False,,,,2026-07-10
57432,,AMERICAN TRUST BANK,ROSWELL,,False,,,,2026-07-10
57436,,COMMUNITY BANK OF WEST GEORGIA,VILLA RICA,,False,,,,2026-07-10
57440,,OGLETHORPE BANK,BRUNSWICK,,False,,,,2026-07-10
57442,,SUMMIT BANK,PRESCOTT,,False,,,,2026-07-10
57448,,FIRST COMMERCE COMMUNITY BANK,DOUGLASVILLE,,False,,,,2026-07-10
57449,3228908,Medallion Bank,Salt Lake City,UT,True,2651012,0,2003-12-22,2026-07-10
57450,3150447,"Charles Schwab Bank, SSB",Westlake,TX,True,242914000,0,2003-04-28,2026-07-10
57451,429487,Sound Community Bank,Seattle,WA,True,1111947,0,1953-01-01,2026-07-10
57463,3212402,PCB Bank,Los Angeles,CA,True,3395119,0,2003-09-18,2026-07-10
57483,3174920,Citizens Bank & Trust,Guntersville,AL,True,1166670,0,2003-03-03,2026-07-10
57485,,GOLDMAN SACHS BANK USA,SALT LAKE CITY,UT,,21630286,,,2026-07-10
57487,,XENITH BANK,RICHMOND,VA,,1070637,,,2026-07-10
57488,,METROPOLITAN CAPITAL B&T,CHICAGO,,False,,,,2026-07-10
57497,729310,Pathfinder Bank,Oswego,NY,True,1414854,0,2002-10-25,2026-07-10
57510,3214059,Avidbank,San Jose,CA,True,2572193,0,2003-10-01,2026-07-10
57512,3138146,Western Alliance Bank,Phoenix,AZ,True,98766387,0,2003-02-03,2026-07-10
57521,,GEORGIA COMMERCE BANK,ATLANTA,GA,,1074665,,,2026-07-10
57522,,TOLLESON PRIVATE BANK,DALLAS,TX,,1010913,,,2026-07-10
57523,,FIRST PRIORITY BANK,BRADENTON,,False,,,,2026-07-10
57525,,RIVERVIEW COMMUNITY BANK,OSTEGO,,False,,,,2026-07-10
57529,,CAPMARK BANK,MIDVALE,UT,,1082745,,,2026-07-10
57537,,OLD HARBOR BANK,CLEARWATER,,False,,,,2026-07-10
57542,3287660,Toyota Financial Savings Bank,Henderson,NV,True,16100274,0,2004-08-16,2026-07-10
57558,,FREEDOM BANK OF GEORGIA,COMMERCE,,False,,,,2026-07-10
57563,,CITIZENS COMMUNITY BANK,RIDGEWOOD,,False,,,,2026-07-10
57565,3212149,"UBS Bank USA, National Association",Salt Lake City,UT,True,122261832,25396,2003-09-15,2026-07-10
57570,3224580,Comenity Capital Bank,Draper,UT,True,13310873,0,2003-12-01,2026-07-10
57577,,TORREY PINES BANK,SAN DIEGO,CA,,2078444,,,2026-07-10
57586,,MARCO COMMUNITY BANK,MARCO ISLAND,,False,,,,2026-07-10
57591,3235410,West Coast Community Bank,Santa Cruz,CA,True,2895001,0,2004-02-03,2026-07-10
57593,,MOUNTAIN HERITAGE BANK,CLAYTON,,False,,,,2026-07-10
57597,,NEW CITY BANK,CHICAGO,,False,,,,2026-07-10
57604,,INTEGRITY BANK,JUPITER,,False,,,,2026-07-10
57607,3158546,First Western Trust Bank,Denver,CO,True,3238793,0,2004-03-17,2026-07-10
57614,3187630,Forbright Bank,Potomac,MD,True,8250749,0,2003-10-17,2026-07-10
57620,,ARIZONA BANK&TRUST,PHOENIX,AZ,,1977640,,,2026-07-10
57625,,CORTEZ COMMUNITY  BANK,BROOKSVILLE,,False,,,,2026-07-10
57633,1018927,1st Security Bank of Washington,Mountlake Terrace,WA,True,3203414,0,2004-04-01,2026-07-10
57645,,COMMUNITY BANK OF ARIZONA,PHOENIX,,False,,,,2026-07-10
57646,,FIRSTIER BANK,LOUISVILLE,,False,,,,2026-07-10
57647,,FIRST GEORGIA BANKING COMPANY,FRANKLIN,,False,,,,2026-07-10
57654,,MAIN STREET BANK,NORTHVILLE,,False,,,,2026-07-10
57658,,NORTHWEST BANK & TRUST,ACWORTH,,False,,,,2026-07-10
57665,,VERITEX COMMUNITY BANK,DALLAS,TX,,12714902,,,2026-07-10
57667,,MILLENNIUM STATE BANK OF TEXAS,DALLAS,,False,,,,2026-07-10
57669,,BAYSIDE SAVINGS BANK,PORT SAINT JOE,,False,,,,2026-07-10
57678,,PRIVATE BANK OF CALIFORNIA,CENTURY CITY,CA,,1065164,,,2026-07-10
57696,,WASHINGTONFIRST BANK,RESTON,VA,,2109649,,,2026-07-10
57697,,TOWNE BANK OF ARIZONA,MESA,,False,,,,2026-07-10
57701,3216017,"Beverly Bank & Trust Company, National Association",Chicago,IL,True,2658605,24466,2004-04-01,2026-07-10
57702,,FIRST COWETA,NEWNAN,,False,,,,2026-07-10
57703,3284445,"T Bank, National Association",Dallas,TX,True,1047405,24467,2004-11-02,2026-07-10
57705,,NEW HORIZONS BANK,EAST ELLIJAY,,False,,,,2026-07-10
57706,3243282,Summit Bank,Eugene,OR,True,1350574,0,2004-02-23,2026-07-10
57710,3268249,Greene County Commercial Bank,Catskill,NY,True,1411198,0,2004-05-20,2026-07-10
57716,3281510,United Business Bank,Walnut Creek,CA,True,2632362,0,2004-07-20,2026-07-10
57719,,GREAT FLORIDA BANK,CORAL GABLES,FL,,1012885,,,2026-07-10
57724,,AMERICANFIRST BANK,CLERMONT,,False,,,,2026-07-10
57729,,POST OAK BANK N A,HOUSTON,TX,,1487548,,,2026-07-10
57735,,PINEHURST BANK,ST. PAUL,,False,,,,2026-07-10
57736,,BRICKWELL COMMUNITY BANK,WOODBURY,,False,,,,2026-07-10
57742,3248849,MainStreet Bank,Fairfax,VA,True,2220487,0,2004-05-26,2026-07-10
57754,3280625,Providence Bank & Trust,South Holland,IL,True,1562101,0,2004-09-20,2026-07-10
57756,3274709,Coastal States Bank,Hilton Head Island,SC,True,2346155,0,2004-08-09,2026-07-10
57759,,ALL AMERICAN BANK,DES PLAINES,,False,,,,2026-07-10
57764,,NATIONAL BANK OF COMMERCE,BIRMINGHAM,AL,,4276651,,,2026-07-10
57766,,HARVEST BANK OF MARYLAND,GAITHERSBURG,,False,,,,2026-07-10
57772,,EDGEBROOK BANK,CHICAGO,,False,,,,2026-07-10
57776,,HOWARD BANK,BALTIMORE,MD,,2476127,,,2026-07-10
57777,3271799,Meridian Bank,Wayne,PA,True,2575135,0,2004-07-08,2026-07-10
57787,,SOVEREIGN BANK,DALLAS,TX,,1026514,,,2026-07-10
57794,,AMERICAN UNITED BANK,LAWRENCEVILLE,,False,,,,2026-07-10
57803,3284070,Ally Bank,Sandy,UT,True,185664000,0,2004-08-02,2026-07-10
57807,,QUONTIC BANK,NEW YORK,NY,,1048828,,,2026-07-10
57810,,HAMILTON STATE BANK,HOSCHTON,GA,,1780061,,,2026-07-10
57813,3284490,Sterling Bank,Poplar Bluff,MO,True,1571899,0,2004-10-19,2026-07-10
57814,,BANK OF FLORIDA - TAMPA BAY,TAMPA BAY,,False,,,,2026-07-10
57815,3402913,Banesco USA,Miami,FL,True,5775714,0,2006-01-10,2026-07-10
57820,,LEGACY BANK,SCOTTSDALE,,False,,,,2026-07-10
57825,3290240,Truxton Trust Company,Nashville,TN,True,1370609,0,2004-08-30,2026-07-10
57831,,TIFTON BANKING COMPANY,TIFTON,,False,,,,2026-07-10
57833,3284397,Beal Bank USA,Las Vegas,NV,True,13025805,0,2004-08-02,2026-07-10
57835,,SIGNATURE  BANK,WINDSOR,,False,,,,2026-07-10
57847,,GEORGIA TRUST BANK,BUFORD,,False,,,,2026-07-10
57855,,CHARTER OAK BANK,NAPA,,False,,,,2026-07-10
57860,,COMMUNITY BANK OF ROCKMART,ROCKMART,,False,,,,2026-07-10
57866,,AZTECAMERICA BANK,BERWYN,,False,,,,2026-07-10
57868,,COMMUNITYSOUTH BANK AND TRUST,EASLEY,,False,,,,2026-07-10
57870,,STATE BANK&TRUST CO,MACON,GA,,4852538,,,2026-07-10
57873,3337097,Commonwealth Business Bank,Los Angeles,CA,True,1990854,0,2005-03-03,2026-07-10
57885,,FIRST VIETNAMESE AMERICAN BANK,WESTMINSTER,,False,,,,2026-07-10
57890,413208,"HSBC Bank USA, National Association",Tysons,VA,True,167705510,24522,2004-07-01,2026-07-10
57893,,METROPACIFIC BANK,IRVINE,,False,,,,2026-07-10
57903,3232204,Poppy Bank,Santa Rosa,CA,True,7796215,0,2005-01-28,2026-07-10
57904,,CALIFORNIA UNITED BANK,LOS ANGELES,CA,,3101224,,,2026-07-10
57914,,PACIFIC COAST NATIONAL BANK,SAN CLEMENTE,,False,,,,2026-07-10
57917,,WESTERN NATIONAL BANK,PHOENIX,,False,,,,2026-07-10
57918,,NATIONAL BANK,MOLINE,IL,,1009645,,,2026-07-10
57919,3317932,ConnectOne Bank,Englewood Cliffs,NJ,True,14200455,0,2005-01-15,2026-07-10
57920,3309571,Prime Alliance Bank,Woods Cross,UT,True,1059474,0,2004-12-08,2026-07-10
57928,,HOMETOWN COMMUNITYBANK,BRASELTON,,False,,,,2026-07-10
57930,,FREEDOM BANK,BRADENTON,,False,,,,2026-07-10
57934,,STONEGATE BANK,POMPANO BEACH,FL,,3133980,,,2026-07-10
57941,,BANK OF GEORGETOWN,WASHINGTON,DC,,1273757,,,2026-07-10
57943,,AMERICAN SOUTHERN BANK,KENNESAW,,False,,,,2026-07-10
57944,3357219,Open Bank,Los Angeles,CA,True,2699382,0,2005-06-10,2026-07-10
57948,,COMMUNITY FIRST BANK - CHICAGO,CHICAGO,,False,,,,2026-07-10
57953,3306280,Legacy National Bank,Springdale,AR,True,1221577,24573,2005-03-28,2026-07-10
57957,3303298,"Citizens Bank, National Association",Providence,RI,True,227134099,24571,2005-05-13,2026-07-10
57959,,PARTNERS BANK,NAPLES,,False,,,,2026-07-10
57961,,FIRST HERITAGE BANK N.A.,NEWPORT BEACH,,False,,,,2026-07-10
57965,,BANK OF HOUSTON,HOUSTON,TX,,1039808,,,2026-07-10
57966,,FIRST CHOICE BANK,CERRITOS,CA,,2445028,,,2026-07-10
57968,3325759,Primis Bank,Tappahannock,VA,True,4238557,0,2005-04-14,2026-07-10
57973,,BISCAYNE BANK,COCONUT GROVE,FL,,1020634,,,2026-07-10
57993,3348888,ServisFirst Bank,Birmingham,AL,True,18170078,0,2005-05-02,2026-07-10
57997,3356191,Bryant Bank,Tuscaloosa,AL,True,2915023,0,2005-06-10,2026-07-10
58001,,MAGNET BANK,SALT LAKE CITY,,False,,,,2026-07-10
58006,,LEGACYTEXAS BANK,PLANO,TX,,10469272,,,2026-07-10
58009,,WOODLANDS COMMERCIAL BANK,SALT LAKE CITY,UT,,1570206,,,2026-07-10
58013,,TWO RIVERS BANK&TRUST,BURLINGTON,IA,,1197423,,,2026-07-10
58016,,COMMERCE BANK OF SOUTHWEST FLORIDA,FORT MYERS,,False,,,,2026-07-10
58018,3354599,St. Louis Bank,Saint Louis,MO,True,1177177,0,2005-06-06,2026-07-10
58021,,SQUARE 1 BANK,DURHAM,NC,,4032911,,,2026-07-10
58032,,BANK OF AMERICA RI NA,PROVIDENCE,RI,False,19791000,,,2026-07-10
58034,,CHIPOLA COMMUNITY BANK,MARIANNA,,False,,,,2026-07-10
58046,,FIRST STATE BANK,CRANFORD,,False,,,,2026-07-10
58050,,OMNIAMERICAN BANK,FORT WORTH,TX,,1338340,,,2026-07-10
58052,,FIRST SOUTHERN BANK,BATESVILLE,,False,,,,2026-07-10
58054,3404373,First Commerce Bank,Lakewood,NJ,True,1820457,0,2006-01-30,2026-07-10
58056,,SOUTHSHORE COMMUNITY BANK,APOLLO BEACH,,False,,,,2026-07-10
58057,3344321,Tradition Capital Bank,Wayzata,MN,True,2675658,0,2005-07-01,2026-07-10
58060,3386264,First General Bank,Rowland Heights,CA,True,1141218,0,2005-10-13,2026-07-10
58065,,WATERFORD VILLAGE BANK,WILLIAMSVILLE,,False,,,,2026-07-10
58066,,GOLD CANYON BANK,GOLD CANYON,,False,,,,2026-07-10
58068,,CONVENANT BANK & TRUST,ROCK SPRING,,False,,,,2026-07-10
58071,,LIBERTYPOINTE BANK,NEW YORK,,False,,,,2026-07-10
58072,,USA BANK,PORT CHESTER,,False,,,,2026-07-10
58073,,GULFSOUTH PRIVATE BANK,DESTIN,,False,,,,2026-07-10
58087,,WESTERN COMMERCIAL BANK,WOODLAND HILLS,,False,,,,2026-07-10
58088,3386536,SouthPoint Bank,Birmingham,AL,True,1444006,0,2005-10-11,2026-07-10
58090,3398623,FFB Bank,Fresno,CA,True,1571464,0,2005-12-23,2026-07-10
58095,3384952,Idaho First Bank,Mccall,ID,True,1371673,0,2005-10-03,2026-07-10
58100,,PLAZA BANK,IRVINE,CA,,1287818,,,2026-07-10
58104,,CENTURY SECURITY BANK,DULUTH,,False,,,,2026-07-10
58112,,LOUISA COMMUNITY BANK,LOUISA,,False,,,,2026-07-10
58115,3374412,Oakstar Bank,Springfield,MO,True,3135122,0,2005-10-24,2026-07-10
58119,,E*TRADE SAVINGS BANK,ARLINGTON,VA,,9772988,,,2026-07-10
58121,3374382,Triad Bank,Frontenac,MO,True,1002435,0,2005-10-24,2026-07-10
58124,,H&R BLOCK BANK,KANSAS CITY,MO,,1598549,,,2026-07-10
58125,,EASTSIDE COMMERCIAL BANK,CONYERS,,False,,,,2026-07-10
58132,,TALMER BANK&TRUST,TROY,MI,,7590654,,,2026-07-10
58140,3447820,"Esquire Bank, National Association",Jericho,NY,True,2405103,25125,2006-10-12,2026-07-10
58165,3391718,Belmont Bank & Trust Company,Chicago,IL,True,1028368,0,2006-06-14,2026-07-10
58166,,GRAYSTONE TOWER BANK,ENOLA,PA,,2513162,,,2026-07-10
58168,,EMIGRANT SB MANHATTAN,NEW YORK,NY,,1265762,,,2026-07-10
58170,,EMIGRANT SB BRONX WESTCHESTE,BRONX,NY,,1063457,,,2026-07-10
58177,3394278,Sallie Mae Bank,Salt Lake City,UT,True,29457314,0,2005-11-28,2026-07-10
58180,,DEPARTMENT STORES NATIONAL BANK,SIOUX FALLS,,False,,,,2026-07-10
58181,3437456,Metro City Bank,Doraville,GA,True,4633553,0,2006-04-04,2026-07-10
58182,,OLD SOUTHERN BANK,ORLANDO,,False,,,,2026-07-10
58185,,SUNRISE BANK,VALDOSTA,,False,,,,2026-07-10
58188,,HSBC TRUST CO DELAWARE NA,WILMINGTON,DE,,1901704,,,2026-07-10
58194,,HOMEBANC NATIONAL ASSN,LAKE MARY,FL,,1006223,,,2026-07-10
58197,,THE BANK OF ELLIJAY,ELLIJAY,,False,,,,2026-07-10
58205,,WESTBRIDGE BANK AND TRUST COMPANY,CHESTERFIELD,,False,,,,2026-07-10
58210,3378773,Bridgewater Bank,Saint Louis Park,MN,True,5323177,0,2005-11-02,2026-07-10
58222,,"BANKMERIDIAN, N.A.",COLUMBIA,,False,,,,2026-07-10
58224,3435948,Column National Association,Chico,CA,True,1388684,24626,2006-03-28,2026-07-10
58226,,CREEKSIDE BANK,WOODSTOCK,,False,,,,2026-07-10
58228,3408728,b1BANK,Baton Rouge,LA,True,8903421,0,2006-02-01,2026-07-10
58238,,ONE GEORGIA BANK,ATLANTA,,False,,,,2026-07-10
58239,3404506,Providence Bank,Rocky Mount,NC,True,1459963,0,2006-03-14,2026-07-10
58241,,ALPHA BANK & TRUST,ALPHARETTA,,False,,,,2026-07-10
58243,3419416,John Marshall Bank,Reston,VA,True,2348668,0,2006-04-17,2026-07-10
58255,3437157,River Bank & Trust,Prattville,AL,True,3915224,0,2006-04-03,2026-07-10
58259,,FIRST NB OF MICHIGAN,KALAMAZOO,MI,,1011465,,,2026-07-10
58264,3437483,Signature Bank,Rosemont,IL,True,1950418,0,2006-08-04,2026-07-10
58267,,MARLIN BUSINESS BANK,SALT LAKE CITY,UT,,1005322,,,2026-07-10
58273,,PATRIOT BANK OF GEORGIA,CUMMING,,False,,,,2026-07-10
58281,3388482,American Riviera Bank,Santa Barbara,CA,True,1422849,0,2006-07-18,2026-07-10
58283,,VIRGINIA BUSINESS BANK,RICHMOND,,False,,,,2026-07-10
58291,3545258,CalPrivate Bank,La Jolla,CA,True,2693463,0,2006-12-18,2026-07-10
58302,,FIRST NBC BANK,NEW ORLEANS,LA,False,3325870,,,2026-07-10
58303,3470239,"Ameriprise Bank, FSB",Minneapolis,MN,True,25514060,718164,2006-09-14,2026-07-10
58308,,HAVEN TRUST BANK FLORIDA,PONTE VEDRA BEACH,,False,,,,2026-07-10
58309,3447576,American Momentum Bank,College Station,TX,True,2826945,0,2006-10-25,2026-07-10
58310,3470154,US Metro Bank,Garden Grove,CA,True,1563129,0,2006-09-15,2026-07-10
58314,3404207,"Old Plank Trail Community Bank, National Association",New Lenox,IL,True,3321035,24646,2006-03-16,2026-07-10
58315,,ROCKBRIDGE COMMERCIAL BANK,ATLANTA,,False,,,,2026-07-10
58316,3449066,"Investar Bank, National Association",Baton Rouge,LA,True,3865992,25185,2006-06-14,2026-07-10
58317,,RESOLUTE BANK,MAUMEE,,False,,,,2026-07-10
58328,,SEASIDE NATIONAL BANK&TRUST,ORLANDO,FL,,2155245,,,2026-07-10
58336,,HILLCREST BANK FLORIDA,NAPLES,,False,,,,2026-07-10
58339,,BANK OF CHINA,LOS ANGELES,CA,,3138633,,,2026-07-10
58343,,PREMIER COMMUNITY BANK OF THE EMERALD COAST,CRESTVIEW,,False,,,,2026-07-10
58352,,CARSON RIVER COMMUNITY BANK,CARSON CITY,,False,,,,2026-07-10
58358,,1st COMMERCE BANK,NORTH LAS VEGAS,,False,,,,2026-07-10
58362,,CHAMPION BANK,CREVE COEUR,,False,,,,2026-07-10
58366,,RELIANT BANK,BRENTWOOD,TN,,2996642,,,2026-07-10
58374,,PIEDMONT BANK,PEACHTREE CORNER,GA,,2401362,,,2026-07-10
58390,,GRANDPOINT BANK,LOS ANGELES,CA,,3102869,,,2026-07-10
58399,,"VALLEY CAPITAL BANK, N.A.",MESA,,False,,,,2026-07-10
58408,,PARK STERLING BANK,CHARLOTTE,NC,,3239865,,,2026-07-10
58410,3783313,Cross River Bank,Fort Lee,NJ,True,8708837,0,2008-06-23,2026-07-10
58420,,ATLANTIC BANK AND TRUST,CHARLESTON,,False,,,,2026-07-10
58424,3633173,Alma Bank,Astoria,NY,True,1548229,0,2007-09-12,2026-07-10
58427,,USAMERIBANK,CLEARWATER,FL,,4668391,,,2026-07-10
58429,,WHEATLAND BANK,NAPERVILLE,,False,,,,2026-07-10
58433,3588424,"Waterford Bank, N.A.",Toledo,OH,True,1717591,24685,2007-08-29,2026-07-10
58457,3475083,TriState Capital Bank,Pittsburgh,PA,True,23247121,0,2007-01-22,2026-07-10
58458,,HTLF BANK,DENVER,CO,,17203997,,,2026-07-10
58463,3532641,SmartBank,Pigeon Forge,TN,True,5900269,0,2007-01-08,2026-07-10
58471,,FIRST CHOICE BANK,LAWRENCEVILLE,NJ,,1105484,,,2026-07-10
58479,3588312,Bank of Central Florida,Lakeland,FL,True,1251302,0,2007-03-19,2026-07-10
58481,3401970,First Bank,Hamilton,NJ,True,3970761,0,2007-04-23,2026-07-10
58483,3465392,Pegasus Bank,Dallas,TX,True,1495075,0,2007-01-24,2026-07-10
58485,,1ST CAPITAL BANK,SALINAS,CA,,1041706,,,2026-07-10
58486,,FINEMARK NATIONAL BANK&TRUST,FORT MYERS,FL,,3929653,,,2026-07-10
58490,3608751,Beneficial State Bank,Oakland,CA,True,1973803,0,2007-06-27,2026-07-10
58492,,ATLANTIC CAPITAL BANK,ATLANTA,GA,,1381673,,,2026-07-10
58495,,"APPALACIAN COMMUNITY BANK, F.S.B.",MCCAYSVILLE,,False,,,,2026-07-10
58496,,WACHOVIA CARD SERVICES NA,ATLANTA,GA,,2983235,,,2026-07-10
58504,3610718,Old Dominion National Bank,Charlottesville,VA,True,1620643,24730,2007-07-23,2026-07-10
58507,,CAPITALMARK BANK&TRUST,CHATTANOOGA,TN,,1048910,,,2026-07-10
58509,3472046,Frontier Bank of Texas,Elgin,TX,True,1054639,0,2007-06-11,2026-07-10
58513,3595271,The Bank of Princeton,Princeton,NJ,True,2253363,0,2007-04-23,2026-07-10
58531,,VANTAGE POINT BANK,HORSHAM,,False,,,,2026-07-10
58532,,FIRST FLORIDA INTEGRITY BANK,NAPLES,FL,,2389982,,,2026-07-10
58534,3397233,Solera National Bank,Lakewood,CO,True,1611204,24737,2007-09-10,2026-07-10
58536,936583,Think Mutual Bank,Rochester,MN,True,2272510,718037,2007-07-01,2026-07-10
58539,,FIRST CHOICE COMMUNITY BANK,DALLAS,,False,,,,2026-07-10
58558,,SOUTHERN STATES BANK,ANNISTON,AL,,2874540,,,2026-07-10
58564,,FLUSHING BANK,UNIONDALE,NY,,8860980,,,2026-07-10
58577,,PIONEER BANK SSB,AUSTIN,TX,,1524286,,,2026-07-10
58581,,TEXAS PARTNERS BANK,SAN ANTONIO,TX,,2425763,,,2026-07-10
58583,,CALIFORNIA BANK OF COMMERCE,WALNUT CREEK,CA,,1913149,,,2026-07-10
58590,,NANO BANC,IRVINE,CA,,1054322,,,2026-07-10
58595,3597211,"Chain Bridge Bank, National Association",Mclean,VA,True,1918524,24755,2007-08-06,2026-07-10
58596,3476192,Carter Bank & Trust,Martinsville,VA,True,4778484,0,2006-12-30,2026-07-10
58604,,LEVEL ONE BANK,FARMINGTON HILLS,MI,,2387692,,,2026-07-10
58626,3636446,GBank,Las Vegas,NV,True,1389768,0,2007-09-24,2026-07-10
58629,3579589,Stellar Bank,Houston,TX,True,10888501,0,2007-10-15,2026-07-10
58632,,EMPIRE NATIONAL BANK,ISLANDIA,NY,,1052247,,,2026-07-10
58640,,REVERE BANK,ROCKVILLE,MD,,2839693,,,2026-07-10
58647,,FIRST FOUNDATION BANK,IRVINE,CA,,11343543,,,2026-07-10
58648,,CROSSFIRST BANK,LEAWOOD,KS,,7447108,,,2026-07-10
58652,,WESTCHESTER BANK,YONKERS,NY,,1280654,,,2026-07-10
58656,,SCOTTRADE BANK,SAINT LOUIS,MO,,17008138,,,2026-07-10
58663,,CALIFORNIA REPUBLIC BANK,IRVINE,CA,,2225675,,,2026-07-10
58665,3650808,Live Oak Banking Company,Wilmington,NC,True,15229819,0,2008-05-12,2026-07-10
58675,3793714,Hanover Community Bank,Garden City Park,NY,True,2369373,0,2009-01-21,2026-07-10
58689,3637247,South Atlantic Bank,Myrtle Beach,SC,True,1929221,0,2007-11-28,2026-07-10
58696,3614976,FVCbank,Fairfax,VA,True,2330933,0,2007-11-27,2026-07-10
58701,,PISGAH COMMUNITY BANK,ASHEVILLE,,False,,,,2026-07-10
58714,,FRANKLIN SYNERGY BANK,FRANKLIN,TN,,3768513,,,2026-07-10
58716,3630323,Third Coast Bank,Humble,TX,True,6575390,0,2008-02-25,2026-07-10
58719,,PROGRESS BANK&TRUST,HUNTSVILLE,AL,,1757159,,,2026-07-10
58722,3719648,Meadows Bank,Las Vegas,NV,True,1452569,0,2008-03-26,2026-07-10
58727,3614837,Access Bank,Omaha,NE,True,1002243,0,2007-12-10,2026-07-10
58728,,SUNCREST BANK,VISALIA,CA,,1396213,,,2026-07-10
58729,,JPMORGAN B&T CO NA,SAN FRANCISCO,CA,,15574602,,,2026-07-10
58739,3619216,Texas Security Bank,Dallas,TX,True,1370351,0,2008-05-05,2026-07-10
58741,,FIELDPOINT PRIVATE B&T,GREENWICH,CT,,1006327,,,2026-07-10
58752,3678857,Northwest Bank,Boise,ID,True,1461121,0,2008-03-31,2026-07-10
58769,,FIRST CMTY FINANCIAL BANK,JOLIET,IL,,1502193,,,2026-07-10
58783,3720608,Oakworth Capital Bank,Birmingham,AL,True,2041261,0,2008-03-31,2026-07-10
58796,3688043,Parkside Financial Bank & Trust,Clayton,MO,True,1046703,0,2008-04-23,2026-07-10
58811,3807880,One Florida Bank,Orlando,FL,True,2119347,0,2008-10-29,2026-07-10
58816,3835454,Royal Business Bank,Los Angeles,CA,True,4186507,0,2008-11-18,2026-07-10
58818,,MINNESOTA BANK&TRUST,EDINA,MN,,1000168,,,2026-07-10
58823,,CAPSTAR BANK,NASHVILLE,TN,,3040033,,,2026-07-10
58828,,VALLEY REPUBLIC BANK,BAKERSFIELD,CA,,1378618,,,2026-07-10
58862,,PROFESSIONAL BANK,CORAL GABLES,FL,,2586119,,,2026-07-10
58864,3821822,Coastal Carolina National Bank,Myrtle Beach,SC,True,1277396,24861,2009-06-08,2026-07-10
58878,,CAPITALSOURCE BANK,LOS ANGELES,CA,,8289723,,,2026-07-10
58892,3804535,Guaranty Bank,Springfield,MO,True,2423392,0,2008-10-24,2026-07-10
58912,,INDYMAC FEDERAL BANK FSB,PASADENA,CA,,23477908,,,2026-07-10
58935,3821037,R Bank,Round Rock,TX,True,1045680,0,2009-06-22,2026-07-10
58977,,ICE US TRUST LLC,NEW YORK,NY,,9599307,,,2026-07-10
58978,,CIT BANK NATIONAL ASSN,PASADENA,CA,,47562923,,,2026-07-10
58979,3938186,"BankUnited, National Association",Miami Lakes,FL,True,35341660,25028,2009-05-21,2026-07-10
58987,,SILVERTON BRIDGE BANK NA,ATLANTA,GA,,2286957,,,2026-07-10
58991,,FLORIDA COMMUNITY BANK NA,WESTON,FL,,12413947,,,2026-07-10
59010,,COMMUNITY&SOUTHERN BANK,ATLANTA,GA,,3948965,,,2026-07-10
59015,,HILLCREST BANK NATIONAL ASSN,OVERLAND PARK,KS,,1281805,,,2026-07-10
59017,,FIRST REPUBLIC BANK,SAN FRANCISCO,CA,False,232944161,,,2026-07-10
59026,,SUPERIOR BANK NATIONAL ASSN,TAMPA,FL,,2534417,,,2026-07-10
59028,,CERTUSBANK NATIONAL ASSN,EASLEY,SC,,1187698,,,2026-07-10
59049,,CAPITAL BANK CORP,RALEIGH,NC,,10140504,,,2026-07-10
59051,,URBAN PARTNERSHIP BANK,CHICAGO,IL,,1013288,,,2026-07-10
59052,4210227,NBH Bank,Greenwood Village,CO,True,12564538,0,2010-12-10,2026-07-10
59060,,ALOSTAR BANK OF COMMERCE,BIRMINGHAM,AL,,1028292,,,2026-07-10
59070,,HARBORONE BANK,BROCKTON,MA,,5627193,,,2026-07-10
59074,4536084,Bank of Bird-in-Hand,Bird In Hand,PA,True,1835013,0,2013-11-29,2026-07-10
59093,5050028,International Bank of Commerce,Oklahoma City,OK,True,1610821,0,2017-01-01,2026-07-10
59108,5278251,Charles Schwab Trust Bank,Westlake,TX,True,10419683,0,2018-07-02,2026-07-10
59112,5205819,Studio Bank,Nashville,TN,True,1356213,0,2018-06-14,2026-07-10
59113,5210989,"Grasshopper Bank, N.A.",New York,NY,True,1532263,25152,2019-05-13,2026-07-10
59177,5582846,"Square Financial Services, Inc.",Salt Lake City,UT,True,1804237,0,2021-03-01,2026-07-10
59183,5349218,Trustar Bank,Great Falls,VA,True,1165512,0,2019-07-08,2026-07-10
59205,5514409,Nelnet Bank,Draper,UT,True,2515559,0,2020-11-02,2026-07-10
59257,5592340,Climate First Bank,Saint Petersburg,FL,True,1751079,0,2021-06-01,2026-07-10
59276,,ANCHORAGE DIGITAL BANK NA,SIOUX FALLS,SD,,1140558,,,2026-07-10
59286,,THRIVENT BANK,SALT LAKE CITY,UT,,1045760,,,2026-07-10
59378,6053129,"Erebor Bank, N.A.",Columbus,OH,True,1703431,25357,2026-02-06,2026-07-10
90027,,METROPOLITAN INDUSTRIAL BANK,DENVER,,False,,,,2026-07-10
90047,,FIRST INDUSTRIAL BANK OF ROCKY FORD,ROCKY FORD,,False,,,,2026-07-10
90140,343903,Adams Community Bank,Adams,MA,True,1025162,0,1869-05-01,2026-07-10
90141,,BANKPROV,AMESBURY,MA,,1491604,,,2026-07-10
90160,,BLUE HILLS BANK,BOSTON,MA,,2493674,,,2026-07-10
90169,699105,Bluestone Bank,Raynham,MA,True,1627182,0,1872-03-19,2026-07-10
90170,,SOUTHSTATE BANK FOR SAVINGS,BROCKTON,,False,,,,2026-07-10
90173,738303,East Cambridge Savings Bank,Cambridge,MA,True,1668521,0,1854-04-02,2026-07-10
90183,888002,Middlesex Savings Bank,Natick,MA,True,6153688,0,1835-03-05,2026-07-10
90185,,DANVERSBANK,DANVERS,MA,,2583385,,,2026-07-10
90188,859002,Bankesb,Easthampton,MA,True,2009091,0,1869-02-10,2026-07-10
90190,196800,Martha's Vineyard Bank,Edgartown,MA,True,1297467,0,1955-04-15,2026-07-10
90196,771609,BayCoast Bank,Swansea,MA,True,2885657,0,1851-11-15,2026-07-10
90201,,NEW ENGLAND ALLBANK FOR SAVINGS,GARDNER,,False,,,,2026-07-10
90203,627108,Cape Ann Savings Bank,Gloucester,MA,True,1054606,0,1846-04-15,2026-07-10
90206,632607,Greenfield Savings Bank,Greenfield,MA,True,1493176,0,1869-03-19,2026-07-10
90208,635907,Pentucket  Bank,Haverhill,MA,True,1112104,0,1891-01-01,2026-07-10
90211,673909,Hingham Institution for Savings,Hingham,MA,True,4547851,0,1834-04-02,2026-07-10
90213,613400,PeoplesBank,Holyoke,MA,True,4625654,0,1885-03-17,2026-07-10
90215,619701,Avidia Bank,Hudson,MA,True,2802372,0,1869-02-26,2026-07-10
90226,,THE CENTRAL SAVINGS BANK,LOWELL,,False,,,,2026-07-10
90227,923707,The Lowell Five Cent Savings Bank,Tewksbury,MA,True,1878566,0,1854-04-12,2026-07-10
90228,,LOWELL INSTITUTION FOR SAVINGS,LOWELL,,False,,,,2026-07-10
90230,,LUDLOW SAVINGS BANK,LUDLOW,,False,,,,2026-07-10
90235,818401,Main Street Bank,Marlborough,MA,True,1612083,0,1860-04-03,2026-07-10
90242,,MILFORD SAVINGS BANK,MILFORD,,False,,,,2026-07-10
90250,272302,Institution for Savings in Newburyport and Its Vicinity,Newburyport,MA,True,5406916,0,1820-01-01,2026-07-10
90251,67209,Newburyport Five Cents Savings Bank,Newburyport,MA,True,1576539,0,1854-04-01,2026-07-10
90253,97804,MountainOne Bank,North Adams,MA,True,1068191,0,1848-01-01,2026-07-10
90257,,ATTLEBORO PAWTUCKET SB,PAWTUCKET,,False,,,,2026-07-10
90259,527600,North Easton Savings Bank,South Easton,MA,True,1834444,0,1864-02-08,2026-07-10
90266,,PLYMOUTH FIVE CENTS SAVINGS BANK,PLYMOUTH,,False,,,,2026-07-10
90282,447100,Cornerstone Bank,Spencer,MA,True,2396023,0,1871-04-05,2026-07-10
90290,709602,UniBank for Savings,Whitinsville,MA,True,2916156,0,1870-06-03,2026-07-10
90297,765505,Webster Five Cents Savings Bank,Webster,MA,True,1312790,0,1868-03-15,2026-07-10
90300,892205,Westfield Bank,Westfield,MA,True,2761354,717968,1853-04-15,2026-07-10
90303,772008,South Shore Bank,South Weymouth,MA,True,2556320,0,1833-02-01,2026-07-10
90307,,WINCHENDON SAVINGS BANK,WINCHENDON,,False,,,,2026-07-10
90308,899008,Winchester Savings Bank,Winchester,MA,True,1046911,0,1871-07-01,2026-07-10
90310,,WOBURN FIVE CENTS SAVINGS BANK,WOBURN,,False,,,,2026-07-10
90544,,DEPOSITORY TRUST CO,NEW YORK,NY,,7962269,,,2026-07-10
91189,,BESTBANK,BOULDER,,False,,,,2026-07-10
91322,,FISERV TRUST CO,DENVER,CO,,1640488,,,2026-07-10
