fdic_cert_number,failure_date,bank_name,city,state,acquiring_institution,event_type,distress_label
25796,2026-05-01,COMMUNITY BANK AND TRUST - WEST GEORGIA,LAGRANGE,,,failure,1
57488,2026-01-30,METROPOLITAN CAPITAL B&T,CHICAGO,,,failure,1
5520,2025-06-27,SANTA ANNA NATIONAL BANK,SANTA ANNA,,,failure,1
28611,2025-01-17,PULASKI SAVINGS BANK,CHICAGO,,,failure,1
4134,2024-10-18,FIRST NB OF LINDSAY,LINDSAY,,,failure,1
27332,2024-04-26,REPUBLIC BANK,PHILADELPHIA,,,failure,1
8758,2023-11-03,CITIZENS BANK,SAC CITY,,,failure,1
25851,2023-07-28,HEARTLAND TRI-STATE BANK,ELKHART,,,failure,1
59017,2023-05-01,FIRST REPUBLIC BANK,SAN FRANCISCO,,,failure,1
57053,2023-03-12,SIGNATURE BANK,NEW YORK,,,failure,1
24735,2023-03-10,SILICON VALLEY BANK,SANTA CLARA,,,failure,1
15426,2020-10-23,ALMENA STATE BANK,ALMENA,,,failure,1
16748,2020-10-16,FIRST CITY BANK OF FLORIDA,FORT WALTON BEACH,,,failure,1
14361,2020-04-03,THE FIRST STATE BANK,BARBOURSVILLE,,,failure,1
18265,2020-02-14,ERICSON STATE BANK,ERICSON,,,failure,1
21111,2019-11-01,CITY NATIONAL BANK OF NEW JERSEY,NEWARK,,,failure,1
58112,2019-10-25,LOUISA COMMUNITY BANK,LOUISA,,,failure,1
58317,2019-10-25,RESOLUTE BANK,MAUMEE,,,failure,1
10716,2019-05-31,ENLOE STATE BANK,COOPER,,,failure,1
30570,2017-12-15,WASHINGTON FEDERAL BANK FOR SAVINGS,CHICAGO,,,failure,1
17719,2017-10-13,THE FARMERS AND MERCHANTS STATE BANK OF ARGONIA,ARGONIA,,,failure,1
1802,2017-05-26,FAYETTE COUNTY BANK,SAINT ELMO,,,failure,1
30003,2017-05-05,GUARANTY BANK,MILWAUKEE,,,failure,1
58302,2017-04-28,FIRST NBC BANK,NEW ORLEANS,,,failure,1
35495,2017-03-03,PROFICIO BANK,COTTONWOOD HEIGHTS,,,failure,1
19328,2017-01-27,SEAWAY BANK AND TRUST COMPANY,CHICAGO,,,failure,1
34951,2017-01-13,HARVEST COMMUNITY BANK,PENNSVILLE,,,failure,1
91,2016-09-23,ALLIED BANK,MULBERRY,,,failure,1
11297,2016-08-19,THE WOODBURY BANKING COMPANY,WOODBURY,,,failure,1
35312,2016-05-06,FIRST CORNERSTONE BANK,KING OF PRUSSIA,,,failure,1
9956,2016-04-29,TRUST COMPANY BANK,MEMPHIS,,,failure,1
20364,2016-03-11,NORTH MILWAUKEE STATE BANK,MILWAUKEE,,,failure,1
35156,2015-10-02,HOMETOWN NATIONAL BANK,LONGVIEW,,,failure,1
35259,2015-10-02,THE BANK OF GEORGIA,PEACHTREE CITY,,,failure,1
34112,2015-07-10,PREMIER BANK,DENVER,,,failure,1
57772,2015-05-08,EDGEBROOK BANK,CHICAGO,,,failure,1
32102,2015-02-27,DORAL BANK,SAN JUAN,,,failure,1
33938,2015-02-13,CAPITOL CITY BANK & TRUST COMPANY,ATLANTA,,,failure,1
20290,2015-01-23,HIGHLAND COMMUNITY BANK,CHICAGO,,,failure,1
17557,2015-01-16,FIRST NATIONAL BANK OF CRESTVIEW,CRESTVIEW,,,failure,1
34983,2014-12-19,NORTHERN STAR BANK,MANKATO,,,failure,1
34738,2014-11-07,"FRONTIER BANK, FSB",PALM DESERT,,,failure,1
916,2014-10-24,THE NATIONAL REPUBLIC BANK OF CHICAGO,CHICAGO,,,failure,1
4862,2014-10-17,NBRS FINANCIAL BANK,RISING SUN,,,failure,1
28462,2014-07-25,"GREENCHOICE BANK, FSB",CHICAGO,,,failure,1
58125,2014-07-18,EASTSIDE COMMERCIAL BANK,CONYERS,,,failure,1
12483,2014-06-27,THE FREEDOM STATE BANK,FREEDOM,,,failure,1
10450,2014-06-20,VALLEY BANK,MOLINE,,,failure,1
21793,2014-06-20,VALLEY BANK,FORT LAUDERDALE,,,failure,1
32368,2014-05-30,SLAVIE FEDERAL SAVINGS BANK,BEL AIR,,,failure,1
32284,2014-05-23,COLUMBIA SAVINGS BANK,CINCINNATI,,,failure,1
57866,2014-05-16,AZTECAMERICA BANK,BERWYN,,,failure,1
15062,2014-04-25,ALLENDALE COUNTY BANK,FAIRFAX,,,failure,1
35096,2014-02-28,"MILLENNIUM BANK, NATIONAL ASSOCIATION",STERLING,,,failure,1
58531,2014-02-28,VANTAGE POINT BANK,HORSHAM,,,failure,1
34296,2014-01-31,SYRINGA BANK,BOISE,,,failure,1
17967,2014-01-24,THE  BANK OF UNION,EL RENO,,,failure,1
5732,2014-01-17,DUPAGE NATIONAL BANK,WEST CHICAGO,,,failure,1
57431,2013-12-13,"TEXAS COMMUNITY BANK, NATIONAL ASSOCIATION",THE WOODLANDS,,,failure,1
14794,2013-10-30,BANK OF JACKSON COUNTY,GRACEVILLE,,,failure,1
14318,2013-09-13,FIRST NATIONAL BANK,EDINBURG,,,failure,1
57041,2013-09-13,THE COMMUNITY'S BANK,BRIDGEPORT,,,failure,1
19849,2013-08-23,COMMUNITY SOUTH BANK,PARSONS,,,failure,1
34707,2013-08-23,SUNRISE BANK OF ARIZONA,PHOENIX,,,failure,1
35016,2013-08-09,BANK OF WAUSAU,WAUSAU,,,failure,1
34943,2013-08-02,FIRST COMMUNITY BANK OF SOUTHWEST FLORIDA,FORT MYERS,,,failure,1
34789,2013-06-07,MOUNTAIN NATIONAL BANK,SEVIERVILLE,,,failure,1
58358,2013-06-06,1st COMMERCE BANK,NORTH LAS VEGAS,,,failure,1
35386,2013-05-31,BANKS OF WISCONSIN,KENOSHA,,,failure,1
34527,2013-05-14,CENTRAL ARIZONA BANK,SCOTTSDALE,,,failure,1
58701,2013-05-10,PISGAH COMMUNITY BANK,ASHEVILLE,,,failure,1
58185,2013-05-10,SUNRISE BANK,VALDOSTA,,,failure,1
21649,2013-04-26,DOUGLAS COUNTY BANK,DOUGLASVILLE,,,failure,1
57158,2013-04-26,PARKWAY BANK,LENOIR,,,failure,1
58034,2013-04-19,CHIPOLA COMMUNITY BANK,MARIANNA,,,failure,1
29594,2013-04-19,FIRST FEDERAL BANK,LEXINGTON,,,failure,1
26680,2013-04-19,HERITAGE BANK OF NORTH FLORIDA,ORANGE PARK,,,failure,1
58066,2013-04-05,GOLD CANYON BANK,GOLD CANYON,,,failure,1
16431,2013-03-08,FRONTIER BANK,LAGRANGE,,,failure,1
22476,2013-02-15,COVENANT BANK,CHICAGO,,,failure,1
57157,2013-01-18,1ST REGENTS BANK,ANDOVER,,,failure,1
33997,2013-01-11,WESTSIDE COMMUNITY BANK,UNIVERSITY PLACE,,,failure,1
27331,2012-12-14,COMMUNITY BANK OF THE OZARKS,SUNRISE,,,failure,1
57928,2012-11-16,HOMETOWN COMMUNITYBANK,BRASELTON,,,failure,1
3731,2012-11-02,CITIZENS FIRST NATIONAL BANK,PRINCETON,,,failure,1
35009,2012-11-02,HERITAGE BANK OF FLORIDA,LUTZ,,,failure,1
27148,2012-10-26,NOVA BANK,BERWYN,,,failure,1
19189,2012-10-19,EXCEL BANK,SEDALIA,,,failure,1
28144,2012-10-19,FIRST EAST SIDE SAVINGS BANK,TAMARAC,,,failure,1
58073,2012-10-19,GULFSOUTH PRIVATE BANK,DESTIN,,,failure,1
20685,2012-09-28,FIRST UNITED BANK,CRETE,,,failure,1
27316,2012-09-14,TRUMAN BANK,ST. LOUIS,,,failure,1
35246,2012-09-07,FIRST COMMERCIAL BANK,BLOOMINGTON,,,failure,1
28243,2012-08-03,WAUKEGAN SAVINGS BANK,WAUKEGAN,,,failure,1
16240,2012-07-27,JASPER BANKING COMPANY,JASPER,,,failure,1
32711,2012-07-20,FIRST CHEROKEE STATE BANK,WOODSTOCK,,,failure,1
57847,2012-07-20,GEORGIA TRUST BANK,BUFORD,,,failure,1
1361,2012-07-20,HEARTLAND BANK,LEAWOOD,,,failure,1
27986,2012-07-20,SECOND FEDERAL SAVINGS AND LOAN ASSOCIATION OF CHICAGO,CHICAGO,,,failure,1
57096,2012-07-20,THE ROYAL PALM BANK OF FLORIDA,NAPLES,,,failure,1
1056,2012-07-13,GLASGOW SAVINGS BANK,GLASGOW,,,failure,1
19498,2012-07-06,MONTGOMERY BANK & TRUST,AILEY,,,failure,1
27405,2012-06-15,PUTNAM STATE BANK,PALATKA,,,failure,1
35299,2012-06-15,SECURITY EXCHANGE BANK,MARIETTA,,,failure,1
1690,2012-06-15,THE FARMERS BANK OF LYNCHBURG,LYNCHBURG,,,failure,1
35372,2012-06-08,CAROLINA FEDERAL SAVINGS BANK,CHARLESTON,,,failure,1
9257,2012-06-08,FARMERS' AND TRADERS' STATE BANK,SHABBONA,,,failure,1
416,2012-06-08,FIRST CAPITAL BANK,KINGFISHER,,,failure,1
34515,2012-06-08,WACCAMAW BANK,WHITEVILLE,,,failure,1
35224,2012-05-18,"ALABAMA TRUST BANK, NATIONAL ASSOCIATION",SYLACAUGA,,,failure,1
23156,2012-05-04,"SECURITY BANK, NATIONAL ASSOCIATION",NORTH LAUDERDALE,,,failure,1
26759,2012-04-27,BANK OF THE EASTERN SHORE,CAMBRIDGE,,,failure,1
57766,2012-04-27,HARVEST BANK OF MARYLAND,GAITHERSBURG,,,failure,1
31495,2012-04-27,"INTER SAVINGS BANK, FSB D/B/A/ INTERBANK, FSB",MAPLE GROVE,,,failure,1
23632,2012-04-27,PALM DESERT NATIONAL BANK,PALM DESERT,,,failure,1
32503,2012-04-27,PLANTATION FEDERAL BANK,PAWLEYS ISLAND,,,failure,1
35527,2012-04-20,"FORT LEE FEDERAL SAVINGS BANK, FSB",FORT LEE,,,failure,1
33883,2012-03-30,FIDELITY BANK,DEARBORN,,,failure,1
58068,2012-03-23,CONVENANT BANK & TRUST,ROCK SPRING,,,failure,1
35419,2012-03-23,PREMIER BANK,WILMETTE,,,failure,1
57597,2012-03-09,NEW CITY BANK,CHICAGO,,,failure,1
34046,2012-03-02,GLOBAL COMMERCE BANK,DORAVILLE,,,failure,1
5687,2012-02-24,CENTRAL BANK OF GEORGIA,ELLAVILLE,,,failure,1
29178,2012-02-24,HOME SAVINGS OF AMERICA,LITTLE FALLS,,,failure,1
23187,2012-02-10,CHARTER NATIONAL BANK AND TRUST,HOFFMAN ESTATES,,,failure,1
29761,2012-02-10,SCB BANK,SHELBYVILLE,,,failure,1
19869,2012-01-27,BANKEAST,KNOXVILLE,,,failure,1
16579,2012-01-27,FIRST GUARANTY BANK AND TRUST COMPANY OF JACKSONVILLE,JACKSONVILLE,,,failure,1
34823,2012-01-27,PATRIOT BANK MINNESOTA,FOREST LAKE,,,failure,1
35296,2012-01-27,TENNESSEE COMMERCE BANK,FRANKLIN,,,failure,1
31581,2012-01-20,AMERICAN EAGLE SAVINGS BANK,BOOTHWYN,,,failure,1
57186,2012-01-20,CENTRAL FLORIDA STATE BANK,BELLEVIEW,,,failure,1
19252,2012-01-20,THE FIRST STATE BANK,STOCKBRIDGE,,,failure,1
58343,2011-12-16,PREMIER COMMUNITY BANK OF THE EMERALD COAST,CRESTVIEW,,,failure,1
57917,2011-12-16,WESTERN NATIONAL BANK,PHOENIX,,,failure,1
19657,2011-11-18,CENTRAL PROGRESSIVE BANK,LACOMBE,,,failure,1
14194,2011-11-18,POLK COUNTY BANK,JOHNSTON,,,failure,1
57860,2011-11-10,COMMUNITY BANK OF ROCKMART,ROCKMART,,,failure,1
19397,2011-11-04,"MID CITY BANK, INC.",OMAHA,,,failure,1
57087,2011-11-04,SUNFIRST BANK,SAINT GEORGE,,,failure,1
57759,2011-10-28,ALL AMERICAN BANK,DES PLAINES,,,failure,1
21132,2011-10-21,COMMUNITY BANKS OF COLORADO,GREENWOOD VILLAGE,,,failure,1
57036,2011-10-21,COMMUNITY CAPITAL BANK,JONESBORO,,,failure,1
34392,2011-10-21,DECATUR FIRST BANK,DECATUR,,,failure,1
57537,2011-10-21,OLD HARBOR BANK,CLEARWATER,,,failure,1
32347,2011-10-14,"BLUE RIDGE SAVINGS BANK, INC.",ASHEVILLE,,,failure,1
35395,2011-10-14,COUNTRY BANK,ALEDO,,,failure,1
58046,2011-10-14,FIRST STATE BANK,CRANFORD,,,failure,1
57256,2011-10-14,PIEDMONT COMMUNITY BANK,GRAY,,,failure,1
20115,2011-10-07,SUN SECURITY BANK,ELLINGTON,,,failure,1
10216,2011-10-07,THE RIVERBANK,WYOMING,,,failure,1
33513,2011-09-30,FIRST INTERNATIONAL BANK,PLANO,,,failure,1
20408,2011-09-23,BANK OF THE COMMONWEALTH,NORFOLK,,,failure,1
33983,2011-09-23,CITIZENS BANK OF NORTHERN CALIFORNIA,NEVADA CITY,,,failure,1
25155,2011-09-09,THE FIRST NATIONAL BANK OF FLORIDA,MILTON,,,failure,1
58226,2011-09-02,CREEKSIDE BANK,WOODSTOCK,,,failure,1
58273,2011-09-02,PATRIOT BANK OF GEORGIA,CUMMING,,,failure,1
57212,2011-08-19,FIRST CHOICE BANK,GENEVA,,,failure,1
57239,2011-08-19,FIRST SOUTHERN NATIONAL BANK,STATESBORO,,,failure,1
35356,2011-08-19,LYDIAN PRIVATE BANK,PALM BEACH,,,failure,1
34130,2011-08-18,PUBLIC SAVINGS BANK,HUNTINGDON VALLEY,,,failure,1
4744,2011-08-12,THE FIRST NATIONAL BANK OF OLATHE,OLATHE,,,failure,1
22637,2011-08-05,BANK OF SHOREWOOD,SHOREWOOD,,,failure,1
22528,2011-08-05,BANK OF WHITMAN,COLFAX,,,failure,1
58222,2011-07-29,"BANKMERIDIAN, N.A.",COLUMBIA,,,failure,1
4392,2011-07-29,INTEGRA BANK NATIONAL ASSOCIATION,EVANSVILLE,,,failure,1
58283,2011-07-29,VIRGINIA BUSINESS BANK,RICHMOND,,,failure,1
2994,2011-07-22,BANK OF CHOICE,GREELEY,,,failure,1
35244,2011-07-22,LANDMARK BANK OF FLORIDA,SARASOTA,,,failure,1
58056,2011-07-22,SOUTHSHORE COMMUNITY BANK,APOLLO BEACH,,,failure,1
34870,2011-07-15,FIRST PEOPLES BANK,PORT SAINT LUCIE,,,failure,1
19554,2011-07-15,HIGH TRUST BANK,STOCKBRIDGE,,,failure,1
58238,2011-07-15,ONE GEORGIA BANK,ATLANTA,,,failure,1
57442,2011-07-15,SUMMIT BANK,PRESCOTT,,,failure,1
34522,2011-07-08,COLORADO CAPITAL BANK,CASTLE ROCK,,,failure,1
27935,2011-07-08,FIRST CHICAGO BANK & TRUST,CHICAGO,,,failure,1
57835,2011-07-08,SIGNATURE  BANK,WINDSOR,,,failure,1
57593,2011-06-24,MOUNTAIN HERITAGE BANK,CLAYTON,,,failure,1
27583,2011-06-17,FIRST COMMERCIAL BANK OF TAMPA BAY,TAMPA,,,failure,1
19237,2011-06-17,MCINTOSH STATE BANK,JACKSON,,,failure,1
58420,2011-06-03,ATLANTIC BANK AND TRUST,CHARLESTON,,,failure,1
23626,2011-05-27,FIRST HERITAGE BANK,SNOHOMISH,,,failure,1
57213,2011-05-20,ATLANTIC SOUTHERN BANK,MACON,,,failure,1
57647,2011-05-20,FIRST GEORGIA BANKING COMPANY,FRANKLIN,,,failure,1
513,2011-05-20,SUMMIT BANK,BURLINGTON,,,failure,1
34898,2011-05-06,COASTAL BANK,COCOA BEACH,,,failure,1
34234,2011-04-29,COMMUNITY CENTRAL BANK,MOUNT CLEMENS,,,failure,1
57625,2011-04-29,CORTEZ COMMUNITY  BANK,BROOKSVILLE,,,failure,1
58539,2011-04-29,FIRST CHOICE COMMUNITY BANK,DALLAS,,,failure,1
26297,2011-04-29,FIRST NATIONAL BANK OF CENTRAL FLORIDA,WINTER PARK,,,failure,1
19797,2011-04-29,THE PARK AVENUE BANK,VALDOSTA,,,failure,1
21495,2011-04-15,BARTOW COUNTY BANK,CARTERSVILLE,,,failure,1
14273,2011-04-15,HERITAGE BANKING GROUP,CARTHAGE,,,failure,1
57705,2011-04-15,NEW HORIZONS BANK,EAST ELLIJAY,,,failure,1
19794,2011-04-15,NEXITY BANK,BIRMINGHAM,,,failure,1
24099,2011-04-15,ROSEMOUNT NATIONAL BANK,ROSEMOUNT,,,failure,1
17750,2011-04-15,SUPERIOR BANK,BIRMINGHAM,,,failure,1
35418,2011-04-08,NEVADA COMMERCE BANK,LAS VEGAS,,,failure,1
10086,2011-04-08,WESTERN SPRINGS NATIONAL BANK AND TRUST,WESTERN SPRINGS,,,failure,1
34292,2011-03-25,THE BANK OF COMMERCE,WOOD DALE,,,failure,1
34818,2011-03-11,LEGACY BANK,MILWAUKEE,,,failure,1
4077,2011-03-11,THE FIRST NATIONAL BANK OF DAVIS,DAVIS,,,failure,1
34187,2011-02-25,VALLEY COMMUNITY BANK,ST. CHARLES,,,failure,1
57855,2011-02-18,CHARTER OAK BANK,NAPA,,,failure,1
34601,2011-02-18,CITIZENS BANK OF EFFINGHAM,SPRINGFIELD,,,failure,1
151,2011-02-18,HABERSHAM BANK,CLARKESVILLE,,,failure,1
34783,2011-02-18,"SAN LUIS TRUST BANK, FSB",SAN LUIS OBISPO,,,failure,1
13272,2011-02-11,BADGER STATE BANK,CASSVILLE,,,failure,1
34692,2011-02-11,CANYON NATIONAL BANK,PALM SPRINGS,,,failure,1
14939,2011-02-11,PEOPLES STATE BANK,HAMTRAMCK,,,failure,1
35478,2011-02-11,SUNSHINE STATE COMMUNITY BANK,PORT ORANGE,,,failure,1
57432,2011-02-04,AMERICAN TRUST BANK,ROSWELL,,,failure,1
57948,2011-02-04,COMMUNITY FIRST BANK - CHICAGO,CHICAGO,,,failure,1
35242,2011-02-04,NORTH GEORGIA BANK,WATKINSVILLE,,,failure,1
5328,2011-01-28,EVERGREEN STATE BANK,STOUGHTON,,,failure,1
12261,2011-01-28,FIRST COMMUNITY BANK,TAOS,,,failure,1
57646,2011-01-28,FIRSTIER BANK,LOUISVILLE,,,failure,1
2303,2011-01-28,THE FIRST STATE BANK,CAMARGO,,,failure,1
57868,2011-01-21,COMMUNITYSOUTH BANK AND TRUST,EASLEY,,,failure,1
19758,2011-01-21,ENTERPRISE BANKING COMPANY,MCDONOUGH,,,failure,1
34516,2011-01-21,THE BANK OF ASHEVILLE,ASHEVILLE,,,failure,1
31293,2011-01-21,UNITED WESTERN BANK,DENVER,,,failure,1
57440,2011-01-14,OGLETHORPE BANK,BRUNSWICK,,,failure,1
34965,2011-01-07,FIRST COMMERCIAL BANK OF FLORIDA,ORLANDO,,,failure,1
57820,2011-01-07,LEGACY BANK,SCOTTSDALE,,,failure,1
58495,2010-12-17,"APPALACIAN COMMUNITY BANK, F.S.B.",MCCAYSVILLE,,,failure,1
34578,2010-12-17,CHESTATEE STATE BANK,DAWSONVILLE,,,failure,1
23306,2010-12-17,COMMUNITY NATIONAL BANK,LINO LAKES,,,failure,1
58052,2010-12-17,FIRST SOUTHERN BANK,BATESVILLE,,,failure,1
19040,2010-12-17,THE BANK OF MIAMI,CORAL GABLES,,,failure,1
35065,2010-12-17,UNITED AMERICAS BANK,ATLANTA,,,failure,1
35561,2010-12-10,EARTHSTAR BANK,SOUTHAMPTON,,,failure,1
34673,2010-12-10,PARAMOUNT BANK,FARMINGTON HILLS,,,failure,1
35078,2010-11-19,ALLEGIANCE BANK OF NORTH AMERICA,BALA CYNWYD,,,failure,1
5287,2010-11-19,FIRST BANKING CENTER,BURLINGTON,,,failure,1
20340,2010-11-19,GULF STATE COMMUNITY BANK,CARRABELLE,,,failure,1
35463,2010-11-12,COPPER STAR BANK,SCOTTSDALE,,,failure,1
14580,2010-11-12,DARBY BANK & TRUST COMPANY,VIDALIA,,,failure,1
57831,2010-11-12,TIFTON BANKING COMPANY,TIFTON,,,failure,1
57885,2010-11-05,FIRST VIETNAMESE AMERICAN BANK,WESTMINSTER,,,failure,1
31263,2010-11-05,K BANK,RANDALLSTOWN,,,failure,1
34411,2010-11-05,PIERCE COMMERCIAL BANK,TACOMA,,,failure,1
58087,2010-11-05,WESTERN COMMERCIAL BANK,WOODLAND HILLS,,,failure,1
32582,2010-10-22,"FIRST ARIZONA SAVINGS, A FSB",SCOTTSDALE,,,failure,1
27573,2010-10-22,FIRST BANK OF JACKSONVILLE,JACKSONVILLE,,,failure,1
16089,2010-10-22,FIRST SUBURBAN NATIONAL BANK,MAYWOOD,,,failure,1
22173,2010-10-22,HILLCREST BANK,OVERLAND PARK,,,failure,1
32251,2010-10-22,PROGRESS BANK OF FLORIDA,TAMPA,,,failure,1
2119,2010-10-22,THE FIRST NATIONAL BANK OF BARNESVILLE,BARNESVILLE,,,failure,1
33904,2010-10-22,THE GORDON BANK,GORDON,,,failure,1
34016,2010-10-15,PREMIER BANK,JEFFERSON CITY,,,failure,1
30898,2010-10-15,"SECURITY SAVINGS BANK, F.S.B.",OLATHE,,,failure,1
58205,2010-10-15,WESTBRIDGE BANK AND TRUST COMPANY,CHESTERFIELD,,,failure,1
35250,2010-10-01,SHORELINE BANK,SHORELINE,,,failure,1
21777,2010-10-01,WAKULLA BANK,CRAWFORDVILLE,,,failure,1
58308,2010-09-24,HAVEN TRUST BANK FLORIDA,PONTE VEDRA BEACH,,,failure,1
35053,2010-09-24,NORTH COUNTY BANK,ARLINGTON,,,failure,1
27808,2010-09-17,BRAMBLE SAVINGS BANK,MILFORD,,,failure,1
57448,2010-09-17,FIRST COMMERCE COMMUNITY BANK,DOUGLASVILLE,,,failure,1
57107,2010-09-17,ISN BANK,CHERRY HILL,,,failure,1
28612,2010-09-17,MARITIME SAVINGS BANK,WEST ALLIS,,,failure,1
58197,2010-09-17,THE BANK OF ELLIJAY,ELLIJAY,,,failure,1
182,2010-09-17,THE PEOPLES BANK,WINDER,,,failure,1
35061,2010-09-10,HORIZON BANK,BRADENTON,,,failure,1
33219,2010-08-20,BUTTE COMMUNITY BANK,CHICO,,,failure,1
25266,2010-08-20,COMMUNITY NATIONAL BANK AT BARTOW,BARTOW,,,failure,1
31623,2010-08-20,IMPERIAL SAVINGS AND LOAN ASSOCIATION,MARTINSVILLE,,,failure,1
27344,2010-08-20,INDEPENDENT NATIONAL BANK,OCALA,,,failure,1
32165,2010-08-20,LOS PADRES BANK,SOLVANG,,,failure,1
27090,2010-08-20,PACIFIC STATE BANK,STOCKTON,,,failure,1
15640,2010-08-20,SHOREBANK,CHICAGO,,,failure,1
27259,2010-08-20,SONOMA VALLEY BANK,SONOMA,,,failure,1
17599,2010-08-13,PALOS BANK AND TRUST COMPANY,PALOS HEIGHTS,,,failure,1
34231,2010-08-06,RAVENSWOOD BANK,CHICAGO,,,failure,1
57669,2010-07-30,BAYSIDE SAVINGS BANK,PORT SAINT JOE,,,failure,1
9619,2010-07-30,COASTAL COMMUNITY BANK,PANAMA CITY BEACH,,,failure,1
31964,2010-07-30,LIBERTYBANK,EUGENE,,,failure,1
57658,2010-07-30,NORTHWEST BANK & TRUST,ACWORTH,,,failure,1
22643,2010-07-30,THE COWLITZ BANK,LONGVIEW,,,failure,1
34486,2010-07-23,COMMUNITY SECURITY BANK,NEW PRAGUE,,,failure,1
27559,2010-07-23,CRESCENT BANK AND TRUST COMPANY,JASPER,,,failure,1
23181,2010-07-23,HOME VALLEY BANK,CAVE JUNCTION,,,failure,1
35434,2010-07-23,SOUTHWESTUSA BANK,LAS VEGAS,,,failure,1
32536,2010-07-23,STERLING BANK,LANTANA,,,failure,1
10506,2010-07-23,THUNDER BANK,SYLVAN GROVE,,,failure,1
17837,2010-07-23,WILLIAMSBURG FIRST NATIONAL BANK,KINGSTREE,,,failure,1
35383,2010-07-16,FIRST NATIONAL BANK OF THE SOUTH,SPARTANBURG,,,failure,1
28136,2010-07-16,"MAINSTREET SAVINGS BANK, FSB",HASTINGS,,,failure,1
25172,2010-07-16,METRO BANK OF DADE COUNTY,MIAMI,,,failure,1
28864,2010-07-16,OLDE CYPRESS COMMUNITY BANK,CLEWISTON,,,failure,1
32280,2010-07-16,TURNBERRY BANK,AVENTURA,,,failure,1
32571,2010-07-16,WOODLANDS BANK,BLUFFTON,,,failure,1
35462,2010-07-09,BAY NATIONAL BANK,BALTIMORE,,,failure,1
11636,2010-07-09,HOME NATIONAL BANK,BLACKWELL,,,failure,1
32456,2010-07-09,IDEAL FEDERAL SAVINGS BANK,BALTIMORE,,,failure,1
58072,2010-07-09,USA BANK,PORT CHESTER,,,failure,1
34152,2010-06-25,FIRST NATIONAL BANK,SAVANNAH,,,failure,1
35279,2010-06-25,HIGH DESERT STATE BANK,ALBUQUERQUE,,,failure,1
26563,2010-06-25,PENINSULA BANK,ENGLEWOOD,,,failure,1
57110,2010-06-18,NEVADA SECURITY BANK,RENO,,,failure,1
32955,2010-06-11,WASHINGTON FIRST INTERNATIONAL BANK,SEATTLE,,,failure,1
31813,2010-06-04,ARCOLA HOMESTEAD SAVINGS BANK,ARCOLA,,,failure,1
15814,2010-06-04,FIRST NATIONAL BANK,ROSEDALE,,,failure,1
29341,2010-06-04,TIERONE BANK,LINCOLN,,,failure,1
57360,2010-05-28,BANK OF FLORIDA - SOUTHEAST,FORT LAUDERDALE,,,failure,1
35106,2010-05-28,BANK OF FLORIDA - SOUTHWEST,NAPLES,,,failure,1
57814,2010-05-28,BANK OF FLORIDA - TAMPA BAY,TAMPA BAY,,,failure,1
57315,2010-05-28,"GRANITE COMMUNITY BANK, NATIONAL ASSOCIATION",GRANITE BAY,,,failure,1
34785,2010-05-28,SUN WEST BANK,LAS VEGAS,,,failure,1
57735,2010-05-21,PINEHURST BANK,ST. PAUL,,,failure,1
18117,2010-05-14,MIDWEST BANK AND TRUST COMPANY,ELMWOOD PARK,,,failure,1
35586,2010-05-14,NEW LIBERTY BANK,PLYMOUTH,,,failure,1
35114,2010-05-14,SATILLA COMMUNITY BANK,SAINT MARYS,,,failure,1
34255,2010-05-14,SOUTHWEST COMMUNITY BANK,SPRINGFIELD,,,failure,1
35517,2010-05-07,1st PACIFIC BANK OF CALIFORNIA,SAN DIEGO,,,failure,1
16476,2010-05-07,ACCESS BANK,CHAMPLIN,,,failure,1
14246,2010-05-07,THE BANK OF BONIFAY,BONIFAY,,,failure,1
57697,2010-05-07,TOWNE BANK OF ARIZONA,MESA,,,failure,1
17792,2010-04-30,BC NATIONAL BANKS,BUTLER,,,failure,1
30005,2010-04-30,CF BANCORP,PORT HURON,,,failure,1
58362,2010-04-30,CHAMPION BANK,CREVE COEUR,,,failure,1
27150,2010-04-30,EUROBANK,SAN JUAN,,,failure,1
22710,2010-04-30,FRONTIER BANK,EVERETT,,,failure,1
32185,2010-04-30,R-G PREMIER BANK OF PUERTO RICO,HATO REY,,,failure,1
31027,2010-04-30,WESTERNBANK PUERTO RICO,MAYAGUEZ,,,failure,1
3735,2010-04-23,"AMCORE BANK, NATIONAL ASSOCIATION",ROCKFORD,,,failure,1
22853,2010-04-23,BROADWAY BANK,CHICAGO,,,failure,1
34658,2010-04-23,CITIZENS BANK & TRUST COMPANY OF CHICAGO,CHICAGO,,,failure,1
30600,2010-04-23,LINCOLN PARK SAVINGS BANK,CHICAGO,,,failure,1
34821,2010-04-23,NEW CENTURY BANK,CHICAGO,,,failure,1
10888,2010-04-23,PEOTONE BANK AND TRUST COMPANY,PEOTONE,,,failure,1
58429,2010-04-23,WHEATLAND BANK,NAPERVILLE,,,failure,1
57724,2010-04-16,AMERICANFIRST BANK,CLERMONT,,,failure,1
26619,2010-04-16,BUTLER BANK,LOWELL,,,failure,1
21521,2010-04-16,CITY BANK,LYNNWOOD,,,failure,1
28886,2010-04-16,FIRST FEDERAL BANK OF NORTH FLORIDA,PALATKA,,,failure,1
23876,2010-04-16,INNOVATIVE BANK,OAKLAND,,,failure,1
34878,2010-04-16,LAKESIDE COMMUNITY BANK,STERLING HEIGHTS,,,failure,1
24067,2010-04-16,RIVERSIDE NATIONAL BANK OF FLORIDA,FORT PIERCE,,,failure,1
33493,2010-04-16,TAMALPAIS BANK,SAN RAFAEL,,,failure,1
34242,2010-04-09,BEACH FIRST NATIONAL BANK,MYRTLE BEACH,,,failure,1
57060,2010-03-26,DESERT HILLS BANK,PHOENIX,,,failure,1
34684,2010-03-26,KEY WEST BANK,KEY WEST,,,failure,1
57399,2010-03-26,MCINTOSH COMMERCIAL BANK,CARROLLTON,,,failure,1
34678,2010-03-26,UNITY NATIONAL BANK,CARTERSVILLE,,,failure,1
33535,2010-03-19,ADVANTA BANK CORP.,DRAPER,,,failure,1
18806,2010-03-19,AMERICAN NATIONAL BANK,PARMA,,,failure,1
33989,2010-03-19,APPALACHIAN COMMUNITY BANK,ELLIJAY,,,failure,1
10054,2010-03-19,BANK OF HIAWASSEE,HIAWASSEE,,,failure,1
58104,2010-03-19,CENTURY SECURITY BANK,DULUTH,,,failure,1
24957,2010-03-19,FIRST LOWNDES BANK,FORT DEPOSIT,,,failure,1
8221,2010-03-19,STATE BANK OF AURORA,AURORA,,,failure,1
58182,2010-03-12,OLD SOUTHERN BANK,ORLANDO,,,failure,1
29561,2010-03-12,STATEWIDE BANK,COVINGTON,,,failure,1
27096,2010-03-12,THE PARK AVENUE BANK,NEW YORK,,,failure,1
58071,2010-03-11,LIBERTYPOINTE BANK,NEW YORK,,,failure,1
9268,2010-03-05,BANK OF ILLINOIS,NORMAL,,,failure,1
34430,2010-03-05,CENTENNIAL BANK,OGDEN,,,failure,1
27126,2010-03-05,SUN AMERICAN BANK,BOCA RATON,,,failure,1
34976,2010-03-05,WATERFIELD BANK,GERMANTOWN,,,failure,1
58352,2010-02-26,CARSON RIVER COMMUNITY BANK,CARSON CITY,,,failure,1
38129,2010-02-26,RAINIER PACIFIC BANK,TACOMA,,,failure,1
29952,2010-02-19,GEORGE WASHINGTON SAVINGS BANK,ORLAND PARK,,,failure,1
32423,2010-02-19,"LA JOLLA BANK, FSB",LA JOLLA,,,failure,1
57586,2010-02-19,MARCO COMMUNITY BANK,MARCO ISLAND,,,failure,1
3287,2010-02-19,THE LA COSTE NATIONAL BANK,LA COSTE,,,failure,1
15448,2010-02-05,1ST AMERICAN STATE BANK OF MINNESOTA,HANCOCK,,,failure,1
16730,2010-01-29,AMERICAN MARINE BANK,BAINBRIDGE ISLAND,,,failure,1
5702,2010-01-29,COMMUNITY BANK & TRUST,CORNELIA,,,failure,1
16480,2010-01-29,FIRST NATIONAL BANK OF GEORGIA,CARROLLTON,,,failure,1
23011,2010-01-29,FIRST REGIONAL BANK,LOS ANGELES,,,failure,1
5672,2010-01-29,FLORIDA COMMUNITY BANK,IMMOKALEE,,,failure,1
16133,2010-01-29,"MARSHALL BANK, NATIONAL ASSOCIATION",HALLOCK,,,failure,1
8265,2010-01-22,BANK OF LEETON,LEETON,,,failure,1
32498,2010-01-22,CHARTER BANK,SANTA FE,,,failure,1
22469,2010-01-22,COLUMBIA RIVER BANK,THE DALLES,,,failure,1
20501,2010-01-22,EVERGREEN BANK,SEATTLE,,,failure,1
57147,2010-01-22,PREMIER AMERICAN BANK,MIAMI,,,failure,1
1252,2010-01-15,BARNES BANKING COMPANY,KAYSVILLE,,,failure,1
17522,2010-01-15,ST. STEPHEN STATE BANK,ST. STEPHEN,,,failure,1
34705,2010-01-15,TOWN COMMUNITY BANK AND TRUST,ANTIOCH,,,failure,1
22977,2010-01-08,HORIZON BANK,BELLINGHAM,,,failure,1
1006,2009-12-18,CITIZENS STATE BANK,NEW BALTIMORE,,,failure,1
28536,2009-12-18,"FIRST FEDERAL BANK OF CALIFORNIA,  A FEDERAL SAVINGS BANK",SANTA MONICA,,,failure,1
26348,2009-12-18,IMPERIAL CAPITAL BANK,LA JOLLA,,,failure,1
26820,2009-12-18,INDEPENDENT BANKERS' BANK,SPRINGFIELD,,,failure,1
32276,2009-12-18,NEW SOUTH FEDERAL SAVINGS BANK,IRONDALE,,,failure,1
32167,2009-12-18,PEOPLES FIRST COMMUNITY BANK,PANAMA CITY,,,failure,1
58315,2009-12-18,ROCKBRIDGE COMMERCIAL BANK,ATLANTA,,,failure,1
22846,2009-12-11,"REPUBLIC FEDERAL BANK, N.A.",MIAMI,,,failure,1
4731,2009-12-11,SOLUTIONSBANK,OVERLAND PARK,,,failure,1
58399,2009-12-11,"VALLEY CAPITAL BANK, N.A.",MESA,,,failure,1
29776,2009-12-04,AMTRUST BANK,CLEVELAND,,,failure,1
10440,2009-12-04,BENCHMARK BANK,AURORA,,,failure,1
26290,2009-12-04,FIRST SECURITY NATIONAL BANK,NORCROSS,,,failure,1
32583,2009-12-04,GREATER ATLANTIC BANK,RESTON,,,failure,1
34663,2009-12-04,THE BUCKHEAD COMMUNITY BANK,ATLANTA,,,failure,1
12080,2009-12-04,THE TATNALL BANK,REIDSVILLE,,,failure,1
58016,2009-11-20,COMMERCE BANK OF SOUTHWEST FLORIDA,FORT MYERS,,,failure,1
32267,2009-11-13,"CENTURY BANK, A FEDERAL SAVINGS BANK",SARASOTA,,,failure,1
22427,2009-11-13,ORION BANK,NAPLES,,,failure,1
57914,2009-11-13,PACIFIC COAST NATIONAL BANK,SAN CLEMENTE,,,failure,1
19450,2009-11-06,GATEWAY BANK OF ST LOUIS,ST LOUIS,,,failure,1
30329,2009-11-06,HOME FEDERAL SAVINGS BANK,DETROIT,,,failure,1
35074,2009-11-06,PROSPERAN BANK,OAKDALE,,,failure,1
32469,2009-11-06,UNITED COMMERCIAL BANK,SAN FRANCISCO,,,failure,1
22286,2009-11-06,UNITED SECURITY BANK,SPARTA,,,failure,1
32218,2009-10-30,"BANK USA, NA",PHOENIX,,,failure,1
34659,2009-10-30,CALIFORNIA NATIONAL BANK,LOS ANGELES,,,failure,1
25222,2009-10-30,CITIZENS NATIONAL BANK,TEAGUE,,,failure,1
35291,2009-10-30,COMMUNITY BANK OF LEMONT,LEMONT,,,failure,1
33782,2009-10-30,MADISONVILLE STATE BANK,MADISONVILLE,,,failure,1
18776,2009-10-30,NORTH HOUSTON BANK,HOUSTON,,,failure,1
30006,2009-10-30,PACIFIC NATIONAL BANK,SAN FRANCISCO,,,failure,1
11677,2009-10-30,PARK NATIONAL BANK,CHICAGO,,,failure,1
23594,2009-10-30,SAN DIEGO NATIONAL BANK,SAN DIEGO,,,failure,1
57794,2009-10-23,AMERICAN UNITED BANK,LAWRENCEVILLE,,,failure,1
18321,2009-10-23,BANK OF ELMWOOD,RACINE,,,failure,1
35038,2009-10-23,FIRST DUPAGE BANK,WESTMONT,,,failure,1
35044,2009-10-23,FLAGSHIP NATIONAL BANK,BRADENTON,,,failure,1
58336,2009-10-23,HILLCREST BANK FLORIDA,NAPLES,,,failure,1
57959,2009-10-23,PARTNERS BANK,NAPLES,,,failure,1
57525,2009-10-23,RIVERVIEW COMMUNITY BANK,OSTEGO,,,failure,1
23266,2009-10-16,SAN JOAQUIN BANK,BAKERSFIELD,,,failure,1
11416,2009-10-02,JENNINGS STATE BANK,SPRING GROVE,,,failure,1
57263,2009-10-02,SOUTHERN COLORADO NATIONAL BANK,PUEBLO,,,failure,1
34824,2009-10-02,WARREN BANK,WARREN,,,failure,1
57151,2009-09-25,GEORGIAN BANK,ATLANTA,,,failure,1
10100,2009-09-18,IRWIN UNION BANK AND TRUST COMPANY,COLUMBUS,,,failure,1
57068,2009-09-18,"IRWIN UNION BANK, FSB",LOUISVILLE,,,failure,1
57736,2009-09-11,BRICKWELL COMMUNITY BANK,WOODBURY,,,failure,1
13693,2009-09-11,"CORUS BANK, N.A.",CHICAGO,,,failure,1
22868,2009-09-11,VENTURE BANK,LACEY,,,failure,1
25231,2009-09-04,FIRST BANK OF KANSAS CITY,KANSAS CITY,,,failure,1
34875,2009-09-04,FIRST STATE BANK,FLAGSTAFF,,,failure,1
20203,2009-09-04,INBANK,OAK FOREST,,,failure,1
35030,2009-09-04,PLATINUM COMMUNITY BANK,ROLLING MEADOWS,,,failure,1
27732,2009-09-04,VANTUS BANK,SIOUX CITY,,,failure,1
27197,2009-08-28,AFFINITY BANK,VENTURA,,,failure,1
28312,2009-08-28,BRADFORD BANK,BALTIMORE,,,failure,1
1909,2009-08-28,MAINSTREET BANK,FOREST LAKE,,,failure,1
22130,2009-08-21,CAPITALSOUTH BANK,BIRMINGHAM,,,failure,1
34682,2009-08-21,EBANK,ATLANTA,,,failure,1
57702,2009-08-21,FIRST COWETA,NEWNAN,,,failure,1
32618,2009-08-21,GUARANTY BANK,AUSTIN,,,failure,1
9609,2009-08-14,COLONIAL BANK,MONTGOMERY,,,failure,1
57645,2009-08-14,COMMUNITY BANK OF ARIZONA,PHOENIX,,,failure,1
34043,2009-08-14,COMMUNITY BANK OF NEVADA,LAS VEGAS,,,failure,1
31559,2009-08-14,DWELLING HOUSE SAVINGS AND LOAN,PITTSBURGH,,,failure,1
34485,2009-08-14,"UNION BANK, NATIONAL ASSOCIATION",GILBERT,,,failure,1
23268,2009-08-07,COMMUNITY FIRST BANK,PRINEVILLE,,,failure,1
27183,2009-08-07,COMMUNITY NATIONAL BANK OF SARASOTA COUNTY,VENICE,,,failure,1
27364,2009-08-07,FIRST STATE BANK,SARASOTA,,,failure,1
34270,2009-07-31,FIRST BANKAMERICANO,ELIZABTH,,,failure,1
9873,2009-07-31,FIRST STATE BANK OF ALTUS,ALTUS,,,failure,1
57604,2009-07-31,INTEGRITY BANK,JUPITER,,,failure,1
18659,2009-07-31,MUTUAL BANK,HARVEY,,,failure,1
32288,2009-07-31,PEOPLES COMMUNITY BANK,WEST CHESTER,,,failure,1
27367,2009-07-24,SECURITY BANK OF BIBB COUNTY,MACON,,,failure,1
57346,2009-07-24,SECURITY BANK OF GWINNETT COUNTY,SUWANNEE,,,failure,1
27048,2009-07-24,SECURITY BANK OF HOUSTON COUNTY,PERRY,,,failure,1
8486,2009-07-24,SECURITY BANK OF JONES COUNTY,GRAY,,,failure,1
57430,2009-07-24,SECURITY BANK OF NORTH FULTON,ALPHARETTA,,,failure,1
57105,2009-07-24,SECURITY BANK OF NORTH METRO,WOODSTOCK,,,failure,1
58065,2009-07-24,WATERFORD VILLAGE BANK,WILLIAMSVILLE,,,failure,1
34103,2009-07-17,BANKFIRST,SIOUX FALLS,,,failure,1
34594,2009-07-17,FIRST PIEDMONT BANK,WINDER,,,failure,1
34341,2009-07-17,TEMECULA VALLEY BANK,TEMECULA,,,failure,1
23556,2009-07-17,"VINEYARD BANK, NATIONAL ASSOCIATION",RANCHO CUCAMONGA,,,failure,1
22754,2009-07-10,BANK OF WYOMING,THERMOPOLIS,,,failure,1
18390,2009-07-02,FOUNDERS BANK,WORTH,,,failure,1
57667,2009-07-02,MILLENNIUM STATE BANK OF TEXAS,DALLAS,,,failure,1
15302,2009-07-02,ROCK RIVER BANK,OREGON,,,failure,1
9262,2009-07-02,THE ELIZABETH STATE BANK,ELIZABETH,,,failure,1
3644,2009-07-02,THE FIRST NATIONAL BANK OF DANVILLE,DANVILLE,,,failure,1
11710,2009-07-02,THE FIRST STATE BANK OF WINCHESTER,WINCHESTER,,,failure,1
12093,2009-07-02,THE JOHN WARNER BANK,CLINTON,,,failure,1
57436,2009-06-26,COMMUNITY BANK OF WEST GEORGIA,VILLA RICA,,,failure,1
9744,2009-06-26,HORIZON BANK,PINE CITY,,,failure,1
57893,2009-06-26,METROPACIFIC BANK,IRVINE,,,failure,1
57332,2009-06-26,MIRAE BANK,LOS ANGELES,,,failure,1
35285,2009-06-26,NEIGHBORHOOD COMMUNITY BANK,NEWNAN,,,failure,1
27837,2009-06-19,COOPERATIVE BANK,WILMINGTON,,,failure,1
4614,2009-06-19,FIRST NATIONAL BANK OF ANTHONY,ANTHONY,,,failure,1
35251,2009-06-19,SOUTHERN COMMUNITY BANK,FAYETTEVILLE,,,failure,1
17309,2009-06-05,BANK OF LINCOLNWOOD,LINCOLNWOOD,,,failure,1
5757,2009-05-22,CITIZENS NATIONAL BANK,MACOMB,,,failure,1
35175,2009-05-22,STRATEGIC CAPITAL BANK,CHAMPAIGN,,,failure,1
32247,2009-05-21,"BANKUNITED, FSB",CORAL GABLES,,,failure,1
34843,2009-05-08,WESTSOUND BANK,BREMERTON,,,failure,1
35461,2009-05-01,AMERICA WEST BANK,LAYTON,,,failure,1
57563,2009-05-01,CITIZENS COMMUNITY BANK,RIDGEWOOD,,,failure,1
26535,2009-05-01,"SILVERTON BANK, NATIONAL ASSOCIATION",ATLANTA,,,failure,1
57943,2009-04-24,AMERICAN SOUTHERN BANK,KENNESAW,,,failure,1
32069,2009-04-24,FIRST BANK OF BEVERLY HILLS,CALABASAS,,,failure,1
34396,2009-04-24,"FIRST BANK OF IDAHO, FSB",KETCHUM,,,failure,1
34369,2009-04-24,MICHIGAN HERITAGE BANK,FARMINGTON HILLS,,,failure,1
8266,2009-04-17,AMERICAN STERLING BANK,SUGAR CREEK,,,failure,1
33824,2009-04-17,GREAT BASIN BANK OF NEVADA,ELKO,,,failure,1
34639,2009-04-10,CAPE FEAR BANK,WILMINGTON,,,failure,1
34881,2009-04-10,NEW FRONTIER BANK,GREELEY,,,failure,1
22238,2009-03-27,OMNI NATIONAL BANK,ATLANTA,,,failure,1
18896,2009-03-20,COLORADO NATIONAL BANK,COLORADO SPRINGS,,,failure,1
18243,2009-03-20,FIRSTCITY BANK,STOCKBRIDGE,,,failure,1
4754,2009-03-20,"TEAMBANK, N.A.",PAOLA,,,failure,1
57558,2009-03-06,FREEDOM BANK OF GEORGIA,COMMERCE,,,failure,1
20078,2009-02-27,HERITAGE COMMUNITY BANK,GLENWOOD,,,failure,1
34820,2009-02-27,SECURITY SAVINGS BANK,HENDERSON,,,failure,1
35399,2009-02-20,SILVER FALLS BANK,SILVERTON,,,failure,1
16500,2009-02-13,CORN BELT BANK AND TRUST COMPANY,PITTSFIELD,,,failure,1
57342,2009-02-13,PINNACLE BANK,BEAVERTON,,,failure,1
34563,2009-02-13,RIVERSIDE BANK OF THE GULF COAST,CAPE CORAL,,,failure,1
5431,2009-02-13,SHERMAN COUNTY BANK,LOUP CITY,,,failure,1
23124,2009-02-06,ALLIANCE BANK,CULVER CITY,,,failure,1
22574,2009-02-06,COUNTY BANK,MERCED,,,failure,1
57017,2009-02-06,FIRSTBANK FINANCIAL SERVICES,MCDONOUGH,,,failure,1
58001,2009-01-30,MAGNET BANK,SALT LAKE CITY,,,failure,1
26538,2009-01-30,OCALA NATIONAL BANK,OCALA,,,failure,1
30763,2009-01-30,SUBURBAN FEDERAL SAVINGS BANK,CROFTON,,,failure,1
33025,2009-01-23,1ST CENTENNIAL BANK,REDLANDS,,,failure,1
25178,2009-01-16,BANK OF AMERICA CALIFORNIA N.A.,SAN FRANCISCO,,,assistance,1
3510,2009-01-16,BANK OF AMERICA N.A.,CHARLOTTE,,,assistance,1
35453,2009-01-16,BANK OF AMERICA OREGON N.A.,PORTLAND,,,assistance,1
58032,2009-01-16,BANK OF AMERICA RHODE ISLAND N.A.,PROVIDENCE,,,assistance,1
34959,2009-01-16,BANK OF CLARK COUNTY,VANCOUVER,,,failure,1
33143,2009-01-16,COUNTRYWIDE BANK FSB,ALEXANDRIA,,,assistance,1
33318,2009-01-16,FIA CARD SERVICES N.A.,WILMINGTON,,,assistance,1
34571,2009-01-16,MERRILL LYNCH BANK & TRUST CO FSB,NEW YORK,,,assistance,1
27374,2009-01-16,MERRILL LYNCH BANK USA,SALT LAKE CITY,,,assistance,1
19733,2009-01-16,NATIONAL BANK OF COMMERCE,BERKELEY,,,failure,1
35379,2008-12-12,HAVEN TRUST BANK,DULUTH,,,failure,1
11568,2008-12-12,SANDERSON STATE BANK,SANDERSON,,,failure,1
34301,2008-12-05,FIRST GEORGIA COMMUNITY BANK,JACKSON,,,failure,1
18923,2008-11-23,CITIBANK (BANAMEX USA),CENTURY CITY,,,assistance,1
23360,2008-11-23,"CITIBANK (SOUTH DAKOTA), N.A.",SIOUX FALLS,,,assistance,1
7213,2008-11-23,"CITIBANK, NATIONAL ASSOCIATION",LAS VEGAS,,,assistance,1
18708,2008-11-23,"CITICORP TRUST BANK, FSB",WILMINGTON,,,assistance,1
58180,2008-11-23,DEPARTMENT STORES NATIONAL BANK,SIOUX FALLS,,,assistance,1
30968,2008-11-21,"DOWNEY SAVINGS AND LOAN ASSOCIATION, F.A.",NEWPORT BEACH,,,failure,1
28344,2008-11-21,PFF BANK & TRUST,POMONA,,,failure,1
16490,2008-11-21,THE COMMUNITY BANK,LOGANVILLE,,,failure,1
26870,2008-11-07,"FRANKLIN BANK, SSB",HOUSTON,,,failure,1
23595,2008-11-07,SECURITY PACIFIC BANK,SAN DIEGO,,,failure,1
57930,2008-10-31,FREEDOM BANK,BRADENTON,,,failure,1
58241,2008-10-24,ALPHA BANK & TRUST,ALPHARETTA,,,failure,1
57654,2008-10-10,MAIN STREET BANK,NORTHVILLE,,,failure,1
13789,2008-10-10,MERIDIAN BANK,ELDRED,,,failure,1
32633,2008-09-25,WASHINGTON MUTUAL BANK,HENDERSON,,,failure,1
6782,2008-09-19,"AMERIBANK, INC.",NORTHFORK,,,failure,1
34194,2008-09-05,SILVER STATE BANK,HENDERSON,,,failure,1
35469,2008-08-29,INTEGRITY BANK,ALPHARETTA,,,failure,1
22728,2008-08-22,THE COLUMBIAN BANK AND TRUST COMPANY,TOPEKA,,,failure,1
57523,2008-08-01,FIRST PRIORITY BANK,BRADENTON,,,failure,1
57961,2008-07-25,FIRST HERITAGE BANK N.A.,NEWPORT BEACH,,,failure,1
27011,2008-07-25,FIRST NATIONAL BANK OF NEVADA,RENO,,,failure,1
29730,2008-07-11,INDYMAC BANK F.S.B,PASADENA,,,failure,1
12736,2008-05-30,"FIRST INTEGRITY BANK, N.A.",STAPLES,,,failure,1
33901,2008-05-09,ANB FINANCIAL NATIONAL ASSOCIATION,BENTONVILLE,,,failure,1
1971,2008-03-07,HUME BANK,HUME,,,failure,1
24660,2008-01-25,DOUGLASS NATIONAL BANK,KANSAS CITY,,,failure,1
16848,2007-10-04,MIAMI VALLEY BANK,LAKEVIEW,,,failure,1
32575,2007-09-28,NETBANK,ALPHARETTA,,,failure,1
35353,2007-02-02,METROPOLITAN SAVINGS BANK,PITTSBURGH,,,failure,1
1249,2004-06-25,BANK OF EPHRAIM,EPHRAIM,,,failure,1
26778,2004-03-19,RELIANCE BANK,WHITE PLAINS,,,failure,1
26838,2004-03-12,GUARANTY NATIONAL BANK,TALLAHASSEE,,,failure,1
31330,2004-02-14,DOLLAR SAVINGS BANK,NEWARK,,,failure,1
27203,2003-11-14,PULASKI SAVINGS BANK,PHILADELPHIA,,,failure,1
11639,2003-05-09,THE FIRST NATIONAL BANK OF BLANCHARDVILLE,BLANCHARDVILLE,,,failure,1
27094,2003-02-07,SOUTHERN PACIFIC BANK,TORRANCE,,,failure,1
16445,2002-12-17,THE FARMERS BANK & TRUST OF CHENEYVILLE,CHENEYVILLE,,,failure,1
9961,2002-11-08,BANK OF ALAMO,ALAMO,,,failure,1
33784,2002-09-30,AMTRADE INTERNATIONAL BANK OF GEORGIA,ATLANTA,,,failure,1
29355,2002-06-27,UNIVERSAL FSB,CHICAGO,,,failure,1
19183,2002-06-26,CONNECTICUT BANK OF COMMERCE,STAMFORD,,,failure,1
34979,2002-03-28,NEW CENTURY BANK,SHELBY TOWNSHIP,,,failure,1
26652,2002-03-01,NET FIRST NATIONAL BANK,BOCA RATON,,,failure,1
22314,2002-02-07,NEXTBANK,PHOENIX,,,failure,1
8966,2002-02-01,OAKWOOD DEPOSIT BANK,OAKWOOD,,,failure,1
22002,2002-01-18,BANK OF SIERRA BLANCA,SIERRA BLANCA,,,failure,1
24382,2002-01-11,"HAMILTON BANK, NATIONAL ASSOCIATION",MIAMI,,,failure,1
34248,2001-09-07,SINCLAIR NATIONAL BANK,GRAVETTE,,,failure,1
32646,2001-07-27,"SUPERIOR BANK, FSB",HINSDALE,,,failure,1
6629,2001-05-03,MALTA NATIONAL BANK,MALTA,,,failure,1
34264,2001-02-02,FIRST ALLIANCE BANK AND TRUST CO,MANCHESTER,,,failure,1
3815,2000-12-14,NATIONAL STATE BANK OF METROPOLIS,METROPOLIS,,,failure,1
21029,2000-10-13,BANK OF HONOLULU,HONOLULU,,,failure,1
338,2000-09-29,BANK OF FALKNER,FALKNER,,,failure,1
10985,2000-07-14,TOWN & COUNTRY BANK OF ALMELUND,ALMELUND,,,failure,1
25056,2000-06-02,MONUMENT NATIONAL BANK,RIDGECREST,,,failure,1
27886,2000-03-10,MUTUAL FEDERAL SAVINGS BANK OF ATLANTA,ATLANTA,,,failure,1
14228,2000-01-14,HARTFORD-CARLISLE SB,CARLISLE,,,failure,1
26748,1999-12-10,GOLDEN CITY COMMERCIAL BANK,NEW YORK,,,failure,1
27415,1999-11-22,PACIFIC THRIFT AND LOAN CO,WOODLAND HILLS,,,failure,1
18147,1999-09-10,PEOPLES NB OF COMMERCE,MIAMI,,,failure,1
6771,1999-09-01,FIRST NB OF KEYSTONE,KEYSTONE,,,failure,1
25272,1999-07-09,EAST TEXAS NB OF MARSHALL,MARSHALL,,,failure,1
32491,1999-07-09,"OCEANMARK BANK, A FSB",NORTH MIAMI BEACH,,,failure,1
13300,1999-04-23,ZIA NEW MEXICO BANK,TUCUMCARI,,,failure,1
17200,1999-03-26,VICTORY STATE BANK,COLUMBIA,,,failure,1
2174,1998-08-07,Q BANK,FORT BENTON,,,failure,1
91189,1998-07-23,BESTBANK,BOULDER,,,failure,1
14758,1998-04-09,OMNIBANK,RIVER ROUGE,,,failure,1
18338,1997-11-21,SOUTHWEST BANK,JENNINGS,,,failure,1
27072,1996-08-16,COMMONWEALTH THRIFT & LOAN,TORRANCE,,,failure,1
29236,1996-08-09,"UNION FEDERAL BANK, FSB",LOS ANGELES,,,failure,1
26431,1996-07-12,FAIRFIELD FIRST BANK & TRUST CO,SOUTHPORT,,,failure,1
3382,1996-06-14,FIRST NB OF THE PANHANDLE,PANHANDLE,,,failure,1
18662,1996-05-31,PEOPLE'S BANK & TRUST,BORGER,,,failure,1
27525,1996-03-08,METROBANK OF PHILADELPHIA,PHILADELPHIA,,,failure,1
26187,1995-07-28,FOUNDERS BANK,NEW HAVEN,,,failure,1
23319,1995-07-28,PACIFIC HERITAGE BANK,TORRANCE,,,failure,1
23751,1995-05-19,"BANK USA, N.A.","KIHEI, MAUI",,,failure,1
29781,1995-05-05,AMERICAN S & L ASSOCIATION,NEW YORK,,,failure,1
31899,1995-04-28,CONTINENTAL SAVINGS OF AMERICA,SAN FRANCISCO,,,failure,1
33190,1995-03-31,LOS ANGELES THRIFT AND LOAN COMPANY,LOS ANGELES,,,failure,1
3480,1995-03-03,FIRST TRUST BANK,ONTARIO,,,failure,1
24754,1995-01-20,GUARDIAN BANK,LOS ANGELES,,,failure,1
32374,1994-12-16,CORNERSTONE BANK FSB,MISSION VIEJO,,,failure,1
90230,1994-10-21,LUDLOW SAVINGS BANK,LUDLOW,,,failure,1
3432,1994-08-26,CAPITAL BANK,DOWNEY,,,failure,1
20637,1994-08-12,BANK OF NEWPORT,NEWPORT BEACH,,,failure,1
22796,1994-07-29,COMMERCE BANK,NEWPORT BEACH,,,failure,1
23157,1994-07-29,WESTERN COMMUNITY BANK,CORONA,,,failure,1
21922,1994-07-15,BANK OF SAN PEDRO,LOS ANGELES,,,failure,1
23448,1994-07-08,PIONEER BANK,FULLERTON,,,failure,1
20442,1994-07-07,THE MERIDEN TRUST AND SAFE DEPOSIT,MERIDEN,,,failure,1
26909,1994-06-10,THE BANK OF HARTFORD,HARTFORD,,,failure,1
31484,1994-06-03,"ENCINO SAVINGS BANK, FSB",ENCINO,,,failure,1
27027,1994-05-19,BARBARY COAST NATIONAL BANK,SAN FRANCISCO,,,failure,1
18332,1994-05-06,COMMERCIAL BANK AND TRUST COMPANY,LOWELL,,,failure,1
25678,1994-04-14,SUPERIOR NATIONAL BANK,KANSAS CITY,,,failure,1
19367,1994-04-01,MECHANICS NATIONAL BANK,PARAMOUNT,,,failure,1
26374,1993-11-05,CENTURY THRIFT AND LOAN,LOS ANGELES,,,failure,1
22815,1993-10-29,THE BANK OF SAN DIEGO,SAN DIEGO,,,failure,1
24452,1993-10-21,"MID CITY BANK, N.A.",BREA,,,failure,1
26995,1993-10-15,BRENTWOOD THRIFT AND LOAN ASSOCIATION,LOS ANGELES,,,failure,1
8446,1993-10-14,"PLAZA BANK, N.A. OF NEW BRAUNFELS",NEW BRAUNFELS,,,failure,1
24654,1993-09-24,WESTERN UNITED NATIONAL BANK,LOS ANGELES,,,failure,1
32229,1993-09-24,"WESTSIDE BANK, FSB",LOS ANGELES,,,failure,1
27174,1993-09-17,REGENT THRIFT AND LOAN ASSOCIATION,SAN FRANCISCO,,,failure,1
32136,1993-09-10,AMADOR VALLEY S & L,PLEASANTON,,,failure,1
23135,1993-08-27,MARITIME BANK OF CALIFORNIA,LOS ANGELES,,,failure,1
18220,1993-08-25,TARRANT BANK,FORT WORTH,,,failure,1
32228,1993-08-13,GOLDEN STATE FSB,IRVINE,,,failure,1
32728,1993-08-12,"NEW ATLANTIC BANK, NA",NORFOLK,,,failure,1
5592,1993-07-29,THE WOLFE CITY NATIONAL BANK,WOLFE CITY,,,failure,1
24757,1993-07-22,FIDELITY NATIONAL BANK,HOUSTON,,,failure,1
26495,1993-07-09,CITY THRIFT AND LOAN ASSOCIATION,LOS ANGELES,,,failure,1
26488,1993-07-09,FIRST CALIFORNIA BANK,LA MESA,,,failure,1
27268,1993-07-02,EMERALD CITY BANK,SEATTLE,,,failure,1
16335,1993-07-02,JEFFERSON BANK & TRUST,LAKEWOOD,,,failure,1
3733,1993-07-01,"EAGLE BANK OF CHAMPAIGN COUNTY, NATIONAL A",RANTOUL,,,failure,1
24846,1993-07-01,WESTHEIMER NATIONAL BANK,HOUSTON,,,failure,1
27307,1993-06-25,CITY NATIONAL BANK OF WASHINGTON,WASHINGTON,,,failure,1
21560,1993-06-18,AMERICAN BANK AND TRUST,SAN JOSE,,,failure,1
23183,1993-06-18,CAPITAL BANK OF CALIFORNIA,LOS ANGELES,,,failure,1
17963,1993-06-10,BANKCENTRAL AMARILLO,AMARILLO,,,failure,1
29671,1993-06-04,WESTERN FSB,MARINA DEL RAY,,,failure,1
18257,1993-05-21,NEW ENGLAND SAVINGS BANK,NEW LONDON,,,failure,1
23796,1993-05-21,PALOS VERDES NATIONAL BANK,ROLLING HILLS EST,,,failure,1
32731,1993-05-20,CROWN NATIONAL BANK,CHARLOTTE,,,failure,1
24653,1993-05-06,"WILSHIRE CENTER BANK,",LOS ANGELES,,,failure,1
25055,1993-04-30,AMERICAN COMMERCE NATIONAL BANK,ANAHEIM,,,failure,1
14787,1993-04-29,VALLEY NATIONAL BANK OF FREMONT,HAMBURG,,,failure,1
24676,1993-04-15,"FIRST WESTERN BANK, N.A.",SAN DIEGO,,,failure,1
23581,1993-04-08,PREMIER BANK,NORTHRIDGE,,,failure,1
24111,1993-04-02,COLLEGE BOULEVARD NATIONAL BANK,OVERLAND PARK,,,failure,1
19444,1993-04-02,MIDLAND BANK OF KANSAS,MISSION,,,failure,1
24564,1993-04-02,OLYMPIC NATIONAL BANK,LOS ANGELES,,,failure,1
27773,1993-04-02,PIONEER FS & LA,PRAIRIE VILLAGE,,,failure,1
11890,1993-04-01,FIRST STATE BANK,VEGA,,,failure,1
3295,1993-03-18,"UNITED BANK, N.A.",LANCASTER,,,failure,1
32238,1993-03-16,"THE GUARDIAN BANK, FSB",BOCA RATON,,,failure,1
23631,1993-03-04,"FIRST AMERICAN CAPITAL BANK, N.A",LAGUNA BEACH,,,failure,1
7135,1993-02-26,JEFFERSON NATIONAL BANK,WATERTOWN,,,failure,1
5499,1993-02-25,THE PLANTERS NB OF ROSEBUD,ROSEBUD,,,failure,1
17118,1993-02-05,AMERICAN BANK OF HALTOM CITY,HALTOM CITY,,,failure,1
6290,1993-01-29,FIRST NATIONAL BANK OF VERMONT,BRADFORD,,,failure,1
33186,1993-01-29,LIFE FSB,BATON ROUGE,,,failure,1
29892,1993-01-29,OLD STONE SB,PROVIDENCE,,,failure,1
32484,1993-01-29,VISTA FSA,CANOGA PARK,,,failure,1
24320,1993-01-22,COLUMBIA NATIONAL BANK,SANTA MONICA,,,failure,1
17428,1992-12-18,THE BREMEN STATE BANK,BREMEN,,,failure,1
4378,1992-12-18,THE RUSHVILLE NATIONAL BANK,RUSHVILLE,,,failure,1
19725,1992-12-11,EASTLAND BANK,WOONSOCKET,,,failure,1
16977,1992-12-11,EASTLAND SAVINGS BANK,WOONSOCKET,,,failure,1
15750,1992-12-11,MERITOR SAVINGS BANK,PHILADELPHIA,,,failure,1
25306,1992-12-11,SAILORS & MERCHANTS B&T CO.,VIENNA,,,failure,1
9015,1992-12-10,CITIZENS STATE BANK,PRINCETON,,,assistance,1
32244,1992-12-08,PALM BEACH FSA,PALM BEACH GARDEN,,,failure,1
18245,1992-12-04,BURRITT INTERFINANCIAL BANCORPORATION,NEW BRITAIN,,,failure,1
30080,1992-12-04,CARTERET FSB,MADISON,,,failure,1
21996,1992-12-04,HERITAGE BANK FOR SAVINGS,HOLYOKE,,,failure,1
26440,1992-12-04,HUNTINGTON PACIFIC THRIFT & LOAN,HUNTINGTON,,,failure,1
32339,1992-12-04,"SECOND NATIONAL, FSB",SALISBURY,,,failure,1
30217,1992-12-04,SECURITY FEDERAL,VINELAND,,,failure,1
29768,1992-11-20,CRESTLINE FS & LA,CRESTLINE,,,failure,1
27660,1992-11-20,IRVING FB FOR SAVINGS,CHICAGO,,,failure,1
28394,1992-11-20,POLIFLY FS & LA,NEW MILFORD,,,failure,1
15886,1992-11-20,THE MERCHANTS BANK,KANSAS CITY,,,failure,1
22073,1992-11-13,FIRST NEW YORK BANK FOR BUSINESS,NEW YORK,,,failure,1
17085,1992-11-13,GUARANTY-FIRST TRUST COMPANY,WALTHAM,,,failure,1
25721,1992-11-13,INVESTORS BANK AND TRUST COMPANY,GRETNA,,,failure,1
21199,1992-11-13,METRO NORTH STATE BANK,KANSAS CITY,,,failure,1
26656,1992-11-13,STATEWIDE THRIFT AND LOAN CO.,REDWOOD CITY,,,failure,1
30655,1992-11-13,THE OVERLAND PARK FS & LA,OVERLAND PARK,,,failure,1
30159,1992-11-06,"FIRST FSB OF GEORGIA, FA",WINDER,,,failure,1
27456,1992-11-06,"GREENWOOD BANK OF BETHEL, INC.",BETHEL,,,failure,1
17343,1992-10-30,"FIRST CITY, TEXAS - ALICE, NA",ALICE,,,failure,1
20029,1992-10-30,"FIRST CITY, TEXAS - ARANSAS PASS",ARANSAS PASS,,,failure,1
15721,1992-10-30,"FIRST CITY, TEXAS - AUSTIN, NA",AUSTIN,,,failure,1
3093,1992-10-30,"FIRST CITY, TEXAS - BEAUMONT, NA",BEAUMONT,,,failure,1
3120,1992-10-30,"FIRST CITY, TEXAS - BRYAN, NA",BRYAN,,,failure,1
21190,1992-10-30,"FIRST CITY, TEXAS - CORPUS CHRIS",CORPUS CHRISTI,,,failure,1
1722,1992-10-30,"FIRST CITY, TEXAS - DALLAS, NA",DALLAS,,,failure,1
16560,1992-10-30,"FIRST CITY, TEXAS - EL PASO, NA",EL PASO,,,failure,1
3227,1992-10-30,"FIRST CITY, TEXAS - GRAHAM, NA",GRAHAM,,,failure,1
13702,1992-10-30,"FIRST CITY, TEXAS - HOUSTON, NA",HOUSTON,,,failure,1
17299,1992-10-30,"FIRST CITY, TEXAS - KOUNTZE, NA",KOUNTZE,,,failure,1
16524,1992-10-30,"FIRST CITY, TEXAS - LAKE JACKSON",LAKE JACKSON,,,failure,1
3316,1992-10-30,"FIRST CITY, TEXAS - LUFKIN, NA",LUFKIN,,,failure,1
3318,1992-10-30,"FIRST CITY, TEXAS - MADISONVILLE",MADISONVILLE,,,failure,1
3344,1992-10-30,"FIRST CITY, TEXAS - MIDLAND, NA",MIDLAND,,,failure,1
3374,1992-10-30,"FIRST CITY, TEXAS - ORANGE, NA",ORANGE,,,failure,1
5506,1992-10-30,"FIRST CITY, TEXAS - SAN ANGELO,",SAN ANGELO,,,failure,1
24723,1992-10-30,"FIRST CITY, TEXAS - SAN ANTONIO",SAN ANTONIO,,,failure,1
11914,1992-10-30,"FIRST CITY, TEXAS - SOUR LAKE",SOUR LAKE,,,failure,1
5562,1992-10-30,"FIRST CITY, TEXAS - TYLER, NA",TYLER,,,failure,1
28218,1992-10-30,HOMESTEAD FSA,SAN FRANCISCO,,,failure,1
31543,1992-10-21,STANDARD FSB,GAITHERSBURG,,,failure,1
15579,1992-10-16,FREEDOM BANK,RANGER,,,assistance,1
31418,1992-10-16,SECURITY FS & LA,JACKSON,,,failure,1
22689,1992-10-16,UNIVERSAL BANK,LANHAM,,,failure,1
28998,1992-10-09,PEIDMONT FSA,MANASSAS,,,failure,1
22850,1992-10-02,"EASTWEST BANK, N.A.",KIHEI,,,failure,1
27160,1992-10-02,FIRST CONSTITUTION BANK,NEW HAVEN,,,failure,1
16146,1992-10-02,THE HOWARD SAVINGS BANK,NEWARK,,,failure,1
26844,1992-09-25,"HIGHLANDS COMMUNITY BANK, N.A.",CLINTON TOWNSHIP,,,failure,1
27416,1992-09-25,HOMETOWN BANK,EDISON,,,failure,1
27470,1992-09-24,FIRST EXCHANGE BANK OF LITTLE ROCK,LITTLE ROCK,,,failure,1
90266,1992-09-18,PLYMOUTH FIVE CENTS SAVINGS BANK,PLYMOUTH,,,failure,1
21181,1992-09-18,THE WASHINGTON BANK,FAIRFAX COUNTY,,,failure,1
5596,1992-09-10,THE FIRST NATIONAL BANK OF YORKTOWN,YORKTOWN,,,failure,1
32388,1992-08-28,POTOMAC FSB,SILVER SPRING,,,failure,1
18066,1992-08-28,SEACOAST SAVINGS BANK,DOVER,,,failure,1
15979,1992-08-28,THE UNION SAVINGS BANK,PATCHOGUE,,,failure,1
90257,1992-08-21,ATTLEBORO PAWTUCKET SB,PAWTUCKET,,,failure,1
28078,1992-08-21,BIRMINGHAM FSB,BIRMINGHAM,,,failure,1
90307,1992-08-14,WINCHENDON SAVINGS BANK,WINCHENDON,,,failure,1
32468,1992-08-07,CITADEL FS & LA,CHARLESTON,,,failure,1
20396,1992-08-07,FOXWORTH BANK,FOXWORTH,,,failure,1
18966,1992-07-31,MASSACHUSETTS BANK & TRUST CO.,BROCKTON,,,failure,1
29418,1992-07-24,FIRST RUSSELL COUNTY,PHENIX CITY,,,failure,1
26676,1992-07-23,FIRST NATIONAL BANK OF TEXAS,WEBSTER,,,failure,1
31931,1992-07-17,LIBERTY FSB,WARRENTON,,,failure,1
32444,1992-07-17,NEW ENGLAND FSA,WELLESLEY,,,failure,1
13383,1992-07-17,STATE BANK OF SPRINGFIELD,SPRINGFIELD,,,failure,1
30091,1992-07-10,HOME FSB,NORFOLK,,,failure,1
29724,1992-07-10,SOUTHERN FSA OF GEORGIA,ATLANTA,,,failure,1
28387,1992-07-10,"TRANSOHIO, FSB",CLEVELAND,,,failure,1
29234,1992-07-06,"HOMEFED BANK, FA",SAN DIEGO,,,failure,1
30285,1992-06-26,JACKSONVILLE FSA,JACKSONVILLE,,,failure,1
25918,1992-06-26,OLYMPIC INTERNATIONAL BANK & TRUST,BOSTON,,,failure,1
6251,1992-06-26,THE SOMERSWORTH BANK,SOMERSWORTH,,,failure,1
27402,1992-06-26,VERNON BANK,VERNON,,,failure,1
26420,1992-06-25,AMERICAN NATIONAL BANK - POST OAK,HOUSTON,,,failure,1
25063,1992-06-25,CASTLE HILLS NATIONAL BANK,SAN ANTONIO,,,failure,1
29541,1992-06-19,COASTAL FSB,NEW LONDON,,,failure,1
28250,1992-06-19,FIRST HOME FSA,PITTSBURGH,,,failure,1
32452,1992-06-19,FIRST NEWPORT FSB,NEWPORT BEACH,,,failure,1
21082,1992-06-12,AMERICAN INTERSTATE BANK,NEWPORT BEACH,,,failure,1
16017,1992-06-12,AMERICAN SAVINGS BANK,WHITE PLAINS,,,failure,1
29084,1992-06-12,CHEROKEE VALLEY FSA,CLEVELAND,,,failure,1
29855,1992-06-12,COLUMBIA BANKING FED.,ROCHESTER,,,failure,1
21997,1992-06-12,LANDMARK BANK FOR SAVINGS,WHITMAN,,,failure,1
16033,1992-06-12,RIVERHEAD SAVINGS BANK,RIVERHEAD,,,failure,1
31452,1992-06-12,SAN CLEMENTE FSB,SAN CLEMENTE,,,failure,1
28847,1992-06-05,"COOPER RIVER, FSA",NORTH CHARLESTON,,,failure,1
29595,1992-06-05,FIRST AMERICAN FSB,GREENSBORO,,,failure,1
32389,1992-06-05,REPUBLIC FSB,MATTESON,,,failure,1
27728,1992-06-05,VOLUNTEER FSA,LITTLE FERRY,,,failure,1
28867,1992-06-04,HOME UNITY FEDERAL,LAFAYETTE HILL,,,failure,1
26895,1992-06-04,MAYFAIR BANK,CHICAGO,,,failure,1
14909,1992-06-04,THE HOME STATE BANK,LONGTON,,,failure,1
27570,1992-05-29,NORTH AMERICAN THRIFT AND LOAN,CORONA DEL MAR,,,failure,1
26864,1992-05-29,WORKINGMEN'S CO-OPERATIVE BANK,BOSTON,,,failure,1
27001,1992-05-22,POWDER MILL BANK,MORRIS PLAINS,,,failure,1
29650,1992-05-21,FIRST FSA,LEWISTON,,,failure,1
8158,1992-05-15,MALDEN TRUST COMPANY,MALDEN,,,failure,1
26901,1992-05-08,BROOKFIELD BANK,BROOKFIELD,,,failure,1
31664,1992-05-08,SHENANDOAH FSA,MARTINSBURG,,,failure,1
32742,1992-05-07,FIRST EXCHANGE BANK NORTH ST. LOUIS,FLORISSANT,,,failure,1
26613,1992-05-07,FIRST EXCHANGE BANK OF  ST. LOUIS,ST. LOUIS,,,failure,1
24863,1992-05-07,FIRST EXCHANGE BANK OF CAPE GIRARDEAU,CAPE GIRARDEAU,,,failure,1
24242,1992-05-07,FIRST EXCHANGE BANK OF MADISON COUNTY,FREDERICKTOWN,,,failure,1
9380,1992-05-07,JACKSON EXCHANGE BANK & TRUST CO,JACKSON,,,failure,1
25059,1992-05-04,"THE FINANCIAL CENTER BANK, N.A.",SAN FRANCISCO,,,failure,1
21315,1992-05-01,"METROPOLITAN BANK, N.A.",WASHINGTON,,,failure,1
27853,1992-04-24,FIRST FSB OF SOUTH DAKOTA,RAPID CITY,,,failure,1
32186,1992-04-24,FIRST SOUTH SB,COLUMBIA,,,failure,1
27002,1992-04-24,SHORE BANK & TRUST CO.,LYNN,,,failure,1
90170,1992-04-24,SOUTHSTATE BANK FOR SAVINGS,BROCKTON,,,failure,1
26971,1992-04-24,THE NORWALK BANK,NORWALK,,,failure,1
23865,1992-04-24,VALLEY COMMERCIAL BANK,STOCKTON,,,failure,1
32639,1992-04-10,FEDERAL SA OF VIRGINIA,FALLS CHURCH,,,failure,1
29222,1992-04-10,SECURITY FIRST FS & LA,DAYTONA BEACH,,,failure,1
31768,1992-04-10,VALLEY FS & LA,VAN NUYS,,,failure,1
23860,1992-04-09,FAIRFIELD COUNTY TRUST COMPANY,STAMFORD,,,failure,1
20413,1992-04-09,RED BIRD BANK OF DALLAS,DALLAS,,,failure,1
31453,1992-04-03,COMMONWEALTH FSB,MANASSAS,,,failure,1
29584,1992-04-03,FIRST STATE SA,SEDALIA,,,failure,1
26447,1992-04-03,SUMMIT NATIONAL BANK,TORRINGTON,,,failure,1
22414,1992-04-03,THE BANK OF BEVERLY HILLS,BEVERLY HILLS,,,failure,1
27146,1992-03-31,FIRST COMMUNITY BANK OF CHEROKEE,WOODSTOCK,,,failure,1
30826,1992-03-27,FLAGLER FS & LA,MIAMI,,,failure,1
24633,1992-03-27,PLACER BANK OF COMMERCE,ROSEVILLE,,,failure,1
17778,1992-03-27,VANGUARD SAVINGS BANK,HOLYOKE,,,failure,1
20284,1992-03-26,AMERICAN  BANK OF COMMERCE,OKLAHOMA CITY,,,failure,1
32762,1992-03-26,THEODORE ROOSEVELT NATIONAL BANK,WASHINGTON,,,failure,1
23289,1992-03-20,THE BANK FOR SAVINGS,MALDEN,,,failure,1
23855,1992-03-20,"UNITED MERCANTILE B & T CO, N.A.",PASADENA,,,failure,1
10668,1992-03-19,FARMERS & MERCHANTS BANK,TRYON,,,failure,1
24793,1992-03-19,INDEPENDENCE BANK,PLANO,,,failure,1
23633,1992-03-19,SOUTHSIDE NATIONAL BANK,NACOGDOCHES,,,failure,1
19801,1992-03-16,FIRST SECURITY BANK OF ANACONDA,ANACONDA,,,failure,1
15000,1992-03-13,BROADWAY BANK,PATERSON,,,failure,1
29530,1992-03-13,CARROLTON HOME,NEW ORLEANS,,,failure,1
29158,1992-03-13,"FIRST OHIO SB, FSB",ST. BERNARD,,,failure,1
24601,1992-03-12,PROGRESSIVE NATIONAL BANK OF RAYNE,RAYNE,,,failure,1
30852,1992-03-12,UKRANIAN FS & LA,PHILADELPHIA,,,failure,1
27092,1992-03-06,NEW HERITAGE BANK,LAWRENCE,,,failure,1
31238,1992-02-28,ALPHA INDIAN ROCK FS & LA,PHILADELPHIA,,,failure,1
26364,1992-02-28,COLONY SAVINGS BANK,WALLINGFORD,,,failure,1
28588,1992-02-28,IRVINGTON FSB,GLEN BURNIE,,,failure,1
30999,1992-02-28,LEMONT FSA,LEMONT,,,failure,1
23455,1992-02-28,MISSION VIEJO NATIONAL BANK,MISSION VIEJO,,,failure,1
32383,1992-02-28,VISTA FSA,RESTON,,,failure,1
25907,1992-02-27,COLUMBIA BANK,AVONDALE,,,failure,1
15897,1992-02-21,DOLLAR DRY DOCK BANK,WHITE PLAINS,,,failure,1
25882,1992-02-21,NATIONAL CITY BANK,CORAL SPRINGS,,,failure,1
27309,1992-02-21,THE BANK OF BRANDYWINE VALLEY,WEST CHESTER,,,failure,1
90226,1992-02-14,THE CENTRAL SAVINGS BANK,LOWELL,,,failure,1
16377,1992-02-07,KEMPTON STATE BANK,KEMPTON,,,failure,1
27213,1992-02-07,MERCHANTS NATIONAL BANK,FORT MYERS,,,failure,1
30265,1992-02-07,"UNITED SAVINGS OF AMERICA, FA",MELBOURNE,,,failure,1
25146,1992-02-06,LANDMARK BANK OF FORTH WORTH,FORT WORTH,,,failure,1
26945,1992-01-31,FOUNTAIN BANK,SCOTTSDALE,,,failure,1
29518,1992-01-31,PELICAN HOMESTEAD SA,METAIRIE,,,failure,1
30582,1992-01-31,SECURITY FSA,PANAMA CITY,,,failure,1
27000,1992-01-31,SENTINEL BANK,HARTFORD,,,failure,1
25878,1992-01-30,ATLANTIC TRUST COMPANY,NEWINGTON,,,failure,1
18675,1992-01-30,INDEPENDENCE BANK,LOS ANGELES,,,failure,1
32210,1992-01-24,ADVANCED FSB,NORTHRIDGE,,,failure,1
7052,1992-01-24,AMERICAN NATIONAL BANK OF NEW YORK,FLEISCHMANNS,,,failure,1
26468,1992-01-24,"BANCO NACIONAL, NATIONAL ASSOCIATION",SAN JUAN,,,failure,1
16013,1992-01-24,"CROSSLAND SAVINGS BANK, FSB",BROOKLYN,,,failure,1
11138,1992-01-23,FIRST STATE BANK,BANGS,,,failure,1
26954,1992-01-16,THE BANK OF VERDE VALLEY,COTTONWOOD,,,failure,1
31024,1992-01-10,HANSEN FSA,HAMMONTON,,,failure,1
32258,1992-01-10,HANSEN FSB,PALM BEACH GARDEN,,,failure,1
31231,1992-01-10,PERPETUAL SAVINGS BANK,VIENNA,,,failure,1
18720,1992-01-10,THE CITIZENS BANK,DALLAS,,,failure,1
26493,1992-01-03,ASSURED THRIFT AND LOAN ASSOCIATION,STOCKTON,,,failure,1
21113,1991-12-20,NORTH RIDGE BANK,OAKLAND PARK,,,failure,1
27151,1991-12-13,BANK OF EAST HARTFORD,EAST HARTFORD,,,failure,1
26241,1991-12-13,"FEDERAL FINANCE & MORTGAGE, LTD",HONOLULU,,,failure,1
31724,1991-12-13,INVESTORS FSB,RICHMOND,,,failure,1
2599,1991-12-13,MERCHANTS NATIONAL BANK,LEOMINSTER,,,failure,1
17048,1991-12-13,THE BANK MART,BRIDGEPORT,,,failure,1
26585,1991-12-12,GRANITE CO-OPERATIVE BANK,QUINCY,,,failure,1
25128,1991-12-06,SAYBROOK BANK AND TRUST COMPANY,OLD SAYBROOK,,,failure,1
24660,1991-12-04,THE DOUGLASS BANK,KANSAS CITY,,,assistance,1
26274,1991-11-26,FIRST NATIONAL BANK OF MIAMI,MIAMI,,,failure,1
30324,1991-11-22,CHASE SAVINGS & LOAN,PHILADELPHIA,,,failure,1
28295,1991-11-22,PEOPLES FSA,OTTUMWA,,,failure,1
28446,1991-11-22,WESTERN FS & LA,CLENVIEW,,,failure,1
30665,1991-11-22,WHITE HORSE FS & LA,TRENTON,,,failure,1
16927,1991-11-15,DURHAM TRUST COMPANY,DURHAM,,,failure,1
25898,1991-11-14,ALVARADO NATIONAL BANK,ALVARADO,,,failure,1
18239,1991-11-14,CONNECTICUT SAVINGS BANK,NEW HAVEN,,,failure,1
12124,1991-11-14,WORTHINGTON STATE BANK,WORTHINGTON,,,failure,1
32543,1991-11-08,COBB FSA,MARIETTA,,,failure,1
32143,1991-11-08,DELTA FSB,WESTMINSTER,,,failure,1
19519,1991-11-07,COMMUNITY NATIONAL BANK AND TRUST,NEW YORK,,,failure,1
30027,1991-11-01,MARINE VIEW FSB,MIDDLETOWN,,,failure,1
15514,1991-10-31,UNION BANK,SAN ANTONIO,,,failure,1
22824,1991-10-30,BANK OF THE SOUTH,BATON ROUGE,,,failure,1
26695,1991-10-29,"THE PRIVATE BANK & TRUST, NATION",MIAMI,,,failure,1
18317,1991-10-25,COOLIDGE BANK AND TRUST COMPANY,BOSTON,,,failure,1
26561,1991-10-25,FIRST HANOVER BANK,WILMINGTON,,,failure,1
10413,1991-10-25,THE CITIZENS BANK OF PAGOSA SPRINGS,PAGOSA SPRINGS,,,failure,1
25837,1991-10-24,"FIRST NATIONAL BANK, BEDFORD",BEDFORD,,,failure,1
17822,1991-10-18,CENTRAL BANK,MERIDEN,,,failure,1
27373,1991-10-18,CONNECTICUT VALLEY BANK,CROMWELL,,,failure,1
24565,1991-10-18,"MISSION VALLEY BANK, NATIONAL ASSOC",SAN CLEMENTE,,,failure,1
32615,1991-10-16,CITIZENS FSA,JACKSONVILLE,,,failure,1
29342,1991-10-16,FIRST FS & LA,PONTIAC,,,failure,1
32090,1991-10-13,OAKTREE FEDERAL SAVINGS,NEW ORLEANS,,,failure,1
29191,1991-10-11,FIRST FEDERAL SAVINGS,LUBBOCK,,,failure,1
17189,1991-10-11,IONA SAVINGS BANK,TILTON,,,failure,1
31990,1991-10-11,LIFE FSB,CLEARWATER,,,failure,1
28763,1991-10-11,"THE FIRST, FEDERAL ASSOCIATION",ORLANDO,,,failure,1
17178,1991-10-10,AMOSKEAG BANK,MANCHESTER,,,failure,1
17879,1991-10-10,"BANK MERIDIAN, NATIONAL ASSOCIATION",HAMPTON,,,failure,1
15952,1991-10-10,BANKEAST,MANCHESTER,,,failure,1
26700,1991-10-10,DARTMOUTH BANK,MANCHESTER,,,failure,1
28946,1991-10-10,HOMEBANK FSA,GILFORD,,,failure,1
11486,1991-10-10,NASHUA TRUST COMPANY,NASHUA,,,failure,1
27287,1991-10-10,NEW HAMPSHIRE SAVINGS BANK,CONCORD,,,failure,1
17237,1991-10-10,"NUMERICA SAVINGS BANK, FSB",MANCHESTER,,,failure,1
26815,1991-10-03,HARBOR NATIONAL BANK OF CONNECTICUT,BRANFORD,,,failure,1
20027,1991-10-03,REAGAN STATE BANK,BIG LAKE,,,failure,1
11259,1991-10-02,THE GUNNISON BANK & TRUST CO.,GUNNISON,,,assistance,1
29563,1991-09-27,EASTERN FS & LA OF SAYVILLE,SAYVILLE,,,failure,1
27633,1991-09-27,FIRST FEDERAL SAVINGS,BEAUMONT,,,failure,1
32400,1991-09-27,GOLD RIVER SB,FAIR OAKS,,,failure,1
29092,1991-09-27,HOME FS & LA OF HARLAN,HARLAN,,,failure,1
26843,1991-09-27,MIDCOUNTY BANK AND TRUST COMPANY,NORWOOD,,,failure,1
28742,1991-09-27,NUTLEY SAVINGS & LOAN,NUTLEY,,,failure,1
29460,1991-09-27,PLYMOUTH FSA,PLYMOUTH,,,failure,1
27867,1991-09-27,SANTA PAULA S & LA,SANTA PAULA,,,failure,1
27962,1991-09-27,UNITED SAVINGS OF AMERICA,CHICAGO,,,failure,1
24502,1991-09-20,BANK FIVE FOR SAVINGS,ARLINGTON,,,failure,1
26946,1991-09-20,MID-JERSEY NATIONAL BANK,SOMERVILLE,,,failure,1
28889,1991-09-19,ABRAHAM LINCOLN FSA,DRESHER,,,failure,1
16944,1991-09-19,SOUTHEAST BANK OF WEST FLORIDA,PENSACOLA,,,failure,1
3575,1991-09-19,"SOUTHEAST BANK, NATIONAL ASSOCIATION",MIAMI,,,failure,1
19591,1991-09-16,FIRST BANK AND TRUST,HARRISBURG,,,assistance,1
32224,1991-09-13,DAVY CROCKETT FS & LA,CROCKETT,,,failure,1
28177,1991-09-13,EVERGREEN FS & LA,CHARLESTON,,,failure,1
26924,1991-09-13,VALLEY BANK,WHITE RIVER JUNCTION,,,failure,1
32454,1991-09-06,BAY FSB,WEST PALM BEACH,,,failure,1
32023,1991-09-06,HEARTLAND S & LA,LA MESA,,,failure,1
18242,1991-09-06,SUFFIELD BANK,SUFFIELD,,,failure,1
23679,1991-09-06,THE FAMILY BANK AND TRUST,ALLENSTOWN,,,failure,1
29411,1991-09-06,UNITED HOME FEDERAL,TOLEDO,,,failure,1
27862,1991-08-30,FUTURE FEDERAL SAVINGS BANK,LOUISVILLE,,,failure,1
26792,1991-08-30,HILLSBOROUGH BANK AND TRUST CO,MILFORD,,,failure,1
26273,1991-08-30,HILTON HEAD BANK & TRUST COMPANY,HILTON HEAD ISLAND,,,failure,1
31588,1991-08-30,HOMESTEAD FSA,MIDDLETOWN,,,failure,1
90228,1991-08-30,LOWELL INSTITUTION FOR SAVINGS,LOWELL,,,failure,1
30961,1991-08-30,UNITED FSB,PRESTONSBURG,,,failure,1
14804,1991-08-29,FIRST NATIONAL BANK AND TRUST CO,BLACKWELL,,,failure,1
5519,1991-08-29,THE SAN SABA NATIONAL BANK,SAN SABA,,,failure,1
27842,1991-08-23,FIRST FS & LA,MT. VERNON,,,failure,1
27693,1991-08-23,MERCHANTS & MECHANICS FSB,SPRINGFIELD,,,failure,1
27657,1991-08-23,NEW AGE FSA,ST. LOUIS,,,failure,1
14421,1991-08-22,BUCHEL BANK & TRUST CO.,CUERO,,,failure,1
15379,1991-08-22,FIRST MEXIA BANK,MEXIA,,,failure,1
32252,1991-08-16,"CENTRE SA, FA",ARLINGTON,,,failure,1
27463,1991-08-16,ENFIELD NATIONAL BANK,ENFIELD,,,failure,1
32249,1991-08-16,FIRST AMERICAN FSB,TUCSON,,,failure,1
22016,1991-08-16,NORTHWEST NATIONAL BANK,FAYETTEVILLE,,,failure,1
22908,1991-08-09,BANK OF SOUTH PALM BEACHES,HYPOLUXO,,,failure,1
2531,1991-08-09,CITYTRUST,BRIDGEPORT,,,failure,1
29041,1991-08-09,FIRST FS & LA OF THIEF RIVER FALLS,THIEF RIVER FALLS,,,failure,1
28041,1991-08-09,GREAT AMERICAN FSA,SAN DIEGO,,,failure,1
28587,1991-08-09,LARCHMONT FS & LA,LARCHMONT,,,failure,1
18256,1991-08-09,MECHANICS AND FARMERS SAVINGS BANK,BRIDGEPORT,,,failure,1
21605,1991-08-09,SOUTHCOAST BANK CORPORATION,WEST PALM BEACH,,,failure,1
32438,1991-08-02,CORAL COAST FSB,BOYNTON BEACH,,,failure,1
27618,1991-08-02,STANDARD FS & LA,COLUMBIA,,,failure,1
32301,1991-07-26,ATLANTIC FINANCIAL FSB,SAN FRANCISCO,,,failure,1
27157,1991-07-26,SUBURBAN NATIONAL BANK,HILLSBOROUGH TWNS,,,failure,1
22325,1991-07-26,THE HOUSATONIC BANK & TRUST CO,ANSONIA,,,failure,1
29498,1991-07-26,WESTLAND FS & LA,RAWLINS,,,failure,1
3283,1991-07-25,THE KERENS BANK,KERENS,,,failure,1
30010,1991-07-19,CLINTON S & LA,CLINTON,,,failure,1
26331,1991-07-19,COMMUNITY GUARDIAN BANK,ELMWOOD PARK,,,failure,1
30545,1991-07-19,COOPERATIVE FSB,WESTMONT,,,failure,1
32494,1991-07-19,NEW METROPOLITAN FSB,HIALEAH,,,failure,1
20960,1991-07-19,PONTCHARTRAIN STATE BANK,METAIRIE,,,failure,1
27825,1991-07-12,DANBURRY SAVINGS & LOAN,DANBURY,,,failure,1
23882,1991-07-12,DRIPPING SPRINGS NATIONAL BANK,DRIPPING SPRINGS,,,failure,1
32223,1991-07-12,FIDELITY FS & LA,AUSTIN,,,failure,1
25592,1991-07-12,LANDMARK THRIFT AND LOAN ASSOCIATION,SAN DIEGO,,,failure,1
29295,1991-07-12,MONYCOR SAVINGS BANK,BARRON,,,failure,1
31800,1991-07-12,PAN AMERICAN FSB,SAN MATEO,,,failure,1
32566,1991-07-09,SURETY FS & LA,MORGANTON,,,failure,1
17795,1991-06-28,FIRST MUTUAL BANK FOR SAVINGS,BOSTON,,,failure,1
30758,1991-06-28,METROBANK FS & LA,PALISADES PARK,,,failure,1
28786,1991-06-28,UNITED FS & LA,JONESBORO,,,failure,1
26659,1991-06-21,BEACON CO-OPERATIVE BANK,BOSTON,,,failure,1
32179,1991-06-21,GUARDIAN FSA,HUNTINGTON BEACH,,,failure,1
31276,1991-06-14,"FIRST COMMERCE SB, FSB",LOWELL,,,failure,1
30538,1991-06-14,SPRINGFIELD FSLA,SPRINGFIELD,,,failure,1
23039,1991-06-13,PEOPLES BANK,HEWITT,,,failure,1
19012,1991-06-13,TASCOSA NATIONAL BANK OF AMARILLO,AMARILLO,,,failure,1
27274,1991-06-13,"TEXAS PREMIER BANK OF VICTORIA, NATIONAL A",VICTORIA,,,failure,1
17681,1991-06-13,THE BANK OF HORTON,HORTON,,,failure,1
28161,1991-06-07,DRYADES S & LA,NEW ORLEANS,,,failure,1
90310,1991-06-07,WOBURN FIVE CENTS SAVINGS BANK,WOBURN,,,failure,1
25142,1991-06-06,"NORTHWEST BANK, NATIONAL ASSOCIATION",SAN ANTONIO,,,failure,1
32126,1991-05-31,BURLESON COUNTY SAVINGS ASSOC.,CALDWELL,,,failure,1
31363,1991-05-31,ENTERPRISE S&LA,COMPTON,,,failure,1
15963,1991-05-31,GOLDOME,BUFFALO,,,failure,1
31168,1991-05-31,GOLDOME FSB,ST. PETERSBURG,,,failure,1
32592,1991-05-31,MERABANK TEXAS,EL PASO,,,failure,1
31274,1991-05-31,UNITED FS & LA,SMYRNA,,,failure,1
10544,1991-05-31,"UNIVERSITY BANK, NATIONAL ASSOCIATION",NEWTON,,,failure,1
28019,1991-05-31,WESTERLEIGH SAVINGS,STATEN ISLAND,,,failure,1
27380,1991-05-24,FIRST SECURITY BANK,ROANOKE,,,failure,1
20753,1991-05-24,FLORIDA STATE BANK,HOLIDAY,,,failure,1
31436,1991-05-24,PROGRESSIVE SAVINGS BANK,PASADENA,,,failure,1
29202,1991-05-23,FAR WEST FSB,PORTLAND,,,failure,1
16544,1991-05-23,LIBERTY NATIONAL BANK,LOVINGTON,,,failure,1
6499,1991-05-22,THE FIRST NATIONAL BANK OF TOMS RIVER,TOMS RIVER,,,failure,1
29002,1991-05-17,ALTUS FSB,MOBILE,,,failure,1
22504,1991-05-17,FIRST CITY BANK,NEW ORLEANS,,,failure,1
29795,1991-05-17,LUDINGTON FSB,LUDINGTON,,,failure,1
15404,1991-05-17,THE COSMOPOLITAN NATIONAL BANK OF CHICAGO,CHICAGO,,,failure,1
19935,1991-05-16,CAPITAL BANK,DALLAS,,,failure,1
27131,1991-05-16,FIRST NATIONAL BANK OF CEDAR HILL,CEDAR HILL,,,failure,1
28523,1991-05-10,CAPITOL FEDERAL BANK FOR SAVINGS,CHICAGO,,,failure,1
32537,1991-05-10,COLONIAL FSB,CRANSTON,,,failure,1
28885,1991-05-10,FIRST FS & LA OF CRESTON,CRESTON,,,failure,1
28265,1991-05-10,FIRST FS & LA OF FARGO,FARGO,,,failure,1
30782,1991-05-10,FIRST FSA OF NEWTON,NEWTON,,,failure,1
32100,1991-05-10,GUARANTY FSA,WARNER ROBINS,,,failure,1
18960,1991-05-10,MADISON NATIONAL BANK,WASHINGTON,,,failure,1
20210,1991-05-10,MADISON NATIONAL BANK OF VIRGINIA,MCLEAN,,,failure,1
27418,1991-05-10,THE WASHINGTON BANK (OF MARYLAND),BALTIMORE,,,failure,1
31552,1991-05-10,VERMILION FSB,ABBEVILLE,,,failure,1
8441,1991-05-09,CHIRENO STATE BANK,CHIRENO,,,failure,1
18709,1991-05-09,TEXAS BANK AND TRUST OF TEMPLE,TEMPLE,,,failure,1
3397,1991-05-09,THE FIRST NATIONAL BANK OF POTH,POTH,,,failure,1
25736,1991-05-09,VILLAGE GREEN NATIONAL BANK,JERSEY VILLAGE,,,failure,1
26791,1991-05-03,BOSTON TRADE BANK,BOSTON,,,failure,1
30370,1991-05-03,CENTURY FEDERAL SAVINGS,CHICAGO,,,failure,1
28975,1991-05-03,FIRST FS & LA OF PITTSBURG,PITTSBURG,,,failure,1
30686,1991-05-03,"LIBERTY SB, FSB",MARIETTA,,,failure,1
31179,1991-05-03,"NEWTON SAVINGS BANK, FSA",FAIRFIELD,,,failure,1
32412,1991-05-03,SECURITY FS & LA OF ALBUQUERQUE,ALBUQUERQUE,,,failure,1
30413,1991-05-03,SENTRY FSA,NORFOLK,,,failure,1
29819,1991-04-26,AUGUSTA FSA,BALTIMORE,,,failure,1
23217,1991-04-26,COLUMBINE VALLEY BANK AND TRUST,JEFFERSON COUNTY,,,failure,1
32202,1991-04-26,"EXECUTIVE SB, FSB",MARINA DEL REY,,,failure,1
29588,1991-04-26,"HOME FS & LA, FA",ALGONA,,,failure,1
32380,1991-04-26,JOHN HANSON FSB,BELTSVILLE,,,failure,1
32605,1991-04-26,RED RIVER FS & LA,LAWTON,,,failure,1
32598,1991-04-26,SUNBELT SAVINGS,IRVING,,,failure,1
32603,1991-04-19,CHISHOLM FS & LA,KINGFISHER,,,failure,1
32596,1991-04-19,CIMARRON FEDERAL SAVINGS,MUSKOGEE,,,failure,1
31914,1991-04-19,MERCANTILE SAVINGS BANK,SOUTHAVEN,,,failure,1
30392,1991-04-19,METROPOLITAN FS & LA,NASHVILLE,,,failure,1
29844,1991-04-19,"PROSPECT PARK, FSB",WEST PATERSON,,,failure,1
25120,1991-04-18,COMMUNITY NATIONAL BANK,SHERMAN,,,failure,1
23487,1991-04-12,ARIZONA COMMERCE BANK,TUCSON,,,failure,1
32054,1991-04-12,SECURITY SAVINGS & LOAN,WATERBURY,,,failure,1
27315,1991-04-12,WHITNEY BANK AND TRUST,HAMDEN,,,failure,1
18723,1991-04-11,AMERICAN BANK & TRUST COMPANY,SHREVEPORT,,,failure,1
28347,1991-04-05,COLUMBIA FSA OF HAMILTON,HAMILTON,,,failure,1
31270,1991-04-05,"FIRST FEDERAL SB, FSB",ASHBURN,,,failure,1
29417,1991-04-05,FIRST FS & LA OF SEMINOLE CO.,SANFORD,,,failure,1
30361,1991-04-05,FIRST SAVINGS OF ZION,ZION,,,failure,1
19612,1991-04-05,THE BLUEVILLE BANK OF GRAFTON,GRAFTON,,,failure,1
11576,1991-04-04,FIRST STATE BANK,WEIMAR,,,failure,1
24043,1991-03-29,CITIZENS NATIONAL BANK,LIMON,,,failure,1
22487,1991-03-29,CITY BANK AND TRUST,CLAREMONT,,,failure,1
25817,1991-03-28,THE LANDMARK BANK,HARTFORD,,,failure,1
32095,1991-03-27,"COUNTY BANK, FSB",SANTA BARBARA,,,failure,1
31648,1991-03-22,AMERICAN FEDERAL BANK,ADA,,,failure,1
32175,1991-03-22,CITIZENS SECURITY BANK,BORGER,,,failure,1
28605,1991-03-22,FIRST FSA OF CHICKASHA,CHICKASHA,,,failure,1
32563,1991-03-22,"REPUBLIC SB, FSB",ROCKVILLE,,,failure,1
28512,1991-03-22,STATE SAVINGS,JACKSON HEIGHTS,,,failure,1
30940,1991-03-22,"THE FEDERAL SB, FSB",SWAINSBORO,,,failure,1
29287,1991-03-22,UNITED FSA OF IOWA,DES MOINES,,,failure,1
10331,1991-03-21,CITADEL BANK,WILLIS,,,failure,1
11185,1991-03-21,SABINAL BANK,SABINAL,,,failure,1
28683,1991-03-15,AMERIFIRST FEDERAL SAVINGS,MIAMI,,,failure,1
29716,1991-03-15,ARCANIUM FSA,ARCANUM,,,failure,1
28791,1991-03-15,BELL FEDERAL SAVINGS,UPPER DARBY,,,failure,1
29083,1991-03-15,HOME SAVINGS ASSOCIATION,KANSAS CITY,,,failure,1
32514,1991-03-15,SOVEREIGN SB,PALM HARBOR,,,failure,1
27003,1991-03-15,THE BLACKSTONE BANK AND TRUST CO,BOSTON,,,failure,1
26557,1991-03-14,COOLIDGE CORNER CO-OPERATIVE BANK,BROOKLINE,,,failure,1
18844,1991-03-14,CROSSROADS BANK,VICTORIA,,,failure,1
30139,1991-03-08,ALEXANDER HAMILTON,PATERSON,,,failure,1
29036,1991-03-08,BEACON FEDERAL SAVINGS,BALDWIN,,,failure,1
31454,1991-03-08,FIRST CITIZENS SLA,FORT PIERCE,,,failure,1
29019,1991-03-08,FIRST FSA OF WEWOKA,WEWOKA,,,failure,1
30960,1991-03-08,FIRST FSB,HURON,,,failure,1
24831,1991-03-08,FIRST MARINE BANK OF FLORIDA,PALM CITY,,,failure,1
28827,1991-03-08,JEFFERSON FEDERAL SA,BIRMINGHAM,,,failure,1
24588,1991-03-08,MANILABANK,LOS ANGELES,,,failure,1
32340,1991-03-08,PREFFERED SAVINGS AND LOAN,HIGH POINT,,,failure,1
25145,1991-03-08,SEAFIRST BANK,PORT ST. LUCIE,,,failure,1
32235,1991-03-01,AMERIFIED SAVINGS BANK,LAWRENCEVILLE,,,failure,1
29643,1991-03-01,PEOPLES FEDERAL S & L ASSOC.,NEW KENSINGTON,,,failure,1
17806,1991-02-28,"UNITED CITIZENS BANK, NATIONAL ASSOC",COLLEGE STATION,,,failure,1
31206,1991-02-22,FIRST FS & LA,DALLAS,,,failure,1
29015,1991-02-22,HOLLYWOOD FSB,HOLLYWOOD,,,failure,1
27170,1991-02-22,THE MCKINLEY BANK,NILES,,,failure,1
21985,1991-02-21,SOUTHWEST NATIONAL BANK,ALBUQUERQUE,,,failure,1
29370,1991-02-20,FIRST NORTHERN COOP,KEENE,,,failure,1
16965,1991-02-14,MERCHANTS TRUST & SAVINGS BANK,KENNER,,,failure,1
5594,1991-02-14,THE FIRST NATIONAL BANK OF WORTH,WORTHAM,,,failure,1
31719,1991-02-08,FAMILY S & LA,SEATTLE,,,failure,1
29585,1991-02-08,FIRST FSA OF WAYNESBORO,WAYNESBORO,,,failure,1
28150,1991-02-08,FIRST JERSEY S & LA ASSOC.,WYCKOFF,,,failure,1
29946,1991-02-08,PEOPLES FEDERAL SAVINGS BANK,BAY ST. LOUIS,,,failure,1
32114,1991-02-08,UNITY FS & LA,BEVERLY HILLS,,,failure,1
22080,1991-02-07,FIRST NATIONAL BANK IN KAUFMAN,KAUFMAN,,,failure,1
17850,1991-02-07,LOCKHART STATE BANK,LOCKHART,,,failure,1
31654,1991-02-01,COREAST FSB,RICHMOND,,,failure,1
29422,1991-02-01,FIRST FEDERAL SAVINGS OF TOLEDO,TOLEDO,,,failure,1
31859,1991-02-01,GEORGE WASHINGTON FSA,JONESBOROUGH,,,failure,1
17721,1991-02-01,MAINE SAVINGS BANK,PORTLAND,,,failure,1
11272,1991-02-01,THE MERCHANTS BANK AND TRUST CO,NORWALK,,,failure,1
20579,1991-01-31,BANK OF THE HILLS,AUSTIN,,,failure,1
25815,1991-01-31,"ROCKPORT BANK, NATIONAL ASSOCIATION",ARANSAS COUNTY,,,failure,1
16428,1991-01-29,CITIZENS NATIONAL BANK AND TRUST,CHICAGO,,,failure,1
24568,1991-01-25,ALVARADO BANK,RICHMOND,,,failure,1
30169,1991-01-25,CENTER S & LA,CLIFTON,,,failure,1
31062,1991-01-25,COLUMBIA SAVINGS & LOAN ASSN.,BEVERLY HILLS,,,failure,1
32523,1991-01-25,CORAL S & LA,CORAL SPRINGS,,,failure,1
31703,1991-01-25,TRUSTBANK FSB,TYSONS CORNER,,,failure,1
23461,1991-01-24,METROPOLITAN NATIONAL BANK,FARMERS BRANCH,,,failure,1
23221,1991-01-22,"AMERICAN BANK, NATIONAL ASSOCIATION",RIO RANCHO,,,failure,1
32332,1991-01-18,BEACH FEDERAL SAVINGS ASSOC.,FOUNTAIN VALLEY,,,failure,1
30138,1991-01-18,IRVING SAVINGS & LOAN,PATERSON,,,failure,1
26302,1991-01-11,COMMUNITY NATIONAL BANK,GLASTONBURY,,,failure,1
31560,1991-01-11,CONNECTICUT SAVINGS AND LOAN,HARTFORD,,,failure,1
28292,1991-01-11,FAR WEST SAVINGS & LOAN,NEWPORT BEACH,,,failure,1
32134,1991-01-11,MALIBU SB,COSTA MESA,,,failure,1
2560,1991-01-06,"BANK OF NEW ENGLAND, NATIONAL ASSOC",BOSTON,,,failure,1
4275,1991-01-06,MAINE NATIONAL BANK,PORTLAND,,,failure,1
2545,1991-01-06,THE CONNECTICUT BANK & TRUST CO,HARTFORD,,,failure,1
29638,1991-01-04,FIRST FEDERAL SAVINGS & LOAN,SAN ANTONIO,,,failure,1
29161,1991-01-04,FIRST FS & LA OF PITTSBURG,PITTSBURGH,,,failure,1
28767,1991-01-04,FULTON FEDERAL SAVINGS BANK,ATLANTA,,,failure,1
28634,1991-01-04,ROYAL OAK FS & LA,RANDALLSTOWN,,,failure,1
30888,1991-01-04,TRIDENT FEDERAL S & L ASSOC.,NEWARK,,,failure,1
19572,1990-12-28,CAPITOL BANK AND TRUST COMPANY,BOSTON,,,failure,1
29116,1990-12-28,FIRST FS & LA OF ANDALUSIA,ANDALUSIA,,,failure,1
28287,1990-12-28,SOUTHERN FS,NEW ORLEANS,,,failure,1
29415,1990-12-27,"ENTERPRISE SAVINGS BANK, FA",CHICAGO,,,failure,1
32145,1990-12-21,ARKANSAS FSB,LITTLE ROCK,,,failure,1
28783,1990-12-15,MID-AMERICA FS & LA,COLUMBUS,,,failure,1
29457,1990-12-14,COMFED SAVINGS BANK,LOWELL,,,failure,1
28809,1990-12-14,COMMUNITY FS & LA,ST. LOUIS,,,failure,1
28473,1990-12-14,EMPIRE SAVINGS BANK,HAMMONTON,,,failure,1
23074,1990-12-14,FAR WESTERN BANK,TUSTIN,,,failure,1
25125,1990-12-14,FIRST COMMERCIAL BANK OF FLORIDA,BOCA RATON,,,failure,1
31126,1990-12-14,FRONTIER SAVINGS ASSOCIATION,LAS VEGAS,,,failure,1
31137,1990-12-14,HOME FEDERAL BANK FOR SAVINGS,WAUKEGAN,,,failure,1
30645,1990-12-14,OLD BOROUGH SAVINGS & LOAN,TRENTON,,,failure,1
28143,1990-12-14,OLYMPIC FEDERAL SAVINGS,BERWYN,,,failure,1
23104,1990-12-14,PEOPLES STATE BANK,DALLAS,,,failure,1
9019,1990-12-14,THE STATE BANK OF OMAHA,OMAHA,,,failure,1
26835,1990-12-13,BANK OF COMMERCE,ALEXANDRIA,,,failure,1
9469,1990-12-13,FIRST STATE BANK,LEXINGTON,,,failure,1
11558,1990-12-13,WASHINGTON COUNTY STATE BANK,BRENHAM,,,failure,1
90201,1990-12-12,NEW ENGLAND ALLBANK FOR SAVINGS,GARDNER,,,failure,1
31053,1990-12-07,ANDREWS SAVINGS & LOAN ASSOC.,ANDREWS,,,failure,1
29827,1990-12-07,CENTRAL FEDERAL SAVINGS,MINEOLA,,,failure,1
29958,1990-12-07,FIRST FEDERAL SAVINGS,RALEIGH,,,failure,1
24105,1990-12-07,FIRST NATIONAL BANK OF ROWLETT,ROWLETT,,,failure,1
21631,1990-12-07,HEIGHTS BANK,HARKER HEIGHTS,,,failure,1
27700,1990-12-07,TEXARKANA FS & LA,TEXARCANA,,,failure,1
26383,1990-12-06,DOUGLAS COUNTY NATIONAL BANK,PARKER,,,failure,1
31616,1990-11-30,ATASCOSA SA,JOURDANTON,,,failure,1
22690,1990-11-30,BOUNDARY WATERS STATE BANK,ELY,,,failure,1
29003,1990-11-30,EDISON FSA,NEW YORK,,,failure,1
28821,1990-11-30,FIRST FSA OF NACOGDOCHES,NACOGDOCHES,,,failure,1
29466,1990-11-30,FIRST SA,PARAGOULD,,,failure,1
31827,1990-11-30,FIRST SOUTHWEST FS & LA,TYLER,,,failure,1
31058,1990-11-30,SAN JACINTO SAVINGS,HOUSTON,,,failure,1
30122,1990-11-30,TUSKEGEE S & LA,TUSKEGEE,,,failure,1
18851,1990-11-29,BANK OF ARLINGTON,ARLINGTON,,,failure,1
1204,1990-11-29,FARMERS STATE BANK OF MADISONVILLLE,MADISONVILLE,,,failure,1
29207,1990-11-16,FIRST FEDERAL SAVINGS ASSOC.,LAS VEGAS,,,failure,1
32184,1990-11-16,LIBERTY FEDERAL SAVINGS BANK,MONTEBELLO,,,failure,1
32344,1990-11-16,SOUTHEASTERN SAVINGS BANK,CHARLOTTE,,,failure,1
30223,1990-11-15,ACTION FEDERAL SAVINGS,SOMMERS POINT,,,failure,1
21518,1990-11-15,WESTERN BANK,DUNCANVILLE,,,failure,1
32479,1990-11-09,EXECUTIVE BANC SA,NEW BRAUNFELS,,,failure,1
28608,1990-11-09,FLORIDA FEDERAL SAVINGS BANK,ST. PETERSBURG,,,failure,1
19316,1990-11-09,FREEDOM NATIONAL BANK OF NEW YORK,NEW YORK,,,failure,1
32234,1990-11-09,LOUISIANA FEDERAL SAVINGS BANK,KENNER,,,failure,1
30984,1990-11-02,BOONSLICK S & LA,BOONVILLE,,,failure,1
28719,1990-11-02,DESOTO FS & LA,MANSFIELD,,,failure,1
25763,1990-11-02,LONE STAR NATIONAL BANK,DALLAS,,,failure,1
30593,1990-11-02,RIVERSIDE SAVINGS BANK,RIVERSIDE,,,failure,1
25180,1990-11-01,TRINITY NATIONAL BANK,BENBROOK,,,failure,1
32403,1990-10-26,CITY SAVINGS & LOAN,SAN ANTONIO,,,failure,1
32177,1990-10-26,RANCHO BERNARDO FED. SAV. BANK,SAN DIEGO,,,failure,1
13245,1990-10-26,THE FARMERS AND MERCHANTS BANK OF SHEYENNE,SHEYENNE,,,failure,1
4976,1990-10-25,FIRST NATIONAL BANK OF JACKSON,JACKSON,,,failure,1
28464,1990-10-23,SUPERIOR FSA,CLEVELAND,,,failure,1
22064,1990-10-19,FIRST AMERICAN BANK FOR SAVINGS,BOSTON,,,failure,1
32255,1990-10-19,GOLD COAST SAVINGS BANK,PLANTATION,,,failure,1
31518,1990-10-19,"HERITAGE SAVINGS BANK, FSB",RICHMOND,,,failure,1
20863,1990-10-19,METROPOLITAN NATIONAL BANK,MCALLEN,,,failure,1
18236,1990-10-19,THE BROOKLYN SAVINGS BANK,DANIELSON,,,failure,1
32064,1990-10-12,INTERNATIONAL FS & LA,N. MIAMI BEACH,,,failure,1
26225,1990-10-11,UNITED PEOPLES BANK,LAMPASAS,,,failure,1
21619,1990-10-05,MOUNTAIN RIDGE STATE BANK,WEST ORANGE,,,failure,1
11789,1990-10-05,THE PEOPLES BANK & TRUST COMPANY,NATCHITOCHES,,,failure,1
24301,1990-10-04,"WOODWAY BANK AND TRUST, NA",HOUSTON,,,failure,1
26475,1990-09-27,FORT WORTH STATE BANK,FORT WORTH,,,failure,1
27042,1990-09-27,GREAT WESTERN NATIONAL BANK,LEWISVILLE,,,failure,1
31080,1990-09-21,HIDALGO SAVINGS & LOAN,EDINBURG,,,failure,1
28586,1990-09-21,MERCER SAVINGS BANK,TRENTON,,,failure,1
28366,1990-09-21,SENTRY FEDERAL SAVINGS BANK,HYANNIS,,,failure,1
32274,1990-09-21,TEXAS COMMERCIAL SA,SULPHUR SPRINGS,,,failure,1
29315,1990-09-21,YORKVILLE FEDERAL SAVINGS,NEW YORK,,,failure,1
26654,1990-09-20,CITY NATIONAL BANK OF IRVING,IRVING,,,failure,1
14609,1990-09-20,FIRST COMANCHE BANK,COMANCHE,,,failure,1
10714,1990-09-20,FIRST STATE BANK OF RISING STAR,RISING STAR,,,failure,1
26373,1990-09-14,CITIZENS NATIONAL BANK,KERRVILLE,,,failure,1
32590,1990-09-14,FIRST SB OF HEMPSTEAD,HEMPSTEAD,,,failure,1
22642,1990-09-14,INGRAM STATE BANK,INGRAM,,,failure,1
25872,1990-09-13,CITIZENS BANK,CLARKSVILLE,,,failure,1
22505,1990-09-13,FIRST NATIONAL BANK OF CROSBY,CROSBY,,,failure,1
26686,1990-09-13,FIRST NATIONAL BANK OF KENNEDALE,KENNEDALE,,,failure,1
24295,1990-09-13,WESTERN NATIONAL BANK,FORT WORTH,,,failure,1
4178,1990-09-12,THE PAWNEE NATIONAL BANK,PAWNEE,,,assistance,1
27667,1990-09-07,EL PASO FEDERAL SAVINGS,EL PASO,,,failure,1
31887,1990-09-07,FIRST CITY FSB,LUCEDALE,,,failure,1
16219,1990-09-06,NORTHSIDE BANK,SAN ANTONIO,,,failure,1
29493,1990-08-31,ATLANTA FSA,ATLANTA,,,failure,1
32181,1990-08-31,"ENSIGN BANK, FSB",NEW YORK,,,failure,1
32070,1990-08-31,"FIRST AMERICAN SAVINGS BANK, FSB",SANTA FE,,,failure,1
29118,1990-08-31,FIRST FSA,WINNFIELD,,,failure,1
23402,1990-08-30,"AMERICAN BANK OF COMMERCE, NA",DEL RIO,,,failure,1
10350,1990-08-30,BAY CITY BANK & TRUST CO.,BAY CITY,,,failure,1
26776,1990-08-30,CHISHOLM NATIONAL BANK,PLANO,,,failure,1
25301,1990-08-30,CITIZENS NATIONAL BANK,EL CAMPO,,,failure,1
26953,1990-08-30,FIRST BANK OF PLANO,PLANO,,,failure,1
24293,1990-08-30,SECURITY NATIONAL BANK,AUSTIN,,,failure,1
3299,1990-08-30,THE FIRST NATIONAL BANK OF LEVELLAND,LEVELLAND,,,failure,1
32220,1990-08-24,AMBASSADOR FS & LA,TAMARAC,,,failure,1
29603,1990-08-24,BROKEN ARROW SAVINGS ASSOC.,BROKEN ARROW,,,failure,1
29371,1990-08-24,FIRST FS & LA,TEMPLE,,,failure,1
29499,1990-08-22,SWEETWATER FS & LA,ROCK SPRINGS,,,failure,1
32371,1990-08-17,FINANCIAL SAVINGS OF HARTFORD FSB,HARTFORD,,,failure,1
29297,1990-08-17,FIRST FSA OF TUSCOLA,TUSCOLA,,,failure,1
18290,1990-08-16,CAPITOL BANK & TRUST,OKLAHOMA CITY,,,failure,1
17240,1990-08-16,CHERRY CREEK NATIONAL BANK,DENVER,,,failure,1
26609,1990-08-16,CITY NATIONAL BANK,HOUSTON,,,failure,1
29826,1990-08-10,AMERICAN SA OF MT. CARMEL,MT. CARMEL,,,failure,1
20816,1990-08-10,FIRST PACIFIC BANK,BEVERLY HILLS,,,failure,1
30893,1990-08-10,SUPERIOR FEDERAL SAVINGS BANK,NACOGDOCHES,,,failure,1
2092,1990-08-10,THE NATIONAL BANK OF WASHINGTON,WASHINGTON,,,failure,1
18623,1990-08-09,FIRST NATIONAL BANK OF CORPUS CHRISTI,CORPUS CHRISTI,,,failure,1
31956,1990-08-03,AMIGO FS & LA,BROWNSVILLE,,,failure,1
30312,1990-08-03,HOMETOWN FSA,WINFIELD,,,failure,1
31851,1990-08-03,TENNESSEE FEDERAL SAVINGS BANK,COOKEVILLE,,,failure,1
16392,1990-08-02,AMERICAN BANK & TRUST COMPANY,BATON ROUGE,,,failure,1
18250,1990-08-02,"UNITED BANK OF WACO, NATIONAL ASSOC",WACO,,,failure,1
31444,1990-07-31,UNITED FSB,VIENNA,,,failure,1
32239,1990-07-27,CITIZENS & BUILDERS FS,PENSACOLA,,,failure,1
27788,1990-07-27,GUARANTY SAVINGS BANK FSB,FAYETTEVILLE,,,failure,1
30843,1990-07-27,PROFESSIONAL SAVINGS BANK,CORAL GABLES,,,failure,1
32578,1990-07-27,"STATESMAN BANK FOR SAVINGS, FSB",DES MOINES,,,failure,1
25229,1990-07-27,U.S. SAVINGS BANK OF AMERICA,SEABROOK,,,failure,1
24410,1990-07-26,BANK OF ODESSA,ODESSA,,,failure,1
15740,1990-07-26,BANK OF WILSON,WILSON,,,failure,1
18787,1990-07-26,CONTINENTAL BANK,DALLAS,,,failure,1
25605,1990-07-26,FIRST NATIONAL BANK,PURCELL,,,failure,1
32208,1990-07-20,"CHARTER BANK, A FSB",HATTIESBURG,,,failure,1
29865,1990-07-20,COMMONWEALTH SAVINGS ASSOC.,NEW ORLEANS,,,failure,1
30140,1990-07-20,MAINSTAY FEDERAL SAVINGS,RED BANK,,,failure,1
31269,1990-07-20,UNITED FS & LA,VIDALIA,,,failure,1
28023,1990-07-13,CAPITOL-UNION FSA,BATON ROUGE,,,failure,1
28787,1990-07-13,NORTH TEXAS FSA,WICHITA FALLS,,,failure,1
29240,1990-07-13,PROGRESSIVE SB,NATCHITOCHES,,,failure,1
29023,1990-07-13,SUMMIT FIRST S & LA,SUMMIT,,,failure,1
22583,1990-07-13,THE PERMANENT SAVINGS BANK,NIAGARA FALLS,,,failure,1
26387,1990-07-12,AMERICAN NATIONAL BANK OF GREENVILLE,GREENVILLE,,,failure,1
15274,1990-07-12,IREDELL STATE BANK,IREDELL,,,failure,1
22062,1990-07-06,CAPITAL NATIONAL BANK,BRONX,,,failure,1
31957,1990-07-06,HERITAGE FSA,LANCASTER,,,failure,1
90242,1990-07-06,MILFORD SAVINGS BANK,MILFORD,,,failure,1
32037,1990-07-05,"HOME SB, FSB",SALT LAKE CITY,,,failure,1
32214,1990-06-29,CHARTER SAVINGS & LOAN,STAMFORD,,,failure,1
22320,1990-06-29,ELIOT SAVINGS BANK,BOSTON,,,failure,1
31640,1990-06-29,FIRST JACKSON FSB,JACKSON,,,failure,1
28044,1990-06-29,PIONEER FS & LA,MARIETTA,,,failure,1
22409,1990-06-29,THE MONTGOMERY NATIONAL BANK,MONTGOMERY TWNSP,,,failure,1
27632,1990-06-29,TRAVIS SAVINGS & LOAN ASSOC.,SAN ANTONIO,,,failure,1
32168,1990-06-29,WINDSOR SAVINGS ASSOC.,AUSTIN,,,failure,1
26180,1990-06-28,AMERICAN NATIONAL BANK,ELK CITY,,,failure,1
25874,1990-06-28,"BACLIFF BANK, NATIONAL ASSOCIATION",BACLIFF,,,failure,1
23887,1990-06-28,BROOKWOOD NATIONAL BANK,OKLAHOMA CITY,,,failure,1
23336,1990-06-28,SOUTHWEST NATIONAL BANK,AUSTIN,,,failure,1
5566,1990-06-28,THE VALLEY VIEW NATIONAL BANK,VALLEY VIEW,,,failure,1
30353,1990-06-22,"GERMANIA BANK, FSB",ALTON,,,failure,1
31817,1990-06-22,SOUTHERN FEDERAL BANK FOR SAVINGS,GULFPORT,,,failure,1
24864,1990-06-21,BANK OF EAST TEXAS,TYLER,,,failure,1
25089,1990-06-21,CENTRE NATIONAL BANK-FARMERS BRANCH,FARMERS BRANCH,,,failure,1
26711,1990-06-21,LAKELAND STATE BANK,AUSTIN,,,failure,1
24982,1990-06-21,PEOPLES NATIONAL BANK,CALDWELL,,,failure,1
22852,1990-06-18,FARMERS AND MERCHANTS BANK,BUCKEYE,,,failure,1
24683,1990-06-15,BANK M,MIAMI,,,failure,1
31924,1990-06-15,CHARTER SAVINGS BANK,NEWPORT,,,failure,1
31843,1990-06-15,FIRST FEDERAL SAVINGS & LOAN,METAIRIE,,,failure,1
27890,1990-06-15,MOULTRIE SAVINGS BANK FSB,MOULTRIE,,,failure,1
27617,1990-06-15,UNITED S & L OF TRENTON,TRENTON,,,failure,1
24349,1990-06-14,"ALLIANCE BANK, NATIONAL ASSOCIATION",AUSTIN,,,failure,1
21187,1990-06-14,EXCHANGE NATIONAL BANK OF DEL CITY,DEL CITY,,,failure,1
3012,1990-06-14,NATIONAL CITY BANK OF DENVER,DENVER,,,failure,1
21476,1990-06-14,THE WIMBERLEY BANK,WIMBERLEY,,,failure,1
24652,1990-06-14,WILLOW BEND NATIONAL BANK,PLANO,,,failure,1
30770,1990-06-08,FIRST BANKERS TRUST,MIDLAND,,,failure,1
30390,1990-06-08,HOME FEDERAL,WORCESTER,,,failure,1
28716,1990-06-08,HOMETOWN SAVINGS BANK FSB,DELPHI,,,failure,1
23795,1990-06-08,THE MERCHANTS BANK OF CALIFORNIA,BEVERLY HILLS,,,failure,1
25300,1990-06-07,CLIFTON NATIONAL BANK,CLIFTON,,,failure,1
24496,1990-06-07,HULEN NATIONAL BANK,FORT WORTH,,,failure,1
20240,1990-06-07,RICHMARK BANK,HOUSTON,,,failure,1
24724,1990-06-07,TEXAS NATIONAL BANK,EL PASO,,,failure,1
28419,1990-06-01,FIRST ANNAPOLIS SAVINGS,ANNAPOLIS,,,failure,1
32323,1990-06-01,GREAT LIFE FSA,SUNRISE,,,failure,1
32315,1990-06-01,INVESTORS OF FLORIDA,DEERFIELD BEACH,,,failure,1
28848,1990-06-01,MUTUAL S & LA,WEATHERFORD,,,failure,1
3410,1990-06-01,"NBC BANK- SOUTH TEXAS, NATIONAL",CORPUS CHRISTI,,,failure,1
22404,1990-06-01,"NBC BANK-AUSTIN, NATIONAL ASSOC",AUSTIN,,,failure,1
19185,1990-06-01,"NBC BANK-BOERNE, NATIONAL ASSOC",BOERNE,,,failure,1
20276,1990-06-01,"NBC BANK-HOUSTON, NATIONAL ASSOC",HOUSTON,,,failure,1
22685,1990-06-01,"NBC BANK-KERRVILLE, NATIONAL ASSOC",KERRVILLE,,,failure,1
15488,1990-06-01,"NBC BANK-RIO GRANDE VALLEY, NA",MISSION,,,failure,1
5512,1990-06-01,"NBC BANK-SAN ANTONIO, NATIONAL ASSOC",SAN ANTONIO,,,failure,1
5524,1990-06-01,"NBC BANK-SEGUIN, NATIONAL ASSOC",SEGUIN,,,failure,1
19307,1990-06-01,"NBC BANK-UVALDE, NATIONAL ASSOC",UVALDE,,,failure,1
2614,1990-06-01,THE HOME NATIONAL BANK OF MILFORD,MILFORD,,,failure,1
31671,1990-06-01,TIME FS & LA,SAN FRANCISCO,,,failure,1
25909,1990-05-31,ROCKY MOUNTAIN NATIONAL BANK,DENVER,,,failure,1
1193,1990-05-31,THE HUNTSVILLE NATIONAL BANK,HUNTSVILLE,,,failure,1
23499,1990-05-31,"THE WILSHIRE BANK, NATIONAL ASSOC",LOS ANGELES,,,failure,1
32056,1990-05-25,AMERICAN PIONEER SAVINGS BANK,ORLANDO,,,failure,1
31938,1990-05-25,"BANK USA, FEDERAL ASSOCIATION",SILVIS,,,failure,1
31078,1990-05-25,CAGAUS-CENTRAL FEDERAL SAVINGS,CAGUAS,,,failure,1
27980,1990-05-25,FIRST AMERICAN FEDERAL SAVINGS,FORT SMITH,,,failure,1
29324,1990-05-25,FIRST FEDERAL SAVINGS & LOAN,NEW BRAUNFELS,,,failure,1
31726,1990-05-25,REMINGTON FEDERAL SAVINGS ASSOC.,ELGIN,,,failure,1
15366,1990-05-24,FARMERS STATE BANK OF BROOKSHIRE,BROOKSHIRE,,,failure,1
11456,1990-05-24,GENTRY COUNTY BANK,ALBANY,,,failure,1
24896,1990-05-24,"MEMORIAL BANK, NATIONAL ASSOCIATION",HOUSTON,,,failure,1
25100,1990-05-24,MIDWAY NATIONAL BANK,DALLAS,,,failure,1
28944,1990-05-18,FIRST FEDERAL SAVINGS OF CONROE,CONROE,,,failure,1
30432,1990-05-18,FIRST FSA,BORGER,,,failure,1
29130,1990-05-18,JENNINGS FSA,JENNINGS,,,failure,1
28811,1990-05-18,JONESBORO FEDERAL SA,JONESBORO,,,failure,1
26862,1990-05-18,"MERCHANTSBANK OF BOSTON, A CO-OP",BOSTON,,,failure,1
30592,1990-05-18,SOUTHWEST SAVINGS ASSOCIATION,DALLAS,,,failure,1
5547,1990-05-17,FIRST-TAYLOR NATIONAL BANK,TAYLOR,,,failure,1
3216,1990-05-17,THE FIRST NATIONAL BANK OF GEORGETOWN,GEORGETOWN,,,failure,1
30147,1990-05-15,UNITED SAVINGS FSB,PATERSON,,,failure,1
31508,1990-05-11,FIRST FSA OF BREAUX BRIDGE,BREAUX BRIDGE,,,failure,1
32576,1990-05-11,GREAT WEST FEDERAL SAVINGS BANK,CRAIG,,,failure,1
31134,1990-05-11,THE FEDERAL SAVINGS BANC FA,ARLINGTON,,,failure,1
29182,1990-05-11,"UNITED SAVINGS BANK, FSB",WINDOM,,,failure,1
19026,1990-05-10,COMMONWEALTH NATIONAL BANK,DALLAS,,,failure,1
23527,1990-05-10,DOMINION NATIONAL BANK OF DENVER,DENVER,,,failure,1
23699,1990-05-10,FIRST NATIONAL BANK OF DESOTO,DESOTO,,,failure,1
16108,1990-05-10,FIRST NATIONAL BANK OF GRAND SALINE,GRAND SALINE,,,failure,1
25052,1990-05-09,CHANCERY NATIONAL BANK,DENVER,,,failure,1
32411,1990-05-08,"MISSISSIPPI SAVINGS BANK, FSB",BATESVILLE,,,failure,1
28526,1990-05-04,CAPITOL FEDERAL SAVINGS & LOAN,AURORA,,,failure,1
28257,1990-05-04,FIRST FED. SAVINGS BANK & TRUST,INDEPENDENCE,,,failure,1
30130,1990-05-04,MUTUAL AIDE S & LA,MANASQUAN,,,failure,1
31982,1990-05-04,PENINSULA S & LA,SOUTH SAN FRANCISCO,,,failure,1
31433,1990-05-04,SECURITY FEDERAL SAVINGS BANK,CARLSBAD,,,failure,1
25138,1990-05-04,TUCKER STATE BANK,JACKSONVILLE,,,failure,1
22262,1990-05-03,"FIRST NATIONAL BANK, NORTHEAST",AUSTIN,,,failure,1
21812,1990-05-03,RICHARDSON NATIONAL BANK,RICHARDSON,,,failure,1
29581,1990-04-27,HOME OWNERS SAVINGS BANK,BURLINGTON,,,failure,1
28666,1990-04-27,SANTA BARBARA S & L ASSOC.,SANTA BARBARA,,,failure,1
23002,1990-04-26,CENTRAL ARIZONA BANK,CHANDLER,,,failure,1
25666,1990-04-26,GUARDIAN BANK,SCOTTSDALE,,,failure,1
24666,1990-04-26,"SIGNATURE BANK, NATIONAL ASSOCIATION",DALLAS,,,failure,1
18721,1990-04-26,TRINITY NATIONAL BANK OF DALLAS,DALLAS,,,failure,1
25831,1990-04-20,BERGEN PARK NATIONAL BANK,EVERGREEN,,,failure,1
32253,1990-04-20,ENTERPRISE FED. FSA,CLEARWATER,,,failure,1
32187,1990-04-20,FIRST NETWORK SAVINGS BANK,LOS ANGELES,,,failure,1
28307,1990-04-20,FIRST SAVINGS & LOAN,MASSILON,,,failure,1
30301,1990-04-20,HERITAGE FSA,LAMAR,,,failure,1
31897,1990-04-20,SOUTHEASTERN FEDERAL SAVINGS BANK,LAUREL,,,failure,1
30305,1990-04-20,TEXAS FSA,SAN ANTONIO,,,failure,1
24941,1990-04-19,ACADIANA NATIONAL BANK,LAFAYETTE,,,failure,1
17952,1990-04-19,CHAS. SCHREINER BANK,KERRVILLE,,,failure,1
15051,1990-04-19,CORINTH DEPOSIT NATIONAL BANK,CORINTH,,,failure,1
18110,1990-04-19,COVE STATE BANK,COPPERAS COVE,,,failure,1
22147,1990-04-19,FIRST STATE BANK OF CRANDALL,CRANDALL,,,failure,1
24915,1990-04-19,SECURITY NATIONAL BANK OF ELGIN,ELGIN,,,failure,1
16070,1990-04-18,"THE SEAMEN'S BANK OF SAVINGS, FS",NEW YORK,,,failure,1
31271,1990-04-12,CONSTITUTION FED. SAVINGS ASSOC.,MONTEREY PARK,,,failure,1
31233,1990-04-12,FIRST FEDERAL SAVINGS & LOAN,WARNER ROBINS,,,failure,1
15869,1990-04-12,THE BAZINE STATE BANK,BAZINE,,,failure,1
25780,1990-04-05,CHAMPIONS POINT NATIONAL BANK,HOUSTON,,,failure,1
27839,1990-04-05,"COLONY SAVINGS BANK, FSB",MONACA,,,failure,1
18793,1990-04-05,FIRST BANK & TRUST COMPANY,CEDAR HILL,,,failure,1
18840,1990-03-30,EVERMAN NATIONAL BANK OF FORT WORTH,FORT WORTH,,,failure,1
26469,1990-03-30,IMPERIAL BANK,CORAL GABLES,,,failure,1
3071,1990-03-29,ALVORD NATIONAL BANK,ALVORD,,,failure,1
26648,1990-03-29,"CROWN BANK, NATIONAL ASSOCIATION",SAN ANTONIO,,,failure,1
24014,1990-03-29,FIRST NATIONAL BANK OF GARLAND,GARLAND,,,failure,1
22829,1990-03-22,AMERICAN BANK OF ARLINGTON,ARLINGTON,,,failure,1
19602,1990-03-22,COMMUNITY BANK,NEW CANEY,,,failure,1
17665,1990-03-22,MIAMI NATIONAL BANK,MIAMI,,,failure,1
5507,1990-03-22,THE CENTRAL NATIONAL BANK OF SAN ANGELO,SAN ANGELO,,,failure,1
26353,1990-03-22,"THE WALLER BANK, NATIONAL ASSOCIATION",WALLER,,,failure,1
32330,1990-03-16,FIRST AMERICA FSB,LONGMONT,,,failure,1
29403,1990-03-16,FIRST FS & LA OF WICHITA FALLS,WICHITA FALLS,,,failure,1
31828,1990-03-16,GREAT AMERICAN FS & LA,CORINTH,,,failure,1
29137,1990-03-16,LAKELAND SAVINGS BANK FSB,DETROIT LAKES,,,failure,1
29122,1990-03-16,NASAU FEDERAL SAVINGS & LOAN,BROOKLYN,,,failure,1
32097,1990-03-16,PACIFIC COAST S & LA,SAN FRANCISCO,,,failure,1
31547,1990-03-16,SUN FEDERAL SAVINGS ASSOC.,FORT DODGE,,,failure,1
31455,1990-03-16,"UNITED FEDERAL SAVINGS, FA",NEW ORLEANS,,,failure,1
30194,1990-03-16,WHITESTONE SAVINGS,WHITESTONE,,,failure,1
9880,1990-03-15,BANK OF MEEKER,MEEKER,,,failure,1
25649,1990-03-15,INDEPENDENT NATIONAL BANK,PHOENIX,,,failure,1
23065,1990-03-15,LIBERTY CITY STATE BANK,LIBERTY CITY,,,failure,1
21630,1990-03-09,FIRST BANK NATIONAL ASSOCIATION,CLEVELAND,,,failure,1
28697,1990-03-09,HIAWATHA SAVINGS & LOAN,HIAWATHA,,,failure,1
31873,1990-03-09,INVESTORS SAVINGS BANK,NASHVILLE,,,failure,1
30795,1990-03-09,NASSAU S & LA,PRINCETON,,,failure,1
30267,1990-03-09,PEOPLES FS & LA,BARTLESVILLE,,,failure,1
31965,1990-03-09,WESTPORT FEDERAL SAVINGS BANK,HANFORD,,,failure,1
30398,1990-03-09,YORKWOOD S & LA,MAPLEWOOD,,,failure,1
22405,1990-03-08,CITIZENS NATIONAL BANK,DENTON,,,failure,1
18647,1990-03-08,FARMERS STATE BANK,SCHULENBERG,,,failure,1
16457,1990-03-08,UNIVERSITY NATIONAL BANK OF COLLEGE STATIO,COLLEGE STATION,,,failure,1
32588,1990-03-02,HAVEN FS & LA,WINTER HAVEN,,,failure,1
31174,1990-03-02,NEW ATHENS FS & LA,NEW ATHENS,,,failure,1
31744,1990-03-02,NORTH CAROLINA FS & LA,CHARLOTTE,,,failure,1
30697,1990-03-02,PIMA S & LA,TUCSON,,,failure,1
30752,1990-03-02,SECURITY FS & LA,RICHMOND,,,failure,1
24075,1990-03-01,COMMUNITY STATE BANK OF ONALASKA,ONALASKA,,,failure,1
5516,1990-03-01,FIRST NATIONAL BANK OF SANGER,SANGER,,,failure,1
26608,1990-03-01,SEARCH NATIONAL BANK,DALLAS,,,failure,1
31073,1990-02-23,COMMUNITY FEDERAL SAVINGS BANK,EAST MOLINE,,,failure,1
27739,1990-02-23,FIRST ATLANTIC S & LA,PLAINFIELD,,,failure,1
28176,1990-02-23,FIRST FEDERAL SAV. ASSOC./BLUEFIELD,BLUEFIELD,,,failure,1
30510,1990-02-23,FIRST STANDARD FED. SAVINGS ASSOC.,FAIRMONT,,,failure,1
28488,1990-02-23,FRONTIER FS & LA,WALLA WALLA,,,failure,1
30854,1990-02-23,GREENWOOD FS & LA,GREENWOOD,,,failure,1
28517,1990-02-23,IMPERIAL FEDERAL SAVINGS ASSOC.,SAN DIEGO,,,failure,1
31273,1990-02-23,MERCURY SAVINGS,HUNTINGTON BEACH,,,failure,1
31801,1990-02-23,NOWLIN SA,FT. WORTH,,,failure,1
28311,1990-02-23,PROVIDENT SA,CASPER,,,failure,1
31660,1990-02-23,TEXASBANC SAVINGS,CONROE,,,failure,1
20150,1990-02-23,THE BANK OF RUIDOSO,RUIDOSO,,,failure,1
24752,1990-02-23,THE RED RIVER BANK,RED RIVER,,,failure,1
29451,1990-02-23,VANGUARD SB,VANDERGRIEF,,,failure,1
8949,1990-02-22,THE FIRST STATE BANK OF REGENT,REGENT,,,failure,1
28220,1990-02-21,THE BEN FRANKLIN FS & LA,PORTLAND,,,failure,1
31320,1990-02-16,"EQUITABLE S & LA, FA",COLUMBUS,,,failure,1
28829,1990-02-16,FIDELITY SAVINGS BANK,DANVILLE,,,failure,1
30311,1990-02-16,FRANKLIN FSA,OTTAWA,,,failure,1
27850,1990-02-16,FREEDOM SA,COLUMBUS,,,failure,1
28911,1990-02-16,GREAT AMERICAN FS & LA,OAK PARK,,,failure,1
29318,1990-02-16,HERITAGE FSB,OMAHA,,,failure,1
28247,1990-02-16,STATE FS & LA,TULSA,,,failure,1
32101,1990-02-16,WESTERN EMPIRE FS & LA,YORBA LINDA,,,failure,1
26667,1990-02-15,GATEWAY NATIONAL BANK,PHOENIX,,,failure,1
21436,1990-02-15,HUFFMAN BANK,HUFFMAN,,,failure,1
23452,1990-02-15,NORTHWAY NATIONAL BANK,DALLAS,,,failure,1
29127,1990-02-09,"ABQ BANK, A FSB",ALBUQUERQUE,,,failure,1
29728,1990-02-09,AMERICAN FEDERAL SAVINGS ASSOC.,DES MOINES,,,failure,1
28205,1990-02-09,FAIRMONT FEDERAL SAVINGS ASSOC.,FAIRMONT,,,failure,1
32094,1990-02-09,HUNTINGTON FS & LA,HUNTINGTON BEACH,,,failure,1
32515,1990-02-09,LIBERTY SAVINGS BANK FSB,RANDALLSTOWN,,,failure,1
29840,1990-02-09,VERMONT SA,TIMONIUM,,,failure,1
4237,1990-02-08,THE FIRST NATIONAL BANK OF COLBERT,COLBERT,,,failure,1
29000,1990-02-02,"CENTRUST BANK, SB",MIAMI,,,failure,1
16816,1990-02-02,CITIZENS NATIONAL BANK OF WALNUT RIDGE,WALNUT RIDGE,,,failure,1
29470,1990-02-02,CLYDE FS & LA,NORTH RIVERSIDE,,,failure,1
26429,1990-02-02,COMMERCE BANK OF TAMPA,TAMPA,,,failure,1
27915,1990-02-02,HENDERSON HOME S & LA,HENDERSON,,,failure,1
30803,1990-02-02,"PIONEER SAVINGS BANK, FSB",CLEARWATER,,,failure,1
32261,1990-02-02,SENTINEL FS & LA,PHOENIX,,,failure,1
24393,1990-02-01,TYLER NATIONAL BANK,TYLER,,,failure,1
31400,1990-01-31,MERABANK FSB,PHOENIX,,,failure,1
3164,1990-01-26,"BANCTEXAS DALLAS, N.A.",DALLAS,,,failure,1
30309,1990-01-26,COLONIAL S & LA,CAPE GIRARDEAU,,,failure,1
19273,1990-01-26,CREDITBANK,CUTLER RIDGE,,,failure,1
24937,1990-01-26,"FIDELITY BANK, NATIONAL ASSOCIATION",SAN ANTONIO,,,failure,1
28929,1990-01-26,FIRST SAVINGS ASSOC.,BISMARK,,,failure,1
31991,1990-01-26,GRAND PRAIRIE FS & LA,STUTTGART,,,failure,1
16036,1990-01-26,"MONROE SAVINGS BANK, FSB",ROCHESTER,,,failure,1
32089,1990-01-26,PALO DURO FS & LA,AMARILLO,,,failure,1
32003,1990-01-26,UVALDE FS & LA,UVALDE,,,failure,1
31710,1990-01-26,WILLIAMSBURG FS & LA,SALT LAKE CITY,,,failure,1
1215,1990-01-25,"FARMERS STATE BANK OF SHIRO, TEXAS",SHIRO,,,failure,1
30321,1990-01-24,EMPIRE OF AMERICA FSB,BUFFALO,,,failure,1
31310,1990-01-18,BROOKHAVEN FS & LA,BROOKHAVEN,,,failure,1
31213,1990-01-18,COLONIAL FEDERAL SAVINGS ASSOC.,PRAIRIE VILLAGE,,,failure,1
30677,1990-01-18,DUVAL FEDERAL SAVINGS ASSN.,JACKSONVILLE,,,failure,1
30855,1990-01-18,FIRST FED. SAVINGS ASSOC. OF YORK,YORK,,,failure,1
27765,1990-01-18,FRONTIER FEDERAL SAVINGS BANK,BELLEVILLE,,,failure,1
28830,1990-01-18,GEM CITY FS & LA,QUINCY,,,failure,1
31463,1990-01-18,KARNES COUNTY FS & LA,KARNES CITY,,,failure,1
29465,1990-01-18,MARSHALL FS & LA,MARSHALL,,,failure,1
31052,1990-01-18,STANDARD FSA,HOUSTON,,,failure,1
28340,1990-01-11,AMERICAN FSB,SANFORD,,,failure,1
28884,1990-01-11,ATLANTIC FINANCIAL SAVINGS,BALA CYNWYD,,,failure,1
29803,1990-01-11,CERTIFIED FSA,GEORGETOWN,,,failure,1
32122,1990-01-11,DEPOSIT TRUST FEDERAL SAVINGS,MONROE,,,failure,1
28863,1990-01-11,FAMILY FEDERAL SAVINGS,DALLAS,,,failure,1
32342,1990-01-11,FINANCIAL FS & LA,FRESNO,,,failure,1
28940,1990-01-11,"HORIZON SAVINGS BANK, FSB",WILMETTE,,,failure,1
31944,1990-01-11,INVESTMENT FS & LA,CHATSWORTH,,,failure,1
26252,1990-01-11,PLAZA DEL ORO NATIONAL BANK,HOUSTON,,,failure,1
28154,1990-01-11,ST. CHARLES FSA,ST. CHARLES,,,failure,1
28928,1990-01-11,ST. LOUIS COUNTY SAVINGS ASSOC.,FERGUSON,,,failure,1
32191,1990-01-11,WILSHIRE FS & LA,LOS ANGELES,,,failure,1
30995,1990-01-04,BANNERBANC FS & LA,GARLAND,,,failure,1
30034,1990-01-04,FIRST CENTRAL FEDERAL SAVINGS BANK,CHARITON,,,failure,1
31904,1990-01-04,FIRST GUARANTY BANK FOR SAVINGS,HATTIESBURG,,,failure,1
27920,1990-01-04,MIDWEST FEDERAL SAVINGS BANK,MINOT,,,failure,1
5517,1990-01-04,THE FIRST NATIONAL BANK OF SAN MARCOS,SAN MARCOS,,,failure,1
32390,1989-12-21,COLUMBIA FSA,NASSAU BAY,,,failure,1
31911,1989-12-21,SILVER SAVINGS ASSOC.,SILVER CITY,,,failure,1
26814,1989-12-20,FIRST CITY NATIONAL BANK AND TRUST,NEW YORK,,,failure,1
23419,1989-12-20,UNITED COMMUNITY BANK,WESTLAKE VILLAGE,,,failure,1
18002,1989-12-15,FIRST AMERICAN BANK AND TRUST,NORTH PALM BEACH,,,failure,1
20918,1989-12-14,CANYON LAKE BANK,CANYON LAKE,,,failure,1
19492,1989-12-14,FIRST ACADIANA BANK,EUNICE,,,failure,1
29444,1989-12-14,LOUISIANA SAVINGS ASSN.,LAKE CHARLES,,,failure,1
17861,1989-12-14,NORTH SIDE STATE BANK,TULSA,,,failure,1
31830,1989-12-14,RED RIVER S & L ASSOC.,COUSHATTA,,,failure,1
30675,1989-12-14,YORKRIDGE-CALVERT FEDERAL SAVINGS,BALTIMORE,,,failure,1
4192,1989-12-13,CITY NATIONAL BANK OF SAYRE,SAYRE,,,failure,1
24901,1989-12-13,MIDLOTHIAN NATIONAL BANK,MIDLOTHIAN,,,failure,1
28223,1989-12-08,ATLANTIC PERMANENT FEDERAL,NORFOLK,,,failure,1
28406,1989-12-08,"CITY SAVINGS, FSB",SOMERSET,,,failure,1
21514,1989-12-08,"FIRST BANK, PINEVILLE, LOUISIANA",PINEVILLE,,,failure,1
24623,1989-12-08,ORANGE STATE BANK,MIAMI,,,failure,1
22593,1989-12-07,ALEDO STATE BANK,ALEDO,,,failure,1
30624,1989-12-07,ARLINGTON HEIGHTS SAVINGS ASSOC.,ARLINGTON HEIGHTS,,,failure,1
20485,1989-12-07,ATLANTIC NATIONAL BANK,NORFOLK,,,failure,1
31714,1989-12-07,COMMUNITY FEDERAL SAVINGS ASSOC.,BRIDGEPORT,,,failure,1
26464,1989-12-07,FIRST COMMERCE NATIONAL BANK,PHOENIX,,,failure,1
25166,1989-12-07,FIRST NATIONAL BANK OF FRISCO,FRISCO,,,failure,1
29516,1989-12-07,THE GARNETT S & L ASSOC.,GARNETT,,,failure,1
25674,1989-12-07,"WESTHEIMER MEMORIAL BANK, NA",HOUSTON,,,failure,1
19664,1989-12-01,CENTRAL DAKOTA BANK,LEHR,,,failure,1
354,1989-12-01,FIRST SECURITY BANK OF GLENDIVE,GLENDIVE,,,failure,1
32283,1989-11-30,AUSTIN FS & LA,AUSTIN,,,failure,1
32133,1989-11-30,BROOKSIDE FEDERAL S & L,LOS ANGELES,,,failure,1
31599,1989-11-30,FIRST FEDERAL SAVINGS BANK,DIAMONDVILLE,,,failure,1
31974,1989-11-30,FORTUNE FINANCIAL FED. S & L ASSOC,COPPERAS COVE,,,failure,1
25676,1989-11-30,"GREATER TEXAS BANK NORTH, NA",AUSTIN,,,failure,1
26433,1989-11-30,"GREATER TEXAS BANK SOUTHWEST, NA",TRAVIS COUNTY,,,failure,1
29436,1989-11-30,SALAMANCA FED. SAVINGS ASSOC.,SALAMANCA,,,failure,1
29060,1989-11-30,"SECURITY FEDERAL SAVINGS, FSB",COLUMBIA,,,failure,1
31601,1989-11-30,SOUTHWESTERN FEDERAL SAVINGS,EL PASO,,,failure,1
23763,1989-11-17,SECURITY NATIONAL BANK OF SHREVEPORT,SHREVEPORT,,,failure,1
25171,1989-11-16,EXECUTIVE NATIONAL BANK,SAN ANTONIO,,,failure,1
27616,1989-11-16,FIRST FEDERAL S & L /CENTRAL INDIANA,ANDERSON,,,failure,1
32030,1989-11-16,GENERAL FEDERAL SAVINGS BANK,CORAL GABLES,,,failure,1
21026,1989-11-16,LOVE FIELD NATIONAL BANK,DALLAS,,,failure,1
30982,1989-11-16,SECURITY FED. SAVINGS ASSOCIATION,GARDEN GROVE,,,failure,1
28649,1989-11-16,SOONER FEDERAL SAVINGS ASSOC.,TULSA,,,failure,1
28987,1989-11-16,TEXAS WESTERN FEDERAL SAVINGS,HOUSTON,,,failure,1
31655,1989-11-09,ASPEN SAVINGS BANK FSB,ASPEN,,,failure,1
22530,1989-11-09,CITY NATIONAL BANK OF PLANO,PLANO,,,failure,1
30190,1989-11-09,COLONIAL FEDERAL SAVINGS ASSOC.,ROSELLE PARK,,,failure,1
30909,1989-11-09,CREST FEDERAL S & L,KANKAKEE,,,failure,1
27821,1989-11-09,FIDELITY FEDERAL SAVINGS ASSOC.,GALESBURG,,,failure,1
19114,1989-11-09,NATIONAL INDUSTRIAL BANK OF CONNECTICUT,MERIDEN,,,failure,1
32162,1989-11-09,SARATOGA S & L ASSOCIATION,SAN JOSE,,,failure,1
15080,1989-11-09,THE LEE STATE BANK,BROWERVILLE,,,failure,1
23475,1989-11-09,UNITED NATIONAL BANK OF PLANO,PLANO,,,failure,1
11786,1989-11-02,BANK OF ST. CHARLES,ST. ROSE,,,failure,1
32281,1989-11-02,FIRST LOUISIANA FEDERAL SAVINGS,LAFAYETTE,,,failure,1
22897,1989-10-26,FIRST SECURITY BANK AND TRUST CO,HAUGHTON,,,failure,1
28690,1989-10-26,GREAT PLAINS SAVINGS,WEATHERFORD,,,failure,1
24704,1989-10-26,WESTERN NATIONAL BANK OF LOUISIANA,KAPLAN,,,failure,1
24302,1989-10-20,FIRST CONSOLIDATED BANK - BUDA,BUDA,,,failure,1
1187,1989-10-20,FIRST CONSOLIDATED BANK - FERRIS,FERRIS,,,failure,1
3123,1989-10-20,FIRST CONSOLIDATED BANK - HILLSBORO,HILLSBORO,,,failure,1
25782,1989-10-20,FIRST CONSOLIDATED BANK - PLEASANT RUN,LANCASTER,,,failure,1
5498,1989-10-20,FIRST CONSOLIDATED BANK - ROSEBUD,ROSEBUD,,,failure,1
25061,1989-10-19,BEAUMONT BANK-NATIONAL ASSOCIATION,BEAUMONT,,,failure,1
20426,1989-10-19,CENTURY BANK,PHOENIX,,,failure,1
29074,1989-10-19,MID KANSAS S & LA ASSOC.,WICHITA,,,failure,1
25698,1989-10-19,"PARK AVENUE BANK, NATIONAL ASSOC",OKLAHOMA CITY,,,failure,1
28174,1989-10-19,PEOPLES HOMESTEAD SAVINGS BANK,MONROE,,,failure,1
31682,1989-10-19,SEASONS FEDERAL SAVINGS BANK,RICHMOND,,,failure,1
31397,1989-10-19,SURETY FEDERAL SAVINGS ASSOC.,EL PASO,,,failure,1
29183,1989-10-19,VALLEY FEDERAL SAVINGS,MCALLEN,,,failure,1
29870,1989-10-16,BANC IOWA FEDERAL SAVINGS BANK,CEDAR RAPIDS,,,failure,1
29918,1989-10-13,COLUMBIA FEDERAL HOMESTEAD,METAIRIE,,,failure,1
18876,1989-10-12,CITIZENS BANK,GALVESTON,,,failure,1
25751,1989-10-12,"NORTH BANK, NATIONAL ASSOCIATION",OKLAHOMA CITY,,,failure,1
21263,1989-10-06,FIRST BANK,COLORADO SPRINGS,,,failure,1
32152,1989-10-05,AMERICAN HOME S & L,EDMOND,,,failure,1
23999,1989-10-05,COMMONWEALTH BANK,ARLINGTON,,,failure,1
28550,1989-10-05,"FAMILY SAVINGS BANK, FSB",SAPULPA,,,failure,1
25190,1989-10-05,FIRST NATIONAL BANK OF VAIL,VAIL,,,failure,1
5540,1989-10-05,STRAWN SECURITY BANK,STRAWN,,,failure,1
11787,1989-10-05,THE OLLA STATE BANK,OLLA,,,failure,1
32507,1989-09-28,COLORADO SAVINGS BANK,STERLING,,,failure,1
24889,1989-09-28,NATIONAL BANK OF ARIZONA,SCOTTSDALE,,,failure,1
16342,1989-09-23,THE FARMERS STATE BANK,LYMAN,,,failure,1
28187,1989-09-21,EAST TEXAS S & LA ASSOCIATION,TYLER,,,failure,1
28430,1989-09-21,FIRST FED. S & LA OF BRENHAM,BRENHAM,,,failure,1
29660,1989-09-21,FIRST GARLAND FED. S & L,GARLAND,,,failure,1
31398,1989-09-21,PLANO S & L ASSOC.,PLANO,,,failure,1
22726,1989-09-21,ROSE CAPITAL BANK,TYLER,,,failure,1
25595,1989-09-14,FIRST BANKERS TRUST OF BOSSIER CITY,BOSSIER CITY,,,failure,1
28912,1989-09-14,FIRST SAVINGS OF LAREDO,LAREDO,,,failure,1
21186,1989-09-14,KIRBY STATE BANK,KIRBY,,,failure,1
25731,1989-09-14,"MEDCENTRE BANK,N.A.",SAN ANTONIO,,,failure,1
26462,1989-09-14,PRAIRIE STATE BANK,GRAND PRAIRIE,,,failure,1
28107,1989-09-07,CITIZENS S & LA OF SPRINGFIELD,SPRINGFIELD,,,failure,1
8805,1989-09-07,THE LASALLE STATE BANK,JENA,,,failure,1
25906,1989-09-07,THOUSAND OAKS NATIONAL BANK,SAN ANTONIO,,,failure,1
23943,1989-09-01,LIBERTY BANK,GLENDALE,,,failure,1
9657,1989-08-31,THE BURR OAK STATE BANK,BURR OAK,,,failure,1
28760,1989-08-24,DENTON FEDERAL SAVINGS,DENTON,,,failure,1
10417,1989-08-24,FARMERS STATE BANK OF YUMA,YUMA,,,failure,1
12300,1989-08-24,FIRST STATE BANK,PFLUGERVILLE,,,failure,1
30628,1989-08-24,HERITAGE SAVINGS ASSOC.,JERSEYVILLE,,,failure,1
26319,1989-08-24,"PARK CENTRAL BANK, NATIONAL ASSOC",FORT WORTH,,,failure,1
21256,1989-08-24,SUMMIT BANK,SAN ANTONIO,,,failure,1
22967,1989-08-24,THE DAKOTA BANK,GRAND FORKS,,,failure,1
5560,1989-08-24,TROUP BANK & TRUST COMPANY,TROUP,,,failure,1
29194,1989-08-17,BLACK HAWK S & L ASSOC.,ROCK ISLAND,,,failure,1
23536,1989-08-17,CITIZENS NATIONAL BANK OF KILLEEN,KILLEEN,,,failure,1
11158,1989-08-17,FIRST STATE BANK,LIBERTY,,,failure,1
20297,1989-08-17,FIRST STATE BANK OF MCKINNEY,MCKINNEY,,,failure,1
31809,1989-08-17,GUADALUPE S & L ASSOC.,KERRVILLE,,,failure,1
30452,1989-08-17,HEARNE BUILDING & LOAN ASSOC.,HEARNE,,,failure,1
29850,1989-08-17,SECURITY FED. S & L ASSOC.,PEORIA,,,failure,1
32001,1989-08-17,SOUTHSIDE FED. S & L ASSOC.,AUSTIN,,,failure,1
30486,1989-08-17,TAYLORBANC FEDERAL S & L,TAYLOR,,,failure,1
27651,1989-08-10,METROPOLITAN FINANCIAL FS & LA,DALLAS,,,failure,1
28899,1989-08-10,PEOPLES HERITAGE FS & LA,SALINA,,,failure,1
29076,1989-08-10,UNIFIRST BANK FOR SAVINGS,JACKSON,,,failure,1
27755,1989-08-07,AMERICAN SAVINGS & LOAN,NEW ORLEANS,,,failure,1
29867,1989-08-07,CENTRAL SAVINGS & LOAN,NEW ORLEANS,,,failure,1
27748,1989-08-07,CITIZENS HOMESTEAD FSA,NEW ORLEANS,,,failure,1
31686,1989-08-07,DELTA SAVINGS & LOAN ASSOCIATION,KENNER,,,failure,1
32091,1989-08-07,FIRST CITY FEDERAL S & L,BATON ROUGE,,,failure,1
29868,1989-08-07,HOME S & L ASSOC.,NEW ORLEANS,,,failure,1
28237,1989-08-07,SECURITY HOMESTEAD FEDERAL,NEW ORLEANS,,,failure,1
29832,1989-08-07,SOUTH S & L ASSOC.,SLIDELL,,,failure,1
31396,1989-08-07,TERREBONNE S & L ASSOC.,HOUMA,,,failure,1
25871,1989-08-04,PARK FORTY-FIVE NATIONAL BANK,SPRING,,,failure,1
4623,1989-08-03,BARNARD STATE BANK,BARNARD,,,failure,1
4233,1989-08-03,FIRST BANK AND TRUST COMPANY,YALE,,,failure,1
22457,1989-08-03,UNIVERSITY NATIONAL BANK,SAN ANTONIO,,,failure,1
32116,1989-08-01,CAPROCK FEDERAL SAVINGS & LOAN,LUBBOCK,,,failure,1
26722,1989-07-28,EMPIRE STATE BANK,NEW YORK,,,failure,1
26182,1989-07-27,BRUSHY CREEK NATIONAL BANK,ROUND ROCK,,,failure,1
31630,1989-07-27,CAPITOL CITY FEDERAL SAVINGS,AUSTIN,,,failure,1
31915,1989-07-27,CAPITOL FEDERAL S & L,LITTLE ROCK,,,failure,1
32068,1989-07-27,COMMERCIAL S & LA ASSOC.,HAMMOND,,,failure,1
23026,1989-07-27,FORESTWOOD NATIONAL BANK OF DALLAS,DALLAS,,,failure,1
32497,1989-07-27,FSA OF THE SOUTHWEST,KILGORE,,,failure,1
28955,1989-07-27,HALLMARK S & L ASSOCIATION,PLANO,,,failure,1
31821,1989-07-27,LAFAYETTE S & L ASSOC.,GRETNA,,,failure,1
31741,1989-07-27,NEW BRAUNFELS S & LA ASSOC.,NEW BRAUNFELS,,,failure,1
30484,1989-07-27,NEW GUARANTY FED. S & L ASSOC.,TAYLOR,,,failure,1
31824,1989-07-27,NORTH AMERICAN FSA,SAN ANTONIO,,,failure,1
11173,1989-07-27,THE TEXAS BANK & TRUST COMPANY,SWEETWATER,,,failure,1
1723,1989-07-26,HILDALGO COUNTY BANK,MERCEDES,,,failure,1
26270,1989-07-21,FIDELITY BANK,SCOTTSDALE,,,failure,1
32475,1989-07-20,AMERICAN INTERSTATE SA,LOS ANGELES,,,failure,1
32076,1989-07-20,COMMONWEALTH FEDERAL S & L,FORT LAUDERDALE,,,failure,1
25854,1989-07-20,FALLBROOK NATIONAL BANK,HOUSTON,,,failure,1
27978,1989-07-20,HOME FEDERAL S & L ASSOC.,MEMPHIS,,,failure,1
31350,1989-07-20,NEW MEXICO FSA,ALBUQUERQUE,,,failure,1
31984,1989-07-20,PARISH FEDERAL S & L ASSOC.,DENHAM SPRINGS,,,failure,1
29428,1989-07-20,PEOPLES S & L ASSOC.,STREATOR,,,failure,1
32428,1989-07-20,SIERRA S & L ASSOC.,BEVERLY HILLS,,,failure,1
15332,1989-07-20,"TEXAS AMERICAN BANK/AMARILLO, NA",AMARILLO,,,failure,1
18070,1989-07-20,"TEXAS AMERICAN BANK/AUSTIN, NA",AUSTIN,,,failure,1
13973,1989-07-20,TEXAS AMERICAN BANK/BRECKENRIDGE,BRECKENRIDGE,,,failure,1
16345,1989-07-20,"TEXAS AMERICAN BANK/DALLAS, NA",DALLAS,,,failure,1
3172,1989-07-20,"TEXAS AMERICAN BANK/DENISON, NA",DENISON,,,failure,1
18392,1989-07-20,TEXAS AMERICAN BANK/DUNCANVILLE,DUNCANVILLE,,,failure,1
23093,1989-07-20,TEXAS AMERICAN BANK/FARMERS BRANCH,FARMERS BRANCH,,,failure,1
3202,1989-07-20,"TEXAS AMERICAN BANK/FORT WORTH,",FORT WORTH,,,failure,1
20966,1989-07-20,"TEXAS AMERICAN BANK/FORUM, NA",ARLINGTON,,,failure,1
3205,1989-07-20,TEXAS AMERICAN BANK/FREDERICKSBURG,FREDERICKSBURG,,,failure,1
18307,1989-07-20,"TEXAS AMERICAN BANK/GALLERIA, NA",HOUSTON,,,failure,1
23672,1989-07-20,TEXAS AMERICAN BANK/GREATER SOUTH,GRAND PRAIRIE,,,failure,1
22317,1989-07-20,"TEXAS AMERICAN BANK/LBJ, NA",DALLAS,,,failure,1
16209,1989-07-20,TEXAS AMERICAN BANK/LEVELLAND,LEVELLAND,,,failure,1
23262,1989-07-20,"TEXAS AMERICAN BANK/LONGVIEW, NA",LONGVIEW,,,failure,1
3331,1989-07-20,"TEXAS AMERICAN BANK/MCKINNEY, NA",MCKINNEY,,,failure,1
17421,1989-07-20,"TEXAS AMERICAN BANK/MIDLAND, NA",MIDLAND,,,failure,1
24365,1989-07-20,"TEXAS AMERICAN BANK/PLANO, NA",PLANO,,,failure,1
22234,1989-07-20,"TEXAS AMERICAN BANK/PRESTONWOOD,",DALLAS,,,failure,1
23175,1989-07-20,TEXAS AMERICAN BANK/RICHARDSON,RICHARDSON,,,failure,1
20512,1989-07-20,"TEXAS AMERICAN BANK/SOUTHWEST, NA",STAFFORD,,,failure,1
21838,1989-07-20,"TEXAS AMERICAN BANK/TEMPLE, NA",TEMPLE,,,failure,1
20722,1989-07-20,"TEXAS AMERICAN BANK/TYLER, NA",TYLER,,,failure,1
18372,1989-07-20,TEXAS AMERICAN BANK/WICHITA FALLS,WICHITA FALLS,,,failure,1
17198,1989-07-20,UTICA NATIONAL BANK & TRUST COMP,TULSA,,,failure,1
25813,1989-07-14,"INDEPENDENT BANK, NATIONAL ASSOC",COPPELL,,,failure,1
24741,1989-07-13,BENNETT NATIONAL BANK,BENNETT,,,failure,1
32398,1989-07-13,CORNERSTONE FEDERAL SAVINGS,HOUSTON,,,failure,1
32154,1989-07-13,CROSS ROADS S & LA,CHECOTAH,,,failure,1
27874,1989-07-13,FIRST SAVINGS & LOAN,WACO,,,failure,1
19431,1989-07-13,NATIONAL BANK OF COMMERCE OF BROWNSVILLE,BROWNSVILLE,,,failure,1
28609,1989-07-13,PIONEER SAVINGS FA,PLYMOUTH,,,failure,1
16839,1989-07-13,THE STERLINGTON BANK,STERLINGTON,,,failure,1
17405,1989-07-05,102 VALLEY BANK,HOPKINS,,,failure,1
19069,1989-06-30,FIRST NATIONAL BANK OF RICHARDSON,RICHARDSON,,,failure,1
21155,1989-06-30,"INDEPENDENT BANK-EAST, NATIONAL",ROCKWALL,,,failure,1
31326,1989-06-29,"AMERIMAC SAVINGS BANK, FS",HILLSBORO,,,failure,1
28119,1989-06-29,FIRST FED. S & L ASSOC.,BAKERSFIELD,,,failure,1
26969,1989-06-29,HOBBY COMMUNITY BANK,HOUSTON,,,failure,1
31019,1989-06-29,MID MISSOURI S & L ASSOC.,BOONVILLE,,,failure,1
28581,1989-06-29,MISSOURI SAVINGS ASSOCIATION,CLAYTON,,,failure,1
11926,1989-06-29,NEW ULM STATE BANK,NEW ULM,,,failure,1
28378,1989-06-29,PEOPLES S & L ASSOC.,HAMPTON,,,failure,1
32142,1989-06-29,THE GUARDIAN FED. S & L ASSOC.,BAKERSFIELD,,,failure,1
29378,1989-06-29,VICTORIA SA,SAN ANTONIO,,,failure,1
30458,1989-06-22,FIRST FED. S & L ASSOC.,AMERICUS,,,failure,1
29507,1989-06-22,GREAT SOUTHERN FEDERAL SAVINGS,SAVANNAH,,,failure,1
27924,1989-06-22,HABERSHAM FEDERAL SA,CORNELIA,,,failure,1
24630,1989-06-22,PRESTON NORTH NATIONAL BANK,DALLAS,,,failure,1
20681,1989-06-21,"GUARDIAN BANK, N.A.",HEMPSTEAD,,,failure,1
25308,1989-06-15,"CAPITAL BANK-NORTHWEST, NATIONAL",SAN ANTONIO,,,failure,1
23695,1989-06-15,HELOTES STATE BANK,HELOTES,,,failure,1
21999,1989-06-15,NORTHERN BANK & TRUST,FORT COLLINS,,,failure,1
31997,1989-06-14,SUN STATE SAVINGS & LOAN,PHOENIX,,,failure,1
28597,1989-06-14,WESTERN SAVINGS & LOAN,PHOENIX,,,failure,1
22612,1989-06-09,TREASURE STATE BANK,GLASGOW,,,failure,1
28625,1989-06-08,CIVIC SAVINGS BANK,PORTSMOUTH,,,failure,1
26547,1989-06-08,FIRST AMERICAN BANK,SAN ANTONIO,,,failure,1
23945,1989-06-08,FULSHEAR STATE BANK,FULSHEAR,,,failure,1
29830,1989-06-08,"HORIZON FINANCIAL, FA",SOUTHAMPTON,,,failure,1
24542,1989-06-08,LAKE COUNTRY NATIONAL BANK,BURNET,,,failure,1
6012,1989-05-31,THE FIRST STATE BANK,FORGAN,,,failure,1
23108,1989-05-25,LIBERTY NATIONAL BANK,DALLAS,,,failure,1
24917,1989-05-24,BANK OF AURORA,AURORA,,,failure,1
23545,1989-05-24,COMMERCE AND ENERGY BANK,LAFAYETTE,,,failure,1
24595,1989-05-24,FIRST EASTERN BANK & TRUST COMPANY,NEW ORLEANS,,,failure,1
23753,1989-05-19,GRAND CANYON STATE BANK,SCOTTSDALE,,,failure,1
4749,1989-05-18,FIRST NATIONAL BANK AT OSWEGO,OSWEGO,,,failure,1
1220,1989-05-18,SECURITY BANK & TRUST COMPANY,WHARTON,,,failure,1
25218,1989-05-18,"THE BANK OF EDMOND, NATIONAL ASSOC",EDMOND,,,failure,1
3223,1989-05-18,THE FIRST NATIONAL BANK OF GORDON,GORDON,,,failure,1
26636,1989-05-12,LEWIS COUNTY SAVINGS AND LOAN CO,WESTON,,,failure,1
11918,1989-05-11,LEXINGTON STATE BANK,LEXINGTON,,,failure,1
24318,1989-05-04,FIRST NATIONAL BANK OF EAST BATON ROUGE,BATON ROUGE,,,failure,1
24657,1989-05-04,GREATER TEXAS BANK LEANDER,LEANDER,,,failure,1
17436,1989-05-04,KATY NATIONAL BANK,KATY,,,failure,1
23735,1989-04-27,"BANK OF LAKEWOOD, NATIONAL ASSOC",LAKEWOOD,,,failure,1
30374,1989-04-27,METROPOLITAN FED. S & L ASSOC.,DENVILLE,,,failure,1
32231,1989-04-27,SEABANK FED. SAVINGS BANK,MYRTLE BEACH,,,failure,1
25794,1989-04-27,SEMINOLE NATIONAL BANK,HOLLYWOOD,,,failure,1
30262,1989-04-27,SOUTHWEST FEDERAL SAVINGS ASSOC.,LOS ANGELES,,,failure,1
28508,1989-04-27,"WESTCO SAVINGS BANK, FSB",WILMINGTON,,,failure,1
18462,1989-04-21,ALLIANCE BANK,ANCHORAGE,,,failure,1
22099,1989-04-20,CONTINENTAL NATIONAL BANK,SAN ANTONIO,,,failure,1
17020,1989-04-20,FIRST STATE BANK,DEANVILLE,,,failure,1
20053,1989-04-20,TRAVIS BANK AND TRUST,AUSTIN,,,failure,1
29642,1989-04-14,LINCOLN SAVINGS & LOAN,IRVINE,,,failure,1
19752,1989-04-13,"ALLIED OKLAHOMA BANK, NATIONAL ASSOC",OKLAHOMA CITY,,,failure,1
32108,1989-04-13,TROPICAL FS&LA,MIAMI,,,assistance,1
22151,1989-04-12,THE COMMONWEALTH BANK,BELLAIRE,,,failure,1
32268,1989-04-06,AMERICAN FEDERAL SAVINGS BANK,AUSTIN,,,failure,1
29073,1989-04-06,AMERICAN FS & LA OF COLORADO,COLORADO SPRINGS,,,failure,1
32045,1989-04-06,ARROWHEAD PACIFIC FEDERAL SAVINGS,SAN BERNARDINO,,,failure,1
32278,1989-04-06,BEDFORD SAVINGS ASSOC.,BEDFORD,,,failure,1
32146,1989-04-06,CABRILLO FEDERAL SAVINGS BANK,SAN JOSE,,,failure,1
29017,1989-04-06,CASS FS & LA OF ST. LOUIS,FLORISSANT,,,failure,1
27655,1989-04-06,CENTENNIAL SAVINGS BANK,GREENVILLE,,,failure,1
31831,1989-04-06,CENTRAL S & L ASSOC.,JACKSON,,,failure,1
30444,1989-04-06,CENTRAL TEXAS S & LA,WACO,,,failure,1
31691,1989-04-06,CITY FEDERAL S & L ASSOC.,OAKLAND,,,failure,1
32197,1989-04-06,CITY S & L ASSOC.,WESTLAKE VILLAGE,,,failure,1
31855,1989-04-06,DELTA FS & LA,DREW,,,failure,1
30705,1989-04-06,EQUITY FEDERAL SAVINGS BANK,DENVER,,,failure,1
30990,1989-04-06,EXCEL BANC SAVINGS ASSOC.,LAREDO,,,failure,1
32259,1989-04-06,FIDELITY FSB,CORINTH,,,failure,1
29458,1989-04-06,FINANCIAL FEDERAL SA,JOPLIN,,,failure,1
32560,1989-04-06,FIRST CALIFORNIA SAVINGS,ORANGE,,,failure,1
27775,1989-04-06,FIRST FED. S & L OF SOUTHEAST MO.,CAPE GIRARDEAU,,,failure,1
28228,1989-04-06,FIRST FED. SAVINGS BANK,EAST ALTON,,,failure,1
29408,1989-04-06,FIRST FS & LA OF ESTHERVILLE,ESTHERVILLE,,,failure,1
3366,1989-04-06,FIRST NATIONAL BANK OF NOCONA,NOCONA,,,failure,1
27777,1989-04-06,FIRST OF KANSAS SAVINGS,HAYS,,,failure,1
31697,1989-04-06,FOUNDERS FEDERAL S & L,LOS ANGELES,,,failure,1
32059,1989-04-06,GATEWAY FEDERAL SAVINGS BANK,OAKLAND,,,failure,1
32225,1989-04-06,GOLDEN CIRCLE SA,CORSICANA,,,failure,1
31334,1989-04-06,HERITAGE BANC SAVINGS,DUNCANVILLE,,,failure,1
31766,1989-04-06,INDEPENDENCE S & L ASSOC.,VALLEJO,,,failure,1
27663,1989-04-06,LIBERTYVILLE FED. S & L ASSOC.,LIBERTYVILLE,,,failure,1
32048,1989-04-06,MERIDIAN SAVING ASSOCIATION,ARLINGTON,,,failure,1
32279,1989-04-06,PARK CITIES SAVINGS ASSOCIATION,DALLAS,,,failure,1
32528,1989-04-06,PERPETUAL SAVINGS ASSOCIATION,SANTA ANA,,,failure,1
31542,1989-04-06,REPUBLIC BANK FOR SAVINGS,JACKSON,,,failure,1
27638,1989-04-06,RESOURCE SA,DENISON,,,failure,1
32132,1989-04-06,ROYAL OAK S & L ASSOC.,MANTECA,,,failure,1
30518,1989-04-06,SIOUX VALLEY S & LA,CHEROKEE,,,failure,1
23389,1989-04-06,ST. TAMMANY NATIONAL BANK,MANDEVILLE,,,failure,1
31252,1989-04-06,STATE MUTUAL FED. S & L ASSOC.,JACKSON,,,failure,1
32506,1989-04-06,UNIFIED SAVINGS FS & LA,NORTHRIDGE,,,failure,1
32087,1989-04-06,WASHINGTON S & L ASSOC.,STOCKTON,,,failure,1
31256,1989-04-05,MURRAY SAVINGS ASSOCIATION,DALLAS,,,failure,1
21973,1989-03-31,FIRST SERVICE BANK FOR SAVINGS,LEOMINSTER,,,failure,1
31392,1989-03-31,"GIBRALTAR SAVINGS BANK, FSB",SEATTLE,,,failure,1
31629,1989-03-31,"GIBRALTAR SAVINGS, FA",SIMI VALLEY,,,failure,1
26807,1989-03-31,INTERSTATE BANK OF COMMERCE,MIAMI,,,failure,1
25099,1989-03-31,"PREMIER BANK, A NATIONAL ASSOCIATION",DALLAS,,,failure,1
28071,1989-03-30,BALDWIN COUNTY FED. SAVINGS BANK,ROBERTSDALE,,,failure,1
28493,1989-03-30,BROADVIEW SAVINGS BANK,CLEVELAND,,,failure,1
29160,1989-03-30,CARTERSVILLE FSB OF GEORGIA,CARTERSVILLE,,,assistance,1
30202,1989-03-30,CITY FS & LA,BIRMINGHAM,,,failure,1
31884,1989-03-30,COMMUNITY FED. S & L ASSOC.,NEWPORT NEWS,,,failure,1
29306,1989-03-30,DURAND FS & LA,DURAND,,,failure,1
32405,1989-03-30,GREAT ATLANTIC SAVINGS BANK,MANTEO,,,failure,1
22576,1989-03-30,HARVARD BANK,TULSA,,,failure,1
30613,1989-03-30,HERITAGE FS & LA,MONROE,,,failure,1
29694,1989-03-30,MIDLAND BUCKEYE SAVINGS,ALLIANCE,,,failure,1
19019,1989-03-28,"MBANK ABILENE, NATIONAL ASSOCIATION",ABILENE,,,failure,1
5509,1989-03-28,"MBANK ALAMO, NATIONAL ASSOCIATION",SAN ANTONIO,,,failure,1
3083,1989-03-28,"MBANK AUSTIN, NATIONAL ASSOCIATION",AUSTIN,,,failure,1
3112,1989-03-28,"MBANK BRENHAM, NATIONAL ASSOCIATION",BRENHAM,,,failure,1
3154,1989-03-28,"MBANK CORSICANA, NATIONAL ASSOCIATION",CORSICANA,,,failure,1
3163,1989-03-28,"MBANK DALLAS, NATIONAL ASSOCIATION",DALLAS,,,failure,1
18790,1989-03-28,"MBANK DENTON COUNTY, NATIONAL ASSOC",LEWISVILLE,,,failure,1
3201,1989-03-28,"MBANK FORT WORTH, NATIONAL ASSOC",FORT WORTH,,,failure,1
1191,1989-03-28,"MBANK GREENVILLE, NATIONAL ASSOC",GREENVILLE,,,failure,1
19456,1989-03-28,"MBANK HOUSTON, NATIONAL ASSOC",HOUSTON,,,failure,1
3393,1989-03-28,"MBANK JEFFERSON COUNTY, NA",PORT ARTHUR,,,failure,1
3309,1989-03-28,"MBANK LONGVIEW, NATIONAL ASSOC",LONGVIEW,,,failure,1
3323,1989-03-28,"MBANK MARSHALL, NATIONAL ASSOC",MARSHALL,,,failure,1
18571,1989-03-28,"MBANK MIDCITIES, NATIONAL ASSOC",ARLINGTON,,,failure,1
16254,1989-03-28,"MBANK ODESSA, NATIONAL ASSOC",ODESSA,,,failure,1
18144,1989-03-28,"MBANK ORANGE, NATIONAL ASSOC",ORANGE,,,failure,1
15342,1989-03-28,"MBANK ROUND ROCK, NATIONAL ASSOC",ROUND ROCK,,,failure,1
5528,1989-03-28,"MBANK SHERMAN, NATIONAL ASSOC",SHERMAN,,,failure,1
23160,1989-03-28,"MBANK THE WOODLANDS, NATIONAL ASSOC",THE WOODLANDS,,,failure,1
5585,1989-03-28,"MBANK WICHITA FALLS, NATIONAL ASSOC",WICHITA FALLS,,,failure,1
21538,1989-03-23,FIRST BANK OF ROWLETT,ROWLETT,,,failure,1
15903,1989-03-23,FIRST STATE BANK,ROGERS,,,failure,1
16131,1989-03-23,INDUSTRIAL BANK,HOUSTON,,,failure,1
26257,1989-03-17,ENTERPRISE BANK OF FLORIDA,MIAMI LAKES,,,failure,1
32554,1989-03-16,ACADIA SAVINGS & LOAN,CROWLEY,,,failure,1
27681,1989-03-16,AMERICAN SECURITY FS & LA,CHICAGO,,,failure,1
32011,1989-03-16,BRICKELLBANC SAVINGS ASSOC.,MIAMI,,,failure,1
29413,1989-03-16,CHILLICOTHE FED. S & L ASSOC.,CHILLICOTHE,,,failure,1
31548,1989-03-16,COMMUNITY FED. S & L ASSOC.,TAMPA,,,failure,1
28058,1989-03-16,CONTINENTAL FS & LA,OKLAHOMA CITY,,,failure,1
31799,1989-03-16,DEEP EAST TEXAS SA,JASPER,,,failure,1
32131,1989-03-16,EVANGELINE FEDERAL SAVINGS & LOAN,LAFAYETTE,,,failure,1
32063,1989-03-16,FAMILY FS & LA,SHREVEPORT,,,failure,1
27698,1989-03-16,FIDELITY S & LA,PORT ARTHUR,,,failure,1
32630,1989-03-16,FINANCIAL SECURITY S & L ASSOC.,DELRAY BEACH,,,failure,1
27631,1989-03-16,FIRST FED. S & L ASSOC.,SHREVEPORT,,,failure,1
31079,1989-03-16,FIRST FED. S & L ASSOC.,NEW IBERIA,,,failure,1
31546,1989-03-16,FIRST FED. S & L ASSOC.,EUNICE,,,failure,1
30561,1989-03-16,FIRST FED. S & L OF THE FLORIDA KEYS,KEY WEST,,,failure,1
29128,1989-03-16,FIRST FED. S & LA OF SEMINOLE,SEMINOLE,,,failure,1
30907,1989-03-16,FIRST FS & LA,BATON ROUGE,,,failure,1
31803,1989-03-16,FIRST SAV. ASSOC. SOUTHEAST TEXAS,SILSBEE,,,failure,1
32513,1989-03-16,FIRST SAVINGS OF AMERICA FS & LA,ORLAND PARK,,,failure,1
32081,1989-03-16,FIRST VENICE S & LA,VENICE,,,failure,1
31791,1989-03-16,GENERAL SAVINGS ASSOC.,HENDERSON,,,failure,1
31782,1989-03-16,GOLDEN TRIANGLE S & LA,BRIDGE CITY,,,failure,1
28707,1989-03-16,HOME FS & LA OF CENTRALIA,CENTRALIA,,,failure,1
31066,1989-03-16,HOME SAVINGS FSLA,JOLIET,,,failure,1
31355,1989-03-16,ILLINOIS SAVINGS BANK,PEORIA,,,failure,1
21850,1989-03-16,ISLAND BANK,SOUTH PADRE ISLAND,,,failure,1
29267,1989-03-16,JASPER FS & LA,JASPER,,,failure,1
31402,1989-03-16,JEFFERSON S & L ASSOC.,BEAUMONT,,,failure,1
32540,1989-03-16,LIBERTY FEDERAL SAVINGS,NEW PORT RICHEY,,,failure,1
32035,1989-03-16,LINCOLN S & LA,MIAMI,,,failure,1
15786,1989-03-16,LIVINGSTON BANK,DENHAM SPRINGS,,,failure,1
27762,1989-03-16,MADISON COUNTY FED. S & L ASSOC.,GRANITE CITY,,,failure,1
18183,1989-03-16,MERCHANTS MARINE BANK,PORT ISABEL,,,failure,1
30780,1989-03-16,MERITBANC SAVINGS ASSOCIATION,HOUSTON,,,failure,1
31706,1989-03-16,MIAMI SAVINGS BANK,MIAMI,,,failure,1
27717,1989-03-16,MIDWEST HOME FSB,BELLEVILLE,,,failure,1
27829,1989-03-16,MIDWESTERN SA,MACOMB,,,failure,1
31825,1989-03-16,PEOPLES FS & LA OF THIBODAUX,THIBODAUX,,,failure,1
32041,1989-03-16,RIVER CITY FEDERAL SAVINGS,BATON ROUGE,,,failure,1
32160,1989-03-16,ROYAL PALM SAVINGS BANK,WEST PALM BEACH,,,failure,1
29038,1989-03-16,RUSK FED. S & L ASSOC.,RUSK,,,failure,1
31096,1989-03-16,SABINE VALLEY S & L ASSOC.,CENTER,,,failure,1
31779,1989-03-16,SAVINGS OF TEXAS ASSOC.,JACKSONVILLE,,,failure,1
32544,1989-03-16,SECURITY SAVINGS ASSOCIATION,TEXARKANA,,,failure,1
30935,1989-03-16,SKOKIE FS & LA,SKOKIE,,,failure,1
31262,1989-03-16,SOUTHEAST TEXAS FSA,WOODVILLE,,,failure,1
32129,1989-03-16,SPINDLETOP SA,BEAUMONT,,,failure,1
30026,1989-03-16,THE DUNCAN S & L ASSOC.,DUNCAN,,,failure,1
11893,1989-03-16,THE FARMERS & MERCHANTS STATE BANK,BALLINGER,,,failure,1
15223,1989-03-16,"THE FARMERS STATE BANK, BOGUE",BOGUE,,,failure,1
31907,1989-03-16,TIMBERLAND FSA,NACOGDOCHES,,,failure,1
30622,1989-03-15,FIRST SOUTH SA,HOUSTON,,,failure,1
23984,1989-03-10,"BANKERS TRUST OF LOUISIANA, NA",KENNER,,,failure,1
29168,1989-03-09,ALPINE SAVINGS,STEAMBOAT SPRINGS,,,failure,1
31290,1989-03-09,AMERICAN FS & LA,ALBUQUERQUE,,,failure,1
31417,1989-03-09,AMERICAN S & LA OF BRAZORIA,LAKE JACKSON,,,failure,1
31413,1989-03-09,AMERIWAY SAVINGS,HOUSTON,,,failure,1
31128,1989-03-09,BANCPLUS SAVINGS ASSOCIATION,PASADENA,,,failure,1
25662,1989-03-09,BANK OF THE WEST,AUSTIN,,,failure,1
27627,1989-03-09,BANKERS S & L ASSOC.,GALVESTON,,,failure,1
30925,1989-03-09,BAYSHORE SA,LAPORTE,,,failure,1
30761,1989-03-09,BENJAMIN FRANKLIN SA,HOUSTON,,,failure,1
29718,1989-03-09,CENTURY FEDERAL SAVINGS BANK,TRENTON,,,failure,1
31707,1989-03-09,CENTURY SAVINGS & LOAN,BAYTOWN,,,failure,1
13247,1989-03-09,CITIZENS BANK AND TRUST,CALVERT,,,failure,1
31163,1989-03-09,CITIZENS OF TEXAS S & L ASSOC.,BAYTOWN,,,failure,1
32117,1989-03-09,CITY SAVINGS ASSOC.,LEAGUE CITY,,,failure,1
31935,1989-03-09,COLORADO S & L ASSOC.,ENGLEWOOD,,,failure,1
31896,1989-03-09,COMMONWEALTH SAVINGS ASSOC.,HOUSTON,,,failure,1
27885,1989-03-09,CONCORD-LIBERTY FED. S & L ASSOC.,MONROEVILLE,,,failure,1
32616,1989-03-09,"CONTINENTAL SAVINGS, A FS & LA",BELLAIRE,,,failure,1
31571,1989-03-09,FIRST CAPITAL SAVINGS ASSOC./TEXAS,HOUSTON,,,failure,1
31767,1989-03-09,FIRST EQUITY SA,TOMBALL,,,failure,1
27702,1989-03-09,FIRST FED. S & L ASSOC.,ATLANTA,,,failure,1
30902,1989-03-09,FIRST FED. S & L ASSOC.,SUMMERVILLE,,,failure,1
28819,1989-03-09,FIRST FED. S & LA OF COLORADO SPR.,COLORADO SPRINGS,,,failure,1
31342,1989-03-09,FIRST SAVINGS BANK OF ALABAMA,HAMILTON,,,failure,1
31879,1989-03-09,GERMANTOWN TRUST SAVINGS,GERMANTOWN,,,failure,1
30204,1989-03-09,HILL FINANCIAL SA,RED HILL,,,failure,1
31730,1989-03-09,HUMBLE S & L ASSOC.,HUMBLE,,,failure,1
23590,1989-03-09,LAKEWAY NATIONAL BANK,AUSTIN,,,failure,1
30325,1989-03-09,LIBERTY BELL SAVINGS ASSOC.,BEAVER FALLS,,,failure,1
29204,1989-03-09,LIBERTY COUNTY FS & LA,LIBERTY,,,failure,1
31866,1989-03-09,LINCOLN FS & LA,MT. CARMEL,,,failure,1
28354,1989-03-09,MESA FS & LA OF COLORADO,GRAND JUNCTION,,,failure,1
28775,1989-03-09,MODERN FED. S & L ASSOC.,GRAND JUNCTION,,,failure,1
28131,1989-03-09,OTERO S & L ASSOC.,COLORADO SPRINGS,,,failure,1
27812,1989-03-09,PEOPLES SAVINGS ASSOC.,ST. JOSEPH,,,failure,1
32557,1989-03-09,PHENIX FED. S & L ASSOC.,PHENIX CITY,,,failure,1
32046,1989-03-09,ROCKY MOUNTAIN S & L ASSOC.,WOODLAND PARK,,,failure,1
31909,1989-03-09,SOUTHEASTERN SAVINGS ASSOC.,DAYTON,,,failure,1
30937,1989-03-09,SPRING BRANCH S & LA,HOUSTON,,,failure,1
32020,1989-03-09,SUN COUNTRY SB OF NEW MEXICO,ALBUQUERQUE,,,failure,1
29553,1989-03-09,SUN S & LA,PARKER,,,failure,1
31556,1989-03-09,TRINITY VALLEY SAVINGS,CLEVELAND,,,failure,1
31829,1989-03-09,UNITED GUARANTY FED. SAVINGS BANK,TULLAHOMA,,,failure,1
31582,1989-03-09,UNIVERSAL SA,HOUSTON,,,failure,1
28414,1989-03-09,VALLEY FEDERAL S & L ASSOC.,GRAND JUNCTION,,,failure,1
30427,1989-03-09,VALLEY FEDERAL SAVINGS,ROSWELL,,,failure,1
32014,1989-03-09,VILLAGE SAVINGS FSB,HOUSTON,,,failure,1
31806,1989-03-09,WESTERN GULF SAVINGS,BAY CITY,,,failure,1
30924,1989-03-02,ALAMO SA OF TEXAS,SAN ANTONIO,,,failure,1
32462,1989-03-02,BEXAR SAVINGS ASSOCIATION,SAN ANTONIO,,,failure,1
31132,1989-03-02,COLONIAL SAVINGS ASSOCIATION,LIBERAL,,,failure,1
31653,1989-03-02,COMMONWEALTH S & L ASSOC.,OSCEOLA,,,failure,1
31968,1989-03-02,ELMWOOD FED. S & L ASSOC.,HARAHAN,,,failure,1
31993,1989-03-02,ENTERPRISE FEDERAL SAVINGS,MARRERO,,,failure,1
30672,1989-03-02,FIRST FED. S & L ASSOC.,FAYETTEVILLE,,,failure,1
30740,1989-03-02,FIRST FED. S & L ASSOC.,MALVERN,,,failure,1
30856,1989-03-02,FIRST FEDERAL BANK OF ALASKA,ANCHORAGE,,,failure,1
29305,1989-03-02,FIRST FEDERAL SAVINGS/HUTCHINSON,HUTCHINSON,,,failure,1
29909,1989-03-02,FIRST FS & LA OF COFFEYVILLE,COFFEYVILLE,,,failure,1
29264,1989-03-02,FIRST FSB OF KANSAS,WELLINGTON,,,failure,1
32553,1989-03-02,FIRST SAVINGS OF LOUISIANA,LA PLACE,,,failure,1
31765,1989-03-02,FIRST STATE SAVINGS,SAN ANTONIO,,,failure,1
31112,1989-03-02,FIRST STATE SAVINGS BANK,MOUNTAIN HOME,,,failure,1
32019,1989-03-02,FOUNTAINBLEAU FEDERAL,SLIDELL,,,failure,1
32450,1989-03-02,GIBRALTAR S & L ASSOC.,ANNAPOLIS,,,failure,1
31937,1989-03-02,HOME FED. S & L ASSOC.,MOUNTAIN HOME,,,failure,1
31675,1989-03-02,HOME SAVINGS BANK,ANCHORAGE,,,failure,1
31970,1989-03-02,LA HACIENDA SAVINGS ASSOC.,SAN ANTONIO,,,failure,1
29217,1989-03-02,LANDMARK SAVINGS BANK FSB,HOT SPRINGS,,,failure,1
31917,1989-03-02,MADISON GUARANTY S & LA,MCCRORY,,,failure,1
28146,1989-03-02,MID AMERICA FED. S & L ASSOC.,PARSONS,,,failure,1
31656,1989-03-02,MISSION SA OF TEXAS,SAN ANTONIO,,,failure,1
31625,1989-03-02,PADRE FEDERAL S & L,CORPUS CHRISTI,,,failure,1
27864,1989-03-02,PEOPLES S & L ASSOC.,PARSONS,,,failure,1
31116,1989-03-02,PERMIAN S & L ASSOC.,KERMIT,,,failure,1
28410,1989-03-02,SAN ANTONIO SAVINGS,SAN ANTONIO,,,failure,1
28850,1989-03-02,SHAWNEE FED. S & L ASSOC.,TOPEKA,,,failure,1
31394,1989-03-02,SOUTHMOST S & L,BROWNSVILLE,,,failure,1
31874,1989-03-02,SUBURBAN SAVINGS ASSOC.,SAN ANTONIO,,,failure,1
27726,1989-03-02,THE BARBER COUNTY S & L ASSOC.,MEDICINE LODGE,,,failure,1
32561,1989-03-02,TOPEKA SAVINGS,TOPEKA,,,failure,1
31933,1989-03-02,UNIPOINT FED. SAVINGS BANK,TRUMANN,,,failure,1
28159,1989-03-02,VALLEY FS & LA OF HUTCHINSON,HUTCHINSON,,,failure,1
31908,1989-03-02,VISION BANC SAVINGS ASSOC.,KINGSVILLE,,,failure,1
31040,1989-02-28,COMMERCE SA,SAN ANTONIO,,,failure,1
31886,1989-02-24,FIRST VALLEY S&LA,PIKEVILLE,,,failure,1
31478,1989-02-24,MID-STATE S&LA,CHAMPAIGN,,,failure,1
28582,1989-02-17,AMERICAN S & LA,SALT LAKE CITY,,,failure,1
27845,1989-02-17,ANCHOR SA,KANSAS CITY,,,failure,1
27974,1989-02-17,BLUE VALLEY FS & LA,KANSAS CITY,,,failure,1
31420,1989-02-17,COLUMBIA FED. SAVINGS BANK,WESTPORT,,,failure,1
28814,1989-02-17,COMMUNITY SAVING & LOAN,FOND DU LAC,,,failure,1
29383,1989-02-17,CONCORDIA FEDERAL BANK FOR SAVINGS,LANSING,,,failure,1
31532,1989-02-17,ELYSIAN FEDERAL SAVINGS BANK,HOBOKEN,,,failure,1
29936,1989-02-17,EQUITABLE FEDERAL SAVINGS BANK,FREMONT,,,failure,1
31242,1989-02-17,FIRST FS & LA,LARGO,,,failure,1
32552,1989-02-17,"FRENCH MARKET HOMESTEAD, FSA",METAIRIE,,,failure,1
29965,1989-02-17,GUARANTY FED. S & L ASSOC.,BIRMINGHAM,,,failure,1
32471,1989-02-17,HORIZON FED. S & L ASSOC.,METAIRIE,,,failure,1
31614,1989-02-17,INDEPENDENCE FS & LA,BATESVILLE,,,failure,1
29149,1989-02-17,MIDWEST FED. S & L ASSOC.,NEBRASKA CITY,,,failure,1
32621,1989-02-17,MOUNTAINWEST S & L ASSOC.,OGDEN,,,failure,1
30522,1989-02-17,NILE VALLEY FEDERAL S & L ASSOC.,SCOTTSBLUFF,,,failure,1
30050,1989-02-17,NORTH JERSEY FEDERAL SAV. ASSOC.,PASSAIC,,,failure,1
30186,1989-02-17,OCCIDENTAL/NEBRASKA FSB,OMAHA,,,failure,1
29400,1989-02-17,PLATTE VALLEY FS & LA,GERING,,,failure,1
31399,1989-02-17,SECURITY S & LA,SCOTTSDALE,,,failure,1
32535,1989-02-17,SOUTHERN FLORIDABANC FEDERAL,BOCA RATON,,,failure,1
30608,1989-02-17,SOUTHWEST S & LA,PHOENIX,,,failure,1
28698,1989-02-17,"SUN SAVINGS ASSOCIATION, FA",KANSAS CITY,,,failure,1
16751,1989-02-17,THE FIRST STATE BANK,ABILENE,,,failure,1
32585,1989-02-17,UNIVERSAL SAVINGS & LOAN,SCOTTSDALE,,,failure,1
31927,1989-02-17,WESTWOOD S & L ASSOC.,LOS ANGELES,,,failure,1
17537,1989-02-16,LOUISIANA BANK & TRUST COMPANY,SHREVEPORT,,,failure,1
22078,1989-02-16,SECURITY BANK,HOUSTON,,,failure,1
25335,1989-02-16,TEXAS NATIONAL BANK,HOUSTON,,,failure,1
13830,1989-02-16,THE HOME STATE BANK,ARCADIA,,,failure,1
25812,1989-02-16,WESTPOINT NATIONAL BANK,SAN ANTONIO,,,failure,1
24359,1989-02-15,FIRST CONTINENTAL NATIONAL BANK,HOUSTON,,,failure,1
30685,1989-02-14,UNIVERSITY FEDERAL SAVINGS,HOUSTON,,,failure,1
30540,1989-02-13,MIDWEST FEDERAL SAVINGS,MINNEAPOLIS,,,failure,1
31095,1989-02-10,BRIGHT BANC,DALLAS,,,failure,1
28553,1989-02-10,DESERET S & L ASSOC.,SALT LAKE CITY,,,failure,1
28782,1989-02-10,FIRST FEDERAL OF ARKANSAS,LITTLE ROCK,,,failure,1
31136,1989-02-10,SANDIA FS & LA,ALBUQUERQUE,,,failure,1
29423,1989-02-10,SAVERS FS & LA,LITTLE ROCK,,,failure,1
32159,1989-02-10,SIGNAL S&LA,SIGNAL HILL,,,failure,1
17326,1989-02-09,CITIZENS BANK,HOUSTON,,,failure,1
22233,1989-02-09,CITIZENS BANK HOUSTON,HOUSTON,,,failure,1
1178,1989-02-09,FIRST BANK & TRUST,BRYAN,,,failure,1
28503,1989-02-07,BALTIMORE FEDERAL FINANCIAL,BALTIMORE,,,failure,1
32549,1989-02-07,FREEDOM S & LA,TAMPA,,,failure,1
31503,1989-02-07,GILL SA,SAN ANTONIO,,,failure,1
28560,1989-02-07,PACIFIC SAVINGS BANK,COSTA MESA,,,failure,1
18363,1989-02-03,ALASKA STATEBANK,ANCHORAGE,,,failure,1
29752,1989-02-03,COOK COUNTY FS&LA,CHICAGO,,,assistance,1
24562,1989-01-31,METROPOLITAN NATIONAL BANK,SAN ANTONIO,,,assistance,1
32024,1989-01-27,CARVER S&LA,ESCONDIDO,,,failure,1
31846,1989-01-27,FIRST FS&LA IN NEW ALBANY,NEW ALBANY,,,failure,1
24537,1989-01-27,OAKWOOD NATIONAL BANK,ENID,,,failure,1
17063,1989-01-26,CITIZENS STATE BANK,EARTH,,,failure,1
24705,1989-01-26,"COMMUNITY BANK, NATIONAL ASSOCIATION",DECKER PRAIRIE,,,failure,1
26205,1989-01-26,FIRST STATE BANK OF TEXAS,DUNCANVILLE,,,failure,1
23350,1989-01-19,FIRST NATIONAL BANK OF CEDAR PARK,CEDAR PARK,,,failure,1
16374,1989-01-19,MERCHANTS STATE BANK,DALLAS,,,failure,1
31743,1989-01-19,SOUTHERN FEDERAL SB,THOMASVILLE,,,failure,1
12718,1989-01-19,THE PLANTERS BANK & TRUST COMPANY,HAYNESVILLE,,,failure,1
16837,1989-01-12,COMMERCIAL STATE BANK,HOUSTON,,,failure,1
13440,1989-01-12,FIRST STATE BANK,HARPER,,,failure,1
26655,1989-01-12,OAK HILL NATIONAL BANK,TRAVIS COUNTY,,,failure,1
24959,1989-01-12,ORLEANS BANK AND TRUST COMPANY,NEW ORLEANS,,,failure,1
22239,1989-01-12,ROLLING HILLS STATE BANK,PIEDMONT,,,failure,1
17220,1989-01-12,THE NATIONAL BANK OF BOSSIER CITY,BOSSIER CITY,,,failure,1
24297,1989-01-12,WEST BELT NATIONAL BANK,HOUSTON,,,failure,1
8139,1989-01-05,BANK OF BENTON,BENTON,,,failure,1
31946,1988-12-31,BROWARD FS&LA,SUNRISE,,,assistance,1
30162,1988-12-31,PEORIA S&LA,PEORIA,,,assistance,1
32492,1988-12-30,BEACH FS&LA,BOYNTON BEACH,,,assistance,1
30228,1988-12-30,COLUMBIA FS&LA,ENGLEWOOD,,,assistance,1
29251,1988-12-30,FIRST FS&LA OF JACKSONVILLE,JACKSONVILLE,,,assistance,1
28164,1988-12-30,GREAT FALLS FS&LA,GREAT FALLS,,,assistance,1
30607,1988-12-30,HOME FS&LA,SPENCER,,,assistance,1
28323,1988-12-30,JACKSON COUNTY FSA,MEDFORD,,,assistance,1
29610,1988-12-30,NORTHWEST FS&LA,SPENCER,,,assistance,1
30420,1988-12-30,PATHWAY FINANCIAL,CHICAGO,,,assistance,1
1259,1988-12-30,TRACY-COLLINS BANK & TRUST COMPANY,SALT LAKE CITY,,,assistance,1
29959,1988-12-30,UNITED SAVINGS ASSOCIATION OF TEXAS,HOUSTON,,,assistance,1
30825,1988-12-29,AMERICAN SB,SPRINGFIELD,,,assistance,1
32311,1988-12-29,BAYVIEW FSA,CORPUS CHRISTI,,,assistance,1
31797,1988-12-29,BURNET S&LA,BURNET,,,assistance,1
31504,1988-12-29,CHARTER SAVINGS S&LA,CORPUS CHRISTI,,,assistance,1
28907,1988-12-29,FIRST FS&LA,LULING,,,assistance,1
32042,1988-12-29,INDEPENDENCE S&LA,GONZALES,,,assistance,1
32272,1988-12-29,KEYSTONE S&LA,LAMPASAS,,,assistance,1
31979,1988-12-29,LEE SAVINGS ASSOCIATION,GIDDINGS,,,assistance,1
31562,1988-12-29,PEOPLES S&LA,LLANO,,,assistance,1
32074,1988-12-29,RANCHERS SAVINGS ASSOCIATION,JOHNSON CITY,,,assistance,1
29808,1988-12-29,SEGUIN SAVINGS ASSOCIATION,SEGUIN,,,assistance,1
31860,1988-12-29,UNION SA,SAN ANTONIO,,,assistance,1
29405,1988-12-29,YOAKUM FS&LA,YOAKUM,,,assistance,1
31244,1988-12-28,FIRST FINANCIAL SB,DES MOINES,,,assistance,1
28252,1988-12-27,FIRST TEXAS SAVINGS ASSOCIATION,DALLAS,,,assistance,1
27653,1988-12-27,GIBRALTAR SA,HOUSTON,,,assistance,1
30535,1988-12-27,KILLEEN S&LA,KILLEEN,,,assistance,1
32564,1988-12-27,MONTFORT SAVINGS ASSOCIATION,DALLAS,,,assistance,1
29447,1988-12-23,VIRGINIA FS&LA,RICHMOND,,,assistance,1
29219,1988-12-22,COMMODORE SAVINGS ASSOCIATION,DALLAS,,,assistance,1
29494,1988-12-22,FIRST FS&LA,BIG SPRING,,,assistance,1
29212,1988-12-22,FIRST WESTERN S&LA,COLORADO CITY,,,assistance,1
29077,1988-12-22,HOME S&LA,LUFKIN,,,assistance,1
30648,1988-12-22,HOME SA,HOUSTON,,,assistance,1
31333,1988-12-22,INTERWEST SAVINGS ASSOCIATION,FORT WORTH,,,assistance,1
29352,1988-12-22,LAMESA FS&LA,LAMESA,,,assistance,1
29166,1988-12-22,MESQUITE S&LA,MESQUITE,,,assistance,1
32299,1988-12-22,METROPLEX FEDERAL SAVINGS ASSOCIATION,HURST,,,assistance,1
28461,1988-12-22,MINERAL WELLS S&LA,MINERAL WELLS,,,assistance,1
31563,1988-12-22,RELIANCE SAVINGS ASSOCIATION,HOUSTON,,,assistance,1
31044,1988-12-22,SENTRY SAVINGS ASSOCIATION,SLATON,,,assistance,1
31348,1988-12-22,SOUTHERN FEDERAL BANC S&LA,LANCASTER,,,assistance,1
31064,1988-12-22,VISTA SAVINGS ASSOCIATION,ODESSA,,,assistance,1
19743,1988-12-21,BATON ROUGE BANK & TRUST COMPANY,BATON ROUGE,,,assistance,1
30666,1988-12-17,FIRST BORDER SB,PIQUA,,,assistance,1
28275,1988-12-17,OHIO VALLEY,STEUBENVILLE,,,assistance,1
32147,1988-12-16,BLOOMFIELD S&LA,BIRMINGHAM,,,assistance,1
29556,1988-12-16,FIRST DEARBORN,DEARBORN,,,assistance,1
90047,1988-12-16,FIRST INDUSTRIAL BANK OF ROCKY FORD,ROCKY FORD,,,failure,1
15670,1988-12-16,FIRST SOUTHWEST BANK,ELDORADO,,,failure,1
29459,1988-12-16,ROCKY MOUNTAIN FS&LA,CHEYNNE,,,assistance,1
31182,1988-12-16,UNITED SB OF WYOMING,CHEYNNE,,,assistance,1
28891,1988-12-15,AMERICAN HOME SAVINGS,SALEM,,,assistance,1
29097,1988-12-15,COMMUNITY FIRST FED SAVINGS,VANCOUVER,,,assistance,1
25747,1988-12-15,CRESCENT CITY BANK & TRUST COMPANY,NEW ORLEANS,,,failure,1
16351,1988-12-15,FIRST NATIONAL BANK IN BOGATA,BOGATA,,,failure,1
17654,1988-12-15,FIRST NATIONAL BANK IN CENTER,CENTER,,,failure,1
30640,1988-12-15,ROOKS COUNTY FSA,PLAINVILLE,,,assistance,1
24614,1988-12-15,TEXAS BANK OF PLANO,PLANO,,,failure,1
23777,1988-12-15,TEXAS NATIONAL BANK,DALLAS,,,failure,1
32125,1988-12-14,EASTERN WASHINGTON S&LA,WENATCHEE,,,assistance,1
30082,1988-12-12,MIDAMERICA SB,WATERLOO,,,assistance,1
143,1988-12-09,CARIBANK,DANIA,,,failure,1
31889,1988-12-09,CENTRAL ARKANSAS S&LA,CONWAY,,,failure,1
30760,1988-12-09,SILVERADO S&LA,DENVER,,,failure,1
4080,1988-12-08,FIRST BANK & TRUST CO.,DUNCAN,,,failure,1
24664,1988-12-08,"RESOURCE BANK, N.A.",HOUSTON,,,failure,1
2319,1988-12-08,WAUKOMIS STATE BANK,WAUKOMIS,,,failure,1
28596,1988-12-01,CARDINAL FSB,CLEVELAND,,,assistance,1
25188,1988-12-01,ENTERPRISE NATIONAL BANK,ENGLEWOOD,,,failure,1
29362,1988-12-01,FIRST FS&LA,COLUMBUS,,,assistance,1
31752,1988-12-01,NORTHPARK SAVINGS ASSOCIATION,RICHARDSON,,,assistance,1
24351,1988-12-01,"OAK LAWN BANK, N.A.",DALLAS,,,failure,1
25606,1988-12-01,TEXANA NATIONAL BANK OF BELTON,BELTON,,,failure,1
19092,1988-12-01,UNION BANK OF HOUSTON,HOUSTON,,,failure,1
29181,1988-12-01,UNITED FS&LA,ABERDEEN,,,assistance,1
18554,1988-11-18,FIRST NATIONAL BANK,COVINGTON,,,failure,1
31659,1988-11-18,TESORO S&LA,LAREDO,,,assistance,1
18591,1988-11-17,EAST TEXAS STATE BANK,BUNA,,,failure,1
22871,1988-11-17,THE BANK OF KERRVILLE,KERRVILLE,,,failure,1
24492,1988-11-16,"ALLIANCE BANK, N.A.",OKLAHOMA CITY,,,assistance,1
23979,1988-11-10,AMERICAN NATIONAL BANK,TYLER,,,failure,1
11783,1988-11-10,AVOYELLES TRUST & SAVINGS BANK,BUNKIE,,,failure,1
23192,1988-11-10,BANK OF THE NORTHWEST,WOODWARD,,,failure,1
32109,1988-11-10,CYPRUS SA,PLANTATION,,,failure,1
22342,1988-11-10,MIAMI NATIONAL BANK,MIAMI,,,failure,1
4103,1988-11-10,THE FIRST NATIONAL BANK OF GRACEMONT,GRACEMONT,,,failure,1
10836,1988-11-04,MT. ZION STATE BANK,MOUNT ZION,,,failure,1
26220,1988-11-03,SOUTHWEST NATIONAL BANK,HOUSTON,,,failure,1
28293,1988-11-02,RELIANCE FS&LA,RAHWAY,,,assistance,1
28437,1988-11-01,LINCOLN FS&LA,WESTFIELD,,,assistance,1
29971,1988-11-01,SOUTHSIDE S&L,LIMA,,,assistance,1
23454,1988-10-27,FRONTIER NATIONAL BANK,ROUND ROCK,,,failure,1
20955,1988-10-27,MEDICAL CENTER STATE BANK,OKLAHOMA CITY,,,failure,1
25121,1988-10-27,ROUND ROCK NATIONAL BANK,ROUND ROCK,,,failure,1
28196,1988-10-25,PEOPLES FSB,WOOSTER,,,assistance,1
20941,1988-10-20,COMMERCIAL BANK & TRUST COMPANY,METAIRIE,,,failure,1
25855,1988-10-20,SECURITY BANK,DALLAS,,,failure,1
30651,1988-10-14,BANC HOME SAVINGS ASSOCIATION,MIDLAND,,,assistance,1
29319,1988-10-14,FIRST FS&LA,AMARILLO,,,assistance,1
31842,1988-10-14,HEART O TEXAS SAVINGS ASSOCIATION,MIDLAND,,,assistance,1
30336,1988-10-14,ODESSA SAVINGS ASSOCIATION,ODESSA,,,assistance,1
27636,1988-10-14,OLNEY SAVINGS ASSOCIATION,OLNEY,,,assistance,1
32128,1988-10-14,PETROPLEX SAVINGS ASSOCIATION,MIDLAND,,,assistance,1
29883,1988-10-14,SAN ANGELO SAVINGS ASSOCIATION,SAN ANGELO,,,assistance,1
27701,1988-10-14,SECURITY FS&LA,PAMPA,,,assistance,1
31963,1988-10-14,SHAMROCK FEDERAL SAVINGS BANK,SHAMROCK,,,assistance,1
31081,1988-10-14,SOUTHERN S&LA,BROWNWOOD,,,assistance,1
30576,1988-10-14,SOUTHWEST S&LA,ABILENE,,,assistance,1
29978,1988-10-12,CAPITAL FS&LA,GARY,,,assistance,1
27999,1988-10-12,FIRST FS&LA OF MAYFIELD,MAYFIELD,,,assistance,1
29025,1988-10-12,FIRST FSB OF INDIANA,MERRILLVILLE,,,assistance,1
32189,1988-10-07,LIBERTY FSB,RATON,,,failure,1
25701,1988-10-06,FIDELITY NATIONAL BANK OF FORT WORTH,FORT WORTH,,,failure,1
32155,1988-10-06,FINANCIAL SECURITY S&LA,DELRAY BEACH,,,failure,1
8040,1988-10-03,LIBERTY BANK & TRUST COMPANY,WARSAW,,,failure,1
31692,1988-09-30,ADOBE SAVINGS BANK,CONCORD,,,assistance,1
29746,1988-09-30,CITIZENS FS&LA OF NEW CASTLE,NEW CASTLE,,,assistance,1
30945,1988-09-30,CREDITBANC SAVINGS ASSOCIATION,AUSTIN,,,assistance,1
30497,1988-09-30,DELTA SAVINGS ASSOCIATION OF TEXAS,ALVIN,,,assistance,1
29080,1988-09-30,FIRST FS&LA,AUSTIN,,,assistance,1
31459,1988-09-30,FRANKLIN SAVINGS ASSOCIATION,AUSTIN,,,assistance,1
30362,1988-09-30,GREAT WEST SAVINGS BANK,AUSTIN,,,assistance,1
32264,1988-09-30,GUARANTY FS&LA,DALLAS,,,assistance,1
8837,1988-09-30,WATSON STATE BANK,WATSON,,,failure,1
8979,1988-09-29,FIRST STATE BANK,SEMINOLE,,,failure,1
30625,1988-09-26,CONTINENTAL S&LA,BELLAIRE,,,failure,1
31403,1988-09-23,CHAMPION SAVINGS ASSOCIATION,HOUSTON,,,assistance,1
32005,1988-09-23,PEOPLES S&LA,LA GRANDE,,,failure,1
24400,1988-09-23,PEOPLES STATE BANK OF MEEKER,MEEKER,,,failure,1
22992,1988-09-22,COMMUNITY BANK & TRUST,ROCKDALE,,,failure,1
5998,1988-09-22,THE FIRST STATE BANK IN TALIHINA,TALIHINA,,,failure,1
9878,1988-09-22,THE SECURITY STATE BANK,COMANCHE,,,failure,1
31299,1988-09-21,LOVES PARK FSB,LOVES PARK,,,assistance,1
28118,1988-09-21,MOUNTAINWEST S&LA,OGDEN,,,failure,1
24189,1988-09-16,GUARANTY NATIONAL BANK,AUSTIN,,,assistance,1
32072,1988-09-16,ULTIMATE SAVINGS BANK,RICHMOND,,,failure,1
24977,1988-09-15,CAPITAL NATIONAL BANK,FORT WORTH,,,failure,1
23492,1988-09-15,CITIZENS BANK OF LITTLETON,LITTLETON,,,failure,1
25251,1988-09-15,RIVER CITY BANK,CASTLE HILLS,,,failure,1
22466,1988-09-15,TOWN & COUNTRY BANK,BIXBY,,,failure,1
24762,1988-09-15,TRINITY NATIONAL BANK,SAN ANTONIO,,,failure,1
28957,1988-09-09,BAY CITY FS&LA,BAY CITY,,,assistance,1
30979,1988-09-09,GULF COAST SAVINGS ASSOCIATION,RICHMOND,,,assistance,1
16582,1988-09-08,THE SYLVIA STATE BANK,SYLVIA,,,failure,1
28559,1988-09-07,AMERICAN S&LA,STOCKTON,,,assistance,1
28910,1988-09-07,FIRST FEDERAL SB,ROGERS,,,assistance,1
31202,1988-09-06,COOSA FS&LA,GADSDEN,,,assistance,1
20184,1988-09-01,AMERICAN BANK OF MUSKOGEE,MUSKOGEE,,,failure,1
28020,1988-09-01,ARSENAL SA,INDIANAPOLIS,,,assistance,1
30834,1988-09-01,CITIZENS FS&LA,JACKSONVILLE,,,assistance,1
12312,1988-09-01,COMMERCIAL STATE BANK,SAN AUGUSTINE,,,failure,1
28547,1988-09-01,FIDELITY FS&LA,BERWYN,,,assistance,1
25101,1988-09-01,FIRST NATIONAL BANK OF ATASCOCITA,HARRIS COUNTY,,,failure,1
29779,1988-09-01,FRANKTON FS&LA,FRANKTON,,,assistance,1
20087,1988-09-01,LAKELAND STATE BANK,CAMDEN COUNTY,,,failure,1
5798,1988-09-01,MINGO TRUST & SAVINGS BANK,MINGO,,,failure,1
25699,1988-09-01,PIONEER NATIONAL BANK,ARLINGTON,,,failure,1
14483,1988-09-01,PISGAH SAVINGS BANK,PISGAH,,,failure,1
31533,1988-09-01,UNITED SA OF CENTRAL INDIANA,TIPTON,,,assistance,1
29573,1988-08-31,CAPITOL FSB,OKLAHOMA CITY,,,assistance,1
28648,1988-08-31,FIRST FS&LA,ELK CITY,,,failure,1
32077,1988-08-31,FIRST OKLAHOMA SAVINGS BANK,TULSA,,,assistance,1
30146,1988-08-31,FRONTIER SAVINGS & LOAN,PONCA CITY,,,failure,1
31988,1988-08-31,HERITAGE S&LA,ELK CITY,,,failure,1
28357,1988-08-31,HOME S&LA,BARTLESVILLE,,,failure,1
29013,1988-08-31,"HOME SAVINGS BANK, FA",LAWTON,,,failure,1
28737,1988-08-31,KINGFISHER FS&LA,KINGFISHER,,,failure,1
28661,1988-08-31,MIDAMERICA FS&LA,TULSA,,,assistance,1
28245,1988-08-31,MUTUAL FS&LA,OKLAHOMA CITY,,,assistance,1
28734,1988-08-31,PEOPLES FS&LA,ARDMORE,,,failure,1
29625,1988-08-31,PHOENIX FS&LA,MUSKOGEE,,,failure,1
17163,1988-08-26,BIWABIK STATE BANK,BIWABIK,,,failure,1
31881,1988-08-26,COMMERCE FSB,KNOXVILLE,,,assistance,1
30200,1988-08-26,FIRST FS&LA OF BRAINERD,BRAINERD,,,assistance,1
30868,1988-08-26,FIRST FS&LA OF GRAND RAPIDS,GRAND RAPIDS,,,assistance,1
30533,1988-08-26,FIRST FS&LA OF HIBBING,HIBBING,,,assistance,1
31822,1988-08-26,HOMESTATE S&LA,HAYWARD,,,assistance,1
31296,1988-08-26,NORTHWEST FS&LA,BOISE,,,assistance,1
31295,1988-08-26,PEOPLES S&LA,OWANTONNA,,,assistance,1
29500,1988-08-26,PIONEER FS&LA IN MASON CITY,MASON CITY,,,assistance,1
27854,1988-08-26,WASHINGTON FSB OF STILLWATER,STILLWATER,,,assistance,1
25143,1988-08-25,"BANCFIRST-WESTLAKE, N.A.",AUSTIN,,,failure,1
22845,1988-08-25,BANK OF THE MID-SOUTH,BOSSIER CITY,,,failure,1
25760,1988-08-25,HIGHLAND PARK NATIONAL BANK,DALLAS,,,failure,1
28412,1988-08-19,FEDERATED S&LA,SAN ANTONIO,,,failure,1
31892,1988-08-19,FIRST CITY SAVINGS ASSOCIATION,IRVING,,,failure,1
497,1988-08-19,MARSHALL COUNTY BANK,BRITTON,,,failure,1
30263,1988-08-19,MULTIBANC SAVINGS ASSOCIATION,DALLAS,,,failure,1
31641,1988-08-19,SUMMIT SAVINGS ASSOCIATION,DALLAS,,,assistance,1
30773,1988-08-19,SUNBELT SAVINGS ASSOCIATION OF TEXAS,DALLAS,,,failure,1
31684,1988-08-19,TEXANA S&LA,TEXARKANA,,,failure,1
31967,1988-08-18,AMERICAN BANC SAVINGS ASSOCIAT,DALLAS,,,assistance,1
18506,1988-08-18,CITIZENS STATE BANK,MAUD,,,failure,1
29390,1988-08-18,COMMERCE FS&LA,COMMERCE,,,assistance,1
25811,1988-08-18,FIRST NATIONAL BANK AUSTIN,AUSTIN,,,failure,1
28869,1988-08-18,GLADEWATER FS&LA,GLADEWATER,,,assistance,1
30520,1988-08-18,IRVING S&LA,IRVING,,,assistance,1
31580,1988-08-18,LONGVIEW S&LA,LONGVIEW,,,assistance,1
30828,1988-08-18,MAJESTIC SAVINGS ASSOCIATION,MCKINNEY,,,assistance,1
31750,1988-08-18,PARIS S&LA,PARIS,,,assistance,1
30978,1988-08-18,RICHARDSON SAVINGS ASSOCIATION,DALLAS,,,assistance,1
32124,1988-08-18,SKYLINE SAVINGS ASSOCIATION,DALLAS,,,assistance,1
31985,1988-08-18,SOUTHLAND SAVINGS ASSOCIATION,LONGVIEW,,,assistance,1
24194,1988-08-18,TOWN & COUNTRY NATIONAL BANK,HARLINGEN,,,failure,1
28127,1988-08-11,CAPITOL FS&LA,EVERGREEN PARK,,,assistance,1
21508,1988-08-11,FIRST BANK,BALCH SPRINGS,,,failure,1
29050,1988-08-11,FIRST FEDERAL SAVINGS BANK,SHENADOAH,,,assistance,1
16077,1988-08-11,GALENA PARK STATE BANK,GALENA PARK,,,failure,1
25017,1988-08-11,WEST HOUSTON NATIONAL BANK,HOUSTON,,,failure,1
29944,1988-08-11,WESTERN FS&LA,COUNCIL BLUFFS,,,assistance,1
29848,1988-08-10,FIRST FS&LA OF TAYLORVILLE,TAYLORVILLE,,,assistance,1
17439,1988-08-09,SECURITY STATE BANK,CASEY,,,assistance,1
13644,1988-08-04,FARMERS & MERCHANTS BANK OF ELMO,ELMO,,,failure,1
24139,1988-08-03,ALASKA CONTINENTAL BANK,ANCHORAGE,,,failure,1
28310,1988-08-02,FIRST OF LONGVIEW,LONGVIEW,,,assistance,1
26723,1988-08-02,FIRST REPUBLICBANK DELAWARE,NEWARK,,,failure,1
28575,1988-07-29,AMERICAN OF ANADARKO,ANADARKO,,,failure,1
3084,1988-07-29,"FIRST REPUBLICBANK- AUSTIN, N.A.",AUSTIN,,,failure,1
18832,1988-07-29,FIRST REPUBLICBANK-A&M,COLLEGE STATION,,,failure,1
3065,1988-07-29,"FIRST REPUBLICBANK-ABILENE, N.A.",ABILENE,,,failure,1
3118,1988-07-29,"FIRST REPUBLICBANK-BROWNWOOD, N.A.",BROWNWOOD,,,failure,1
13743,1988-07-29,"FIRST REPUBLICBANK-CLEBURNE, N.A",CLEBURNE,,,failure,1
1181,1988-07-29,FIRST REPUBLICBANK-CLIFTON,CLIFTON,,,failure,1
3147,1988-07-29,"FIRST REPUBLICBANK-CONROE, N.A.",CONROE,,,failure,1
3153,1988-07-29,"FIRST REPUBLICBANK-CORSICANA, N.A.",CORSICANA,,,failure,1
3165,1988-07-29,"FIRST REPUBLICBANK-DALLAS, N.A.",DALLAS,,,failure,1
3173,1988-07-29,"FIRST REPUBLICBANK-DENISON, N.A.",DENISON,,,failure,1
22118,1988-07-29,"FIRST REPUBLICBANK-EL PASO, N.A.",EL PASO,,,failure,1
3189,1988-07-29,"FIRST REPUBLICBANK-ENNIS, N.A.",ENNIS,,,failure,1
1188,1988-07-29,FIRST REPUBLICBANK-FORNEY,FORNEY,,,failure,1
3200,1988-07-29,"FIRST REPUBLICBANK-FT. WORTH, N.A.",FT. WORTH,,,failure,1
3209,1988-07-29,"FIRST REPUBLICBANK-GALVESTON, N.A.",GALVESTON,,,failure,1
3234,1988-07-29,"FIRST REPUBLICBANK-GREENVILLE, N.A.",GREENVILLE,,,failure,1
3246,1988-07-29,"FIRST REPUBLICBANK-HARLINGEN, N.A.",HARLINGEN,,,failure,1
3249,1988-07-29,"FIRST REPUBLICBANK-HENDERSON, N.A.",HENDERSON,,,failure,1
14950,1988-07-29,"FIRST REPUBLICBANK-HILLSBORO, N.A.",HILLSBORO,,,failure,1
3262,1988-07-29,"FIRST REPUBLICBANK-HOUSTON, N.A.",HOUSTON,,,failure,1
17422,1988-07-29,FIRST REPUBLICBANK-JEFFERSON COUNTY,BEAUMONT,,,failure,1
3315,1988-07-29,"FIRST REPUBLICBANK-LUBBOCK, N.A.",LUBBUCK,,,failure,1
9018,1988-07-29,FIRST REPUBLICBANK-LUFKIN,LUFKIN,,,failure,1
15643,1988-07-29,"FIRST REPUBLICBANK-MALAKOFF, N.A",MALAKOFF,,,failure,1
24782,1988-07-29,"FIRST REPUBLICBANK-MIDLAND, N.A.",MIDLAND,,,failure,1
3349,1988-07-29,FIRST REPUBLICBANK-MINERAL WELLS,MINERAL WELLS,,,failure,1
3354,1988-07-29,FIRST REPUBLICBANK-MT. PLEASANT,MT. PLEASANT,,,failure,1
3369,1988-07-29,"FIRST REPUBLICBANK-ODESSA, N.A.",ODESSA,,,failure,1
18932,1988-07-29,FIRST REPUBLICBANK-PARIS,PARIS,,,failure,1
3391,1988-07-29,"FIRST REPUBLICBANK-PLANO, N.A.",PLANO,,,failure,1
3408,1988-07-29,"FIRST REPUBLICBANK-RICHMOND, N.A",RICHMOND,,,failure,1
14819,1988-07-29,FIRST REPUBLICBANK-SAN ANTONIO,SAN ANTONIO,,,failure,1
5537,1988-07-29,FIRST REPUBLICBANK-STEPHENVILLE,STEPHENVILLE,,,failure,1
1717,1988-07-29,"FIRST REPUBLICBANK-TEMPLE, N.A.",TEMPLE,,,failure,1
5563,1988-07-29,"FIRST REPUBLICBANK-TYLER, N.A.",TYLER,,,failure,1
17492,1988-07-29,FIRST REPUBLICBANK-VICTORIA,VICTORIA,,,failure,1
5572,1988-07-29,"FIRST REPUBLICBANK-WACO, N.A.",WACO,,,failure,1
5586,1988-07-29,FIRST REPUBLICBANK-WICHITA FALLS,WICHITA FALLS,,,failure,1
22921,1988-07-29,FIRST REPUBLICBANK-WILLIAMSON CN,AUSTIN,,,failure,1
5513,1988-07-29,NATIONAL BANK OF FT. SAM HOUSTON,FT. SAM HOUSTON,,,failure,1
26315,1988-07-29,WESTLAKE THRIFT & LOAN ASSOCIATION,WESTLAKE VILLAGE,,,failure,1
11146,1988-07-28,FIRST CAPITOL BANK,WEST COLUMBIA,,,failure,1
29707,1988-07-28,GALVA FS&LA,GALVA,,,assistance,1
30302,1988-07-28,HOME FS&LA,PEORIA,,,assistance,1
31388,1988-07-28,MUTUAL FS&LA,CANTON,,,assistance,1
25791,1988-07-28,NATIONAL FIDELITY BANK OF SHREVEPORT,SHREVEPORT,,,failure,1
31898,1988-07-21,FIRST SECURITY  SB,PLEASANT HILL,,,assistance,1
29400,1988-07-21,PLATTE VALLEY  FS&LA,GERING,,,failure,1
5096,1988-07-21,THE FIRST NATIONAL BANK OF BLOOMING PRAIRI,BLOOMING PRAIRIE,,,failure,1
4040,1988-07-21,UNION BANK & TRUST,BARTLESVILLE,,,failure,1
25762,1988-07-15,OAK FOREST NATIONAL BANK,LONGVIEW,,,assistance,1
23380,1988-07-14,ALLEN NATIONAL BANK,ALLEN,,,failure,1
18351,1988-07-14,TEXAS BANK,SAN ANTONIO,,,assistance,1
25765,1988-07-14,"TEXAS BANK NORTH, NA",SAN ANTONIO,,,assistance,1
23082,1988-07-14,THE AMERICAN BANK,PALESTINE,,,failure,1
19965,1988-07-14,THE SECURITY BANK,WARNER,,,failure,1
31875,1988-07-08,MCLEAN S&LA,MCLEAN,,,assistance,1
23056,1988-06-30,FIRST NATIONAL BANK,SHERMAN,,,failure,1
18167,1988-06-30,MERCANTILE BANK & TRUST,SAN ANTONIO,,,failure,1
25816,1988-06-30,REPUBLIC NATIONAL BANK,NORMAN,,,failure,1
21347,1988-06-29,CLAIBORNE BANK & TRUST COMPANY,HOMER,,,failure,1
32022,1988-06-24,LYNNWOOD S&LA,LYNNWOOD,,,assistance,1
32121,1988-06-24,STANFORD S&LA,PALO ALTO,,,assistance,1
20071,1988-06-23,NORTHWEST BANK & TRUST,HOUSTON,,,failure,1
25793,1988-06-23,TEXAS NATIONAL BANK,VICTORIA,,,failure,1
26356,1988-06-23,TRI-CITIES BANK & TRUST,GLENN HEIGHTS,,,failure,1
30983,1988-06-22,FIRST FINANCIAL A SAVINGS ASSOCIATION OF E,EL PASO,,,assistance,1
23942,1988-06-22,THE BANK OF WESTMINSTER,WESTMINSTER,,,failure,1
19817,1988-06-17,THE LIBERTY BANK OF SEATTLE,SEATTLE,,,failure,1
24300,1988-06-16,CENTURY NATIONAL BANK,AUSTIN,,,failure,1
24345,1988-06-16,KINGSLAND NATIONAL BANK,KINGSLAND,,,failure,1
20928,1988-06-14,BANK OF IMBODEN,IMBODEN,,,assistance,1
24054,1988-06-09,PARKWAY BANK & TRUST,DALLAS,,,failure,1
29402,1988-06-06,FRONTIER FEDERAL SAVINGS BANK,DYERSBURG,,,assistance,1
28976,1988-06-03,LARUE FS&LA,HODGENVILLE,,,failure,1
17153,1988-06-02,COMMUNITY STATE BANK,WHITING,,,failure,1
15905,1988-06-02,GUARANTY BANK,DALLAS,,,failure,1
29289,1988-06-02,MUSKEGON FS&LA,MUSKEGON,,,assistance,1
24069,1988-06-02,RIVER PLAZA NATIONAL BANK,FORTH WORTH,,,failure,1
22111,1988-06-02,SECURITY BANK OF AURORA,AURORA,,,failure,1
18512,1988-06-02,SECURITY BANK OF BOULDER,BOULDER,,,failure,1
24190,1988-06-02,"WILLIAMSTOWN BANK, N.A.",HOUSTON,,,failure,1
22511,1988-05-27,SANDY STATE BANK,SANDY,,,failure,1
32008,1988-05-26,BLUEBONNET SA OF TEXAS,HEMPSTEAD,,,assistance,1
25248,1988-05-26,FIRST NATIONAL BANK OF KINGSWOOD,KINGSWOOD,,,failure,1
23416,1988-05-26,LONE STAR BANK,HARRIS COUNTY (BAYTO,,,failure,1
15909,1988-05-26,THE FIRST STATE BANK,ROCKWALL,,,failure,1
28802,1988-05-25,FIRST FS&LA OF HAMMONTON,HAMMONTON,,,assistance,1
32034,1988-05-24,UNIVERSAL S&LA,SCOTTSDALE,,,failure,1
24559,1988-05-19,NATIONAL BANK OF TEXAS,HOUSTON,,,failure,1
30641,1988-05-18,BRIERCROFT SAVINGS ASSOCIATION,AUSTIN,,,assistance,1
30923,1988-05-18,CITY S&LA,SAN ANGELO,,,assistance,1
27750,1988-05-18,LAMAR SAVINGS ASSOCIATION,AUSTIN,,,assistance,1
30946,1988-05-18,STOCKTON SAVINGS ASSOCIATION,DALLAS,,,assistance,1
6086,1988-05-18,THE AMERICAN STATE BANK,YANKTON,,,assistance,1
32062,1988-05-13,ALLIANCE S&LA (HOUSTON),AUSTIN,,,assistance,1
31737,1988-05-13,CAMERON COUNTY S&LA,SAN BENITO,,,assistance,1
32463,1988-05-13,CARDINAL SAVINGS BANK,NEWPORT,,,failure,1
29569,1988-05-13,COLORADO COUNTY FS&LA,COLUMBUS,,,assistance,1
31151,1988-05-13,SECURITY S&LA,DICKINSON,,,assistance,1
23529,1988-05-13,WESTSIDE NATIONAL BANK,HOUSTON,,,failure,1
12295,1988-05-12,THE FIRST STATE BANK,CHILDRESS,,,failure,1
15745,1988-05-06,FOREST CITY BANK & TRUST CO.,FOREST CITY,,,failure,1
24999,1988-05-05,LINCOLN NATIONAL BANK,ARLINGTON,,,failure,1
22284,1988-05-05,UNION BANK & TRUST OF DALLAS,DALLAS,,,failure,1
27844,1988-04-29,AMERICAN FS&LA,ANDERSON,,,failure,1
21787,1988-04-29,OAK PARK BANK,OAK PARK HEIGHTS,,,failure,1
23349,1988-04-28,CITIZENS BANK OF TULSA,TULSA,,,assistance,1
10892,1988-04-25,BOND COUNTY STATE BANK,POCAHONTAS,,,assistance,1
20327,1988-04-22,THE VILLAGE BANK,GREAT FALLS,,,failure,1
20229,1988-04-22,UNITY BANK,DAYTON,,,failure,1
22611,1988-04-21,CITIZENS NATIONAL BANK,COLORADO SPRINGS,,,failure,1
25274,1988-04-21,TEXAS NATIONAL BANK,AUSTIN,,,failure,1
18556,1988-04-20,BANK OF SANTA FE,SANTA FE,,,assistance,1
26339,1988-04-20,FIRST CITY - SIOUX FALLS N.A.,SIOUX FALLS,,,assistance,1
17343,1988-04-20,"FIRST CITY, TEXAS - ALICE",ALICE,,,assistance,1
20255,1988-04-20,"FIRST CITY, TEXAS - ALMEDA GENOA",HOUSTON,,,assistance,1
20029,1988-04-20,"FIRST CITY, TEXAS - ARANSAS PASS",ARANSAS PASS,,,assistance,1
17133,1988-04-20,"FIRST CITY, TEXAS - ARLINGTON",ARLINGTON,,,assistance,1
15721,1988-04-20,"FIRST CITY, TEXAS - AUSTIN",AUSTIN,,,assistance,1
22816,1988-04-20,"FIRST CITY, TEXAS - BEAR CREEK",HARRIS COUNTY,,,assistance,1
3093,1988-04-20,"FIRST CITY, TEXAS - BEAUMONT",BEAUMONT,,,assistance,1
21044,1988-04-20,"FIRST CITY, TEXAS - BELLAIRE",BELLAIRE,,,assistance,1
3120,1988-04-20,"FIRST CITY, TEXAS - BRYAN",BRYAN,,,assistance,1
18151,1988-04-20,"FIRST CITY, TEXAS - CENTRAL",BEAUMONT,,,assistance,1
22038,1988-04-20,"FIRST CITY, TEXAS - CENTRAL ARLINGTON",ARLINGTON,,,assistance,1
19810,1988-04-20,"FIRST CITY, TEXAS - CENTRAL PARK",SAN ANTONIO,,,assistance,1
20979,1988-04-20,"FIRST CITY, TEXAS - CLEAR LAKE",HOUSTON,,,assistance,1
20779,1988-04-20,"FIRST CITY, TEXAS - COLLEYVILLE",COLLEYVILLE,,,assistance,1
21190,1988-04-20,"FIRST CITY, TEXAS - CORPUS CHRISTI",CORPUS CHRISTI,,,assistance,1
1722,1988-04-20,"FIRST CITY, TEXAS - DALLAS",DALLAS,,,assistance,1
17911,1988-04-20,"FIRST CITY, TEXAS - EAST DALLAS",DALLAS,,,assistance,1
16560,1988-04-20,"FIRST CITY, TEXAS - EL PASO",EL PASO,,,assistance,1
18436,1988-04-20,"FIRST CITY, TEXAS - FARMERS BRANCH",FARMERS BRANCH,,,assistance,1
21907,1988-04-20,"FIRST CITY, TEXAS - FONDREN SOUTH",HOUSTON,,,assistance,1
21381,1988-04-20,"FIRST CITY, TEXAS - FOREST HILL",FOREST HILL,,,assistance,1
24061,1988-04-20,"FIRST CITY, TEXAS - FORT WORTH",FORT WORTH,,,assistance,1
19265,1988-04-20,"FIRST CITY, TEXAS - GARLAND",GARLAND,,,assistance,1
18079,1988-04-20,"FIRST CITY, TEXAS - GATEWAY",BEAUMONT,,,assistance,1
3227,1988-04-20,"FIRST CITY, TEXAS - GRAHAM",GRAHAM,,,assistance,1
16543,1988-04-20,"FIRST CITY, TEXAS - GRAND PRAIRIE",GRAND PRAIRIE,,,assistance,1
20729,1988-04-20,"FIRST CITY, TEXAS - GULFGATE",HOUSTON,,,assistance,1
20980,1988-04-20,"FIRST CITY, TEXAS - HIGHLAND VILLAGE",HOUSTON,,,assistance,1
13702,1988-04-20,"FIRST CITY, TEXAS - HOUSTON, NA",HOUSTON,,,assistance,1
10357,1988-04-20,"FIRST CITY, TEXAS - HUMBLE",HUMBLE,,,assistance,1
21101,1988-04-20,"FIRST CITY, TEXAS - INWOOD FOREST",HOUSTON,,,assistance,1
17299,1988-04-20,"FIRST CITY, TEXAS - KOUNTZE",KOUNTZE,,,assistance,1
16524,1988-04-20,"FIRST CITY, TEXAS - LAKE JACKSON",LAKE JACKSON,,,assistance,1
20003,1988-04-20,"FIRST CITY, TEXAS - LANCASTER",LANCASTER,,,assistance,1
9977,1988-04-20,"FIRST CITY, TEXAS - LEWISVILLE",LEWISVILLE,,,assistance,1
3316,1988-04-20,"FIRST CITY, TEXAS - LUFKIN",LUFKIN,,,assistance,1
3318,1988-04-20,"FIRST CITY, TEXAS - MADISONVILLE",MADISONVILLE,,,assistance,1
19410,1988-04-20,"FIRST CITY, TEXAS - MARKET CENTER",DALLAS,,,assistance,1
21876,1988-04-20,"FIRST CITY, TEXAS - MEDICAL CENTER",HOUSTON,,,assistance,1
3344,1988-04-20,"FIRST CITY, TEXAS - MIDLAND",MIDLAND,,,assistance,1
23237,1988-04-20,"FIRST CITY, TEXAS - NORTH BELT",HOUSTON,,,assistance,1
24063,1988-04-20,"FIRST CITY, TEXAS - NORTHCHASE",HOUSTON,,,assistance,1
22285,1988-04-20,"FIRST CITY, TEXAS - NORTHEAST",HOUSTON,,,assistance,1
19667,1988-04-20,"FIRST CITY, TEXAS - NORTHLINE",HOUSTON,,,assistance,1
24759,1988-04-20,"FIRST CITY, TEXAS - NORTHWEST HILLS",AUSTIN,,,assistance,1
3374,1988-04-20,"FIRST CITY, TEXAS - ORANGE",ORANGE,,,assistance,1
23526,1988-04-20,"FIRST CITY, TEXAS - PLANO",PLANO,,,assistance,1
1211,1988-04-20,"FIRST CITY, TEXAS - RICHARDSON",RICHARDSON,,,assistance,1
3409,1988-04-20,"FIRST CITY, TEXAS - RICHMOND",RICHMOND,,,assistance,1
5506,1988-04-20,"FIRST CITY, TEXAS - SAN ANGELO",SAN ANGELO,,,assistance,1
24723,1988-04-20,"FIRST CITY, TEXAS - SAN ANTONIO",SAN ANTONIO,,,assistance,1
11914,1988-04-20,"FIRST CITY, TEXAS - SOUR LAKE",SOUR LAKE,,,assistance,1
5562,1988-04-20,"FIRST CITY, TEXAS - TYLER",TYLER,,,assistance,1
20411,1988-04-20,"FIRST CITY, TEXAS - VALLEY VIEW",DALLAS,,,assistance,1
23055,1988-04-20,"FIRST CITY, TEXAS - WESTHEIMER",HOUSTON,,,assistance,1
24358,1988-04-20,"FIRST CITY, TEXAS - WESTHEIMER PLAZA",HOUSTON,,,assistance,1
24607,1988-04-20,"FIRST CITY, TEXAS - WESTWOOD",HOUSTON,,,assistance,1
18563,1988-04-20,"FIRST CITY, TEXAS - WINDSOR PARK",SAN ANTONIO,,,assistance,1
16353,1988-04-19,MC ALLEN STATE BANK,MC ALLEN,,,failure,1
15811,1988-04-15,BURNS STATE BANK,BURNS,,,assistance,1
26701,1988-04-15,COLONIAL THRIFT & LOAN ASSOCIATION,CULVER CITY,,,failure,1
90027,1988-04-15,METROPOLITAN INDUSTRIAL BANK,DENVER,,,failure,1
24765,1988-04-14,"CY-FAIR BANK, N.A.",HARRIS COUNTY,,,failure,1
22188,1988-04-14,JENNINGS BANK,JENNINGS,,,failure,1
27866,1988-04-12,VALLEY FEDERAL SAVINGS AND LOAN,ERWIN,,,assistance,1
30061,1988-04-11,CITIZENS SAVINGS AND LOAN,EAST ALTON,,,assistance,1
31950,1988-04-11,TRI-CITIES SAVINGS AND LOAN,KENNEWICK,,,assistance,1
15081,1988-04-08,CITIZENS STATE BANK OF EAGLE BEND,EAGLE BEND,,,failure,1
28456,1988-04-08,FIRST FEDERAL OF SHAWNEE,SHAWNEE,,,failure,1
24390,1988-04-07,CENTRAL NATIONAL BANK,DALLAS,,,failure,1
13667,1988-04-07,HOME STATE BANK,TRENT,,,failure,1
20260,1988-03-31,FIRST BANK & TRUST,TOMBALL,,,failure,1
17112,1988-03-31,UNION BANK & TRUST COMPANY,OKLAHOMA CITY,,,failure,1
24978,1988-03-25,FIRST NATIONAL BANK OF DEL CITY,DEL CITY,,,failure,1
20702,1988-03-24,CASHION COMMUNITY BANK,CASHION,,,failure,1
17293,1988-03-24,CENTURY BANK,TULSA,,,failure,1
13640,1988-03-18,CITIZENS STATE BK OF GIBBON,GIBBON,,,failure,1
1930,1988-03-18,STATE BANK OF MORGAN,MORGAN,,,failure,1
19898,1988-03-17,FIRST NATIONAL BANK OF PORT ALLEN,PORT ALLEN,,,failure,1
25783,1988-03-15,MOREHEAD NATIONAL BANK,MOREHEAD,,,assistance,1
28766,1988-03-11,FIRST FEDERAL SAVINGS BANK,WATERLOO,,,assistance,1
31371,1988-03-11,FIRST FEDERATED SAVINGS BANK,N. PALM BEACH,,,assistance,1
29770,1988-03-11,FIRST FS&LA OF PADUCAH,PADUCAH,,,failure,1
26227,1988-03-11,FIRST INTERCOUNTY BANK OF NEW YORK,NEW YORK,,,failure,1
30818,1988-03-11,PEOPLES FS&LA,WATERLOO,,,assistance,1
29982,1988-03-11,PERPETUAL S&LA,WATERLOO,,,assistance,1
26546,1988-03-10,FIRST AMERICAN BANK & TR OF FRIENDSWOOD,FRIENDSWOOD,,,failure,1
14241,1988-03-10,FIRST AMERICAN BANK & TRUST OF BAYTOWN,BAYTOWN,,,failure,1
23547,1988-03-10,FIRST AMERICAN BANK & TRUST OF MANVEL,MANVEL,,,failure,1
29265,1988-03-10,FIRST FS&LA OF CRAIG,CRAIG,,,assistance,1
13254,1988-03-10,FRENCHMAN VALLEY BANK,PALISADE,,,failure,1
8100,1988-03-10,HAYESVILLE SAVINGS BANK,HAYESVILLE,,,failure,1
18598,1988-03-10,"SECURITY BANK OF DENVER, N.A.",DENVER,,,failure,1
4074,1988-03-10,THE FIRST NAT BANK & TRUST CO. OF CUSHING,CUSHING,,,failure,1
25331,1988-03-03,FLOWER MOUND BANK,FLOWER MOUND,,,failure,1
17726,1988-03-03,THE HOME STATE BANK,RUSSELL,,,failure,1
23972,1988-02-25,AMERICAN NATIONAL BANK,STAFFORD,,,failure,1
25743,1988-02-25,COLLIN COUNTY STATE BANK,MELISSA,,,failure,1
20273,1988-02-25,"HARRIS COUNTY BANK HOUSTON, N.A.",HOUSTON,,,failure,1
22920,1988-02-18,MUSTANG COMMUNITY BANK,MUSTANG,,,failure,1
15862,1988-02-18,THE FARMERS & MERCHANTS BK OF HILL CITY,HILL CITY,,,failure,1
18806,1988-02-12,AMERICAN NATIONAL BANK,PARMA,,,assistance,1
23395,1988-02-12,BASIN STATE BANK,VERNAL,,,failure,1
25288,1988-02-12,GLOBAL BANK,HIALEAH,,,failure,1
10155,1988-02-12,THE FIRST STATE BANK,WHITE CLOUD,,,failure,1
24836,1988-02-11,"FIRST HOUSTON BANK, N.A.",HOUSTON,,,failure,1
19303,1988-02-11,FIRST STATE BANK,OILTON,,,failure,1
29257,1988-02-10,MAGNET BANK FSB,CHARLESTON,,,assistance,1
30823,1988-02-10,MOUNTAIN STATE FS&LA,CLARKSBURG,,,assistance,1
29246,1988-02-10,TRADERS FS&LA,PARKERSBURG,,,assistance,1
18495,1988-02-05,BANK OF DALLAS,DALLAS,,,failure,1
5832,1988-02-03,THE BANK OF LOUISBURG,LOUISBURG,,,failure,1
32118,1988-01-29,TERRITORY S&LA,SEMINOLE,,,failure,1
25194,1988-01-29,THE TRUST BANK,HIALEAH,,,failure,1
18462,1988-01-28,ALASKA MUTUAL BANK,ANCHORAGE,,,assistance,1
23511,1988-01-28,HOUSTON COMMERCE BANK,HOUSTON,,,failure,1
16489,1988-01-28,PORT CITY BANK,HOUSTON,,,failure,1
22183,1988-01-28,UNITED BANK ALASKA,ANCHORAGE,,,assistance,1
10957,1988-01-27,CITIZENS STATE BANK,HAYFIELD,,,assistance,1
23038,1988-01-22,BANK OF CASPER,CASPER,,,failure,1
19759,1988-01-21,CEDAR VALE STATE BANK,CEDAR VALE,,,failure,1
24965,1988-01-21,LOUISIANA COMMERCIAL BANK,MADISONVILLE,,,failure,1
15867,1988-01-21,NORTHWEST BANK,DALLAS,,,failure,1
23971,1988-01-21,SAM HOUSTON NAT'L BANK OF WALKER,HUNTSVILLE,,,failure,1
20650,1988-01-21,UNITED MERCANTILE BANK,SHREVEPORT,,,failure,1
23042,1988-01-21,WILLISTON BASIN STATE BANK,WILLISTON,,,failure,1
14376,1988-01-20,AREDALE STATE BANK,AREDALE,,,failure,1
31593,1988-01-15,FIRST SAVINGS OF EAST TEXAS,SAN AUGUSTINE,,,failure,1
24333,1988-01-14,BALBOA NATIONAL BANK,NATIONAL CITY,,,failure,1
19779,1988-01-14,COLONIAL BANK,NEW ORLEANS,,,failure,1
3352,1988-01-14,THE MORAN NATIONAL BANK,MORAN,,,failure,1
19546,1988-01-13,THE JEFFERSON GUARANTY BANK,METAIRIE,,,assistance,1
23931,1988-01-08,THE NORTH AMERICAN BANK,PHOENIX,,,failure,1
26540,1988-01-07,COMMERCE BANK OF PLANO,PLANO,,,failure,1
12133,1988-01-07,THE PEOPLES STATE BANK & TRUST CO,ELLINWOOD,,,assistance,1
28544,1987-12-31,AMERICAN FS&LA,LYNCHBURG,,,assistance,1
28448,1987-12-31,"FIRST FINANCIAL BANK, FSB",NEW ORLEANS,,,assistance,1
31515,1987-12-31,FIRST FS&LA OF SLIDELL,SLIDELL,,,assistance,1
31327,1987-12-31,GIBSON FEDERAL S&LA,GIBSON CITY,,,assistance,1
29947,1987-12-30,FIRST FINANCIAL OF LA,LUTCHER,,,assistance,1
30047,1987-12-30,FIRST FS&LA OF ALEXANDRIA,ALEXANDRIA,,,assistance,1
31835,1987-12-30,FIRSTBANC FSB,GONZALES,,,assistance,1
28015,1987-12-29,COMMUNITY FS&LA,HAMILTON,,,assistance,1
14094,1987-12-29,THE FALUN STATE BANK,FALUN,,,assistance,1
22904,1987-12-18,FIRST STATE BANK AT SHOSHONI,SHOSHONI,,,failure,1
20098,1987-12-17,AMERICAN BANK OF COMMERCE,LAKE CHARLES,,,failure,1
16616,1987-12-17,BANK OF MABANK,MABANK,,,failure,1
18679,1987-12-17,USBANK,DENTON,,,failure,1
28979,1987-12-16,BOONE COUNTY FS&LA,CENTRALIA,,,assistance,1
28160,1987-12-16,MT. PLEASANT S&LA,MT. PLEASANT,,,assistance,1
17334,1987-12-11,FIRST INTERSTATE BANK OF ALASKA,ANCHORAGE,,,failure,1
22326,1987-12-11,LEWIS AND CLARK STATE BANK,LAKE OSWEGO,,,failure,1
30411,1987-12-11,SURETY FS&LA,MORGANTON,,,assistance,1
22990,1987-12-10,AMERICAN BANK IN LOUISIANA,MORGAN CITY,,,failure,1
24703,1987-12-10,"BANCFIRST-AUSTIN, N.A.",AUSTIN,,,failure,1
25000,1987-12-10,HERITAGE NATIONAL BANK,AUSTIN,,,failure,1
18298,1987-12-10,LOUISIANA BANK & TRUST COMPANY,CROWLEY,,,failure,1
3406,1987-12-10,THE FIRST NATIONAL BANK IN RHOME,RHOME,,,failure,1
9813,1987-12-03,CENTER STATE BANK,CENTER,,,failure,1
18360,1987-12-03,CLIMBING HILL SAVINGS BANK,CLIMBING HILL,,,failure,1
16449,1987-12-03,CROFTON STATE BANK,CROFTON,,,failure,1
18844,1987-12-03,CROSSROADS BANK,VICTORIA,,,assistance,1
5450,1987-12-03,FIRST STATE BANK,OAKDALE,,,failure,1
23205,1987-12-03,MADISON BANK & TRUST COMPANY,RICHMOND,,,failure,1
24921,1987-12-03,STATE BANK OF COMMERCE,SLIDELL,,,failure,1
16554,1987-12-03,STATE BANK OF JANSEN,JANSEN,,,failure,1
4070,1987-12-03,THE FARMERS NATIONAL BANK OF CORDELL,CORDELL,,,failure,1
8783,1987-12-03,THE PEOPLES BANK,OLIVE HILL,,,failure,1
18619,1987-11-19,REPUBLIC BANK,OKLAHOMA CITY,,,failure,1
13606,1987-11-19,THE ALEXANDER STATE BANK,ALEXANDER,,,failure,1
4295,1987-11-19,THE PEOPLES BANK AND TRUST OF IBERIA PARIS,NEW IBERIA,,,failure,1
13620,1987-11-19,THE TIMKEN STATE BANK,TIMKEN,,,failure,1
28921,1987-11-17,ARGO FS&LA,SUMMIT,,,assistance,1
31155,1987-11-13,TRI-COUNTY S&LA,CAMDEN,,,failure,1
19676,1987-11-13,WEST TEXAS STATE BANK OF CANYON,CANYON,,,failure,1
31441,1987-11-12,GULF FS&LA,MOBILE,,,assistance,1
20597,1987-11-10,BANK OF WINTER PARK,WINTER PARK,,,failure,1
16966,1987-11-10,MIDDLE PARK BANK,GRANBY,,,failure,1
22945,1987-11-10,TRI-STATE NATIONAL BANK,BELLE FOURCHE,,,failure,1
28784,1987-10-31,FIRST FS&LA NATCHITOCHES,NATCHITOCHES,,,assistance,1
21579,1987-10-30,AMERICAN SECURITY BANK,NORTH PLATTE,,,failure,1
17442,1987-10-30,CAPITAL BANK & TRUST CO.,BATON ROUGE,,,failure,1
22316,1987-10-30,DELTA PACIFIC BANK,PITTSBURG,,,failure,1
31962,1987-10-23,SIERRA S&LA,GARDNERVILLE,,,failure,1
17493,1987-10-22,ALASKA NATIONAL BANK OF THE NORTH,FAIRBANKS,,,failure,1
17510,1987-10-22,FIRST STATE BANK OF BOVINA,BOVINA,,,failure,1
21951,1987-10-22,NEW WORLD NATIONAL BANK,PITTSBURGH,,,failure,1
24196,1987-10-22,WESTERN NATIONAL BANK,BRYAN,,,failure,1
19799,1987-10-21,PIONEER BANK OF FOUNTAIN,FOUNTAIN,,,failure,1
28147,1987-10-20,TOPEKA SAVINGS ASSOCIATION,TOPEKA,,,failure,1
23473,1987-10-16,"COMMERCIAL BANK, N.A.",OKLAHOMA CITY,,,assistance,1
17888,1987-10-16,YANKEE BANK FOR FINANCE & SAVING,BOSTON,,,failure,1
23033,1987-10-15,AMERICAN NATIONAL BANK OF AFTON,AFTON,,,failure,1
10252,1987-10-15,CITIZENS BANK OF RAY,RAY,,,failure,1
31605,1987-10-15,FIRST CALIFORNIA SAVINGS BANK,SAN FERNANDO,,,failure,1
2309,1987-10-08,CITIZENS BANK OF KREBS,KREBS,,,failure,1
2998,1987-10-08,THE FIRST NATIONAL BANK OF BRUSH,BRUSH,,,failure,1
2310,1987-10-08,UNITED SERVICES BANK,HARTSHORNE,,,failure,1
12185,1987-10-02,STATE BANK OF GREENWALD,GREENWALD,,,failure,1
18867,1987-10-01,CLAY COUNTY STATE BANK,DILWORTH,,,failure,1
8605,1987-10-01,SECURITY STATE BANK,OXFORD,,,failure,1
24560,1987-10-01,"WESTERN BANK-NORTH WILCREST, N.A",HOUSTON,,,failure,1
17852,1987-10-01,WESTERN BANK-WESTHEIMER,HOUSTON,,,failure,1
24066,1987-10-01,"WESTERN BANK-WESTWOOD, N.A.",HOUSTON,,,failure,1
22857,1987-09-28,VALLEY STATE BANK,LOS ANGELES,,,failure,1
22026,1987-09-25,COMMONWEALTH BANK,TORRANCE,,,failure,1
29296,1987-09-24,LYONS FEDERAL TRUST & SAVINGS,COUNTRYSIDE,,,assistance,1
425,1987-09-24,THE CITIZENS BANK,DRUMRIGHT,,,failure,1
17653,1987-09-24,"THE MAYFIELD STATE BANK, MAYFIELD",MAYFIELD,,,failure,1
13607,1987-09-24,THE MURDOCK STATE BANK,MURDOCK,,,failure,1
31527,1987-09-19,TWIN CITY FS & LA,WEST MONROE,,,failure,1
31665,1987-09-18,PHENIX FS&LA,PHENIX CITY,,,failure,1
8720,1987-09-18,STOCKMEN'S BANK & TRUST COMPANY,GILLETTE,,,failure,1
18440,1987-09-17,BREAUX BRIDGE BANK & TRUST COMPANY,BREAUX BRIDGE,,,failure,1
25733,1987-09-17,MUSTANG NATIONAL BANK,MUSTANG,,,failure,1
25735,1987-09-17,STEEPLECHASE NATIONAL BANK,HOUSTON,,,failure,1
13925,1987-09-17,THE TALMAGE STATE BANK,TALMAGE,,,failure,1
13403,1987-09-11,CENTRAL NATIONAL BANK OF NEW YORK,NEW YORK,,,failure,1
9768,1987-09-11,FIRST STATE BANK OF ROLLINGSTONE,ROLLINGSTONE,,,failure,1
21279,1987-09-10,LA MARQUE BANK,LA MARQUE,,,failure,1
10711,1987-09-10,WAXAHACHIE BANK & TRUST COMPANY,WAXAHACHIE,,,failure,1
4108,1987-09-03,THE FIRST NATIONAL BANK OF HAMMON,HAMMON,,,failure,1
4210,1987-09-03,THE FIRST NATIONAL BANK OF TIPTON,TIPTON,,,failure,1
22222,1987-08-28,ROCKY MOUNTAIN STATE BANK,SALT LAKE CITY,,,failure,1
18088,1987-08-27,BANK OF NORTH AMERICA,HOUSTON,,,failure,1
25329,1987-08-27,CITIZENS BANK OF GLENDALE,DENVER,,,failure,1
9753,1987-08-21,PEOPLE'S STATE BANK OF MAZEPPA,MAZEPPA,,,failure,1
19164,1987-08-20,AMERICAN EXCHANGE BANK & TRUST CO,NORMAN,,,failure,1
25742,1987-08-20,AMERICAN NATIONAL BANK OF EVANSTON,EVANSTON,,,failure,1
31778,1987-08-20,SUNBELT FS&LA,WATONGA,,,failure,1
401,1987-08-20,THE FIRST STATE BANK,WILLOW,,,failure,1
31663,1987-08-19,FIRST SAVINGS OF LA,LA PLACE,,,failure,1
20345,1987-08-14,MCNULTY BANKING COMPANY,ST. PETERSBURG,,,failure,1
2313,1987-08-13,FIRST STATE BANK,BLANCHARD,,,failure,1
4136,1987-08-13,THE FIRST NATIONAL BANK OF LUTHER,LUTHER,,,failure,1
3359,1987-08-13,THE FIRST NATIONAL BANK OF NAVASOTA,NAVASOTA,,,failure,1
23670,1987-08-07,BAYSHORE BANK OF FLORIDA,MIAMI,,,failure,1
30957,1987-08-06,ACADIA S&LA,CROWLEY,,,failure,1
29902,1987-08-06,FRENCH MARKET HOMESTEAD,METAIRIE,,,failure,1
433,1987-08-06,SECURITY STATE BANK,ROOSEVELT,,,failure,1
6004,1987-08-06,THE SECURITY STATE BANK,DAVENPORT,,,failure,1
29273,1987-07-31,OK FEDERAL S&LA,EL RENO,,,assistance,1
15276,1987-07-31,VALLEY BANK OF BELGRADE,BELGRADE,,,assistance,1
4104,1987-07-30,BANK OF GRANITE,GRANITE,,,failure,1
25647,1987-07-30,EMPIRE NATIONAL BANK,LOS ANGELES,,,failure,1
13152,1987-07-30,FARMERS STATE BANK,KANAWHA,,,failure,1
4234,1987-07-30,THE FIRST NATIONAL BANK OF YUKON,YUKON,,,failure,1
25285,1987-07-23,"BANK OF LOS GATOS, N.A.",LOS GATOS,,,failure,1
5993,1987-07-23,FARMERS & MERCHANTS BANK,EUFAULA,,,failure,1
28887,1987-07-23,FREEDOM S&LA,TAMPA,,,failure,1
22115,1987-07-17,"BANCTEXAS ALLEN PARKWAY, N.A.",HOUSTON,,,assistance,1
22662,1987-07-17,"BANCTEXAS CARROLLTON, N.A.",CARROLLTON,,,assistance,1
16658,1987-07-17,BANCTEXAS HOUSTON,HOUSTON,,,assistance,1
14618,1987-07-17,"BANCTEXAS MCKINNEY, N.A.",MCKINNEY,,,assistance,1
23235,1987-07-17,"BANCTEXAS NORTHSIDE HOUSTON, N.A",HOUSTON,,,assistance,1
23355,1987-07-17,"BANCTEXAS QUORUM, N.A.",ADDISON,,,assistance,1
18318,1987-07-17,"BANCTEXAS RICHARDSON, N.A.",RICHARDSON,,,assistance,1
19014,1987-07-17,"BANCTEXAS SULPHUR SPRINGS, N.A.",SULPHUR SPRINGS,,,assistance,1
20131,1987-07-17,BANCTEXAS WESTHEIMER,HOUSTON,,,assistance,1
18833,1987-07-17,"BANCTEXAS WHITE ROCK, N.A.",DALLAS,,,assistance,1
3164,1987-07-17,"BANKTEXAS DALLAS, N.A.",DALLAS,,,assistance,1
25652,1987-07-09,"FIRST CONTINENTAL BK OF ROCKRIMMON, N.A.",COLORADO SPRINGS,,,failure,1
9972,1987-07-09,RED OAK STATE BANK,RED OAK,,,failure,1
18279,1987-07-02,BANK OF BRAZORIA,BRAZORIA,,,failure,1
22311,1987-07-02,CITIZENS BANK,BRYAN,,,failure,1
29043,1987-07-02,PROVIDENT FS&LA,BOISE,,,assistance,1
28327,1987-07-02,UNITED FIRST FS&LA,BOISE,,,assistance,1
29917,1987-06-30,FORT LEE S&LA,FORT LEE,,,assistance,1
29862,1987-06-29,UNITED FS&LA,DURANT,,,failure,1
12190,1987-06-26,LANESBORO STATE BANK,LANESBORO,,,failure,1
23131,1987-06-26,LIBERTY BANK & TRUST COMPANY,GREENWOOD,,,failure,1
4073,1987-06-25,EIGHTY NINER BANK OF COYLE,COYLE,,,failure,1
18816,1987-06-25,SOUTH DENVER NATIONAL BANK,GLENDALE,,,failure,1
9321,1987-06-24,PELICAN STATE BANK,MANSFIELD,,,failure,1
1947,1987-06-18,FIRST MIDWEST BANK,MARYVILLE,,,failure,1
29814,1987-06-18,INVESTORS FEDERAL BANK,EL RENO,,,failure,1
32130,1987-06-12,FRONTIER S&LA,FAIRBANKS,,,failure,1
23207,1987-06-12,HAMILTON COUNTY STATE BANK,LOCKLAND,,,failure,1
26362,1987-06-12,WHITTIER THRIFT & LOAN,WHITTIER,,,failure,1
3346,1987-06-11,FIRST STATE BANK,MILFORD,,,failure,1
24885,1987-06-11,"NORTHWEST COMMERCIAL BANK, N.A.",HOUSTON,,,failure,1
31055,1987-06-11,SECURITY SAVINGS ASSOCIATION,TEXARKANA,,,failure,1
17382,1987-06-11,THE BENTON STATE BANK,BENTON,,,failure,1
9806,1987-06-05,SECURITY BANK OF RICH HILL,RICH HILL,,,assistance,1
16605,1987-06-04,THE FIRST STATE BANK,FRISCO,,,failure,1
20065,1987-06-04,UNITED BANK OF TEXAS,AUSTIN,,,failure,1
5275,1987-05-29,FIRST NATIONAL BANK OF WILMONT,WILMONT,,,failure,1
26199,1987-05-28,TEXAS NATIONAL BANK-WESTHEIMER,HOUSTON,,,failure,1
317,1987-05-21,BANK OF OAK GROVE,OAK GROVE,,,failure,1
24487,1987-05-21,LAKE AUSTIN NATIONAL BANK,AUSTIN,,,failure,1
20792,1987-05-21,"TEXAS INVESTMENT BANK, N.A.",HOUSTON,,,failure,1
31130,1987-05-20,INDEPENDENT AMERICAN SA,IRVING,,,failure,1
32138,1987-05-15,LIBERTY S&LA,NEW PORT RICHEY,,,failure,1
14279,1987-05-14,MARLIN NATIONAL BANK,MARLIN,,,failure,1
5135,1987-05-14,THE FIRST NATIONAL BANK OF ELBOW LAKE,ELBOW LAKE,,,failure,1
16684,1987-05-14,TODD COUNTY STATE BANK,LONG PRAIRIE,,,failure,1
19324,1987-05-14,UNITED BANK,LIBBY,,,failure,1
16043,1987-05-13,SYRACUSE SAVINGS BANK,SYRACUSE,,,assistance,1
9426,1987-05-08,FARMERS STATE BANK,MADDOCK,,,failure,1
16357,1987-05-08,MOREAUVILLE STATE BANK,MOREAUVILLE,,,failure,1
506,1987-05-07,FIRST STATE BANK OF SISSETON,SISSETON,,,failure,1
24569,1987-05-07,NORTH AMERICAN NATIONAL BANK,LITTLETON,,,failure,1
26207,1987-05-06,AMERICAN BANK OF COMMERCE,DENVER,,,failure,1
16098,1987-04-30,PEOPLES STATE BANK,TURKEY,,,failure,1
18595,1987-04-30,UNITEDBANK-HOUSTON,HOUSTON,,,failure,1
22548,1987-04-29,HERITAGE BANK & TRUST,SALT LAKE COUNTY,,,failure,1
31804,1987-04-24,LIBERTY FS&LA,LEESVILLE,,,failure,1
26201,1987-04-23,NORTH CENTRAL NATIONAL BANK,AUSTIN,,,failure,1
20304,1987-04-23,OSCEOLA STATE BANK & TRUST COMPANY,OSCEOLA,,,failure,1
11426,1987-04-22,THE BANK OF NORTH MISSISSIPPI,OAKLAND,,,failure,1
76,1987-04-22,THE PEOPLES BANK,COLLINSVILLE,,,failure,1
20724,1987-04-16,FIRST BANK OF SAGINAW,SAGINAW,,,failure,1
24467,1987-04-16,"FIRST COMMERCIAL BANK OF TEXAS,",HOUSTON,,,failure,1
16291,1987-04-16,FIRST STATE BANK OF FOREST CITY,FOREST CITY,,,failure,1
32204,1987-04-16,SOUTHERN FLORIDABANC SA,BOCA RATON,,,failure,1
16617,1987-04-10,BANK OF IRON COUNTY,PAROWAN,,,failure,1
32028,1987-04-10,FUTURE S&LA,ALBANY,,,failure,1
10094,1987-04-10,THE CITIZENS STATE BANK,BROWNSTOWN,,,failure,1
24161,1987-04-09,COMMONWEALTH BANK,GLENDALE,,,failure,1
8316,1987-04-09,DEER LODGE BANK & TRUST COMPANY,DEER LODGE,,,failure,1
4047,1987-04-09,FIRST NATIONAL BANK OF BRAMAN,BRAMAN,,,failure,1
24791,1987-04-09,"THE SOUTHWESTERN BANK, N.A.",HOUSTON,,,failure,1
31440,1987-04-03,TAHOE S&LA,SOUTH LAKE TAHOE,,,assistance,1
4685,1987-04-02,THE FIRST NATIONAL BANK OF HERINGTON,HERINGTON,,,failure,1
31880,1987-03-27,EQUITABLE S&LA,STANTON,,,failure,1
8803,1987-03-27,TALLULAH STATE BANK & TRUST COMP,TALLULAH,,,failure,1
9466,1987-03-26,THE FIRST STATE BANK IN BILLINGS,BILLINGS,,,failure,1
32050,1987-03-25,SOUTH FLORIDA SAVINGS BANK,DAVIE,,,assistance,1
30681,1987-03-24,WESTERN S&LA,SALT LAKE CITY,,,assistance,1
32156,1987-03-20,BAYOU FS&LA,NEW ORLEANS,,,assistance,1
29821,1987-03-20,FIRST FS&LA,HAGERSTOWN,,,failure,1
31893,1987-03-20,FIRST SOUTHERN SA,PASCAGOULA,,,failure,1
13095,1987-03-20,MOROCCO STATE BANK,MOROCCO,,,failure,1
24789,1987-03-20,NEW CITY BANK,ORANGE,,,failure,1
4243,1987-03-20,THE MADILL BANK & TRUST COMPANY,MADILL,,,failure,1
31171,1987-03-20,VERNON S&LA,VERNON,,,failure,1
1108,1987-03-19,CLARKS FORK NATIONAL BANK,FROMBERG,,,failure,1
3139,1987-03-19,RED RIVER NATIONAL BANK IN CLARKSVILLE,CLARKSVILLE,,,failure,1
16856,1987-03-19,SWEENEY BANK,SWEENEY,,,failure,1
32183,1987-03-18,PERPETUAL SB,LOS ANGELES,,,failure,1
411,1987-03-17,UNITED OKLAHOMA BANK,OKLAHOMA CITY,,,failure,1
8846,1987-03-13,BEAVER CREEK STATE BANK,BEAVER CREEK,,,failure,1
30467,1987-03-13,HOME S&LA,SEATTLE,,,assistance,1
29828,1987-03-13,VICTOR S&LA,MUSKOGEE,,,failure,1
24822,1987-03-12,EXPRESSWAY BANK,OKLAHOMA CITY,,,failure,1
23445,1987-03-12,PLAZA NATIONAL BANK,DEL RIO,,,failure,1
3372,1987-03-12,THE FIRST NATIONAL BANK OF OLNEY,OLNEY,,,failure,1
20915,1987-03-12,WESTERN BANK,EL PASO,,,failure,1
32163,1987-03-06,SOUTH BAY S&LA,GARDENS,,,assistance,1
14426,1987-03-05,FIRST NATIONAL BANK IN WEST CONCORD,WEST CONCORD,,,failure,1
24262,1987-03-05,FIRST NATIONAL BANK OF SAPULPA,SAPULPA,,,failure,1
18994,1987-03-05,LIBERTY BANK,HOUSTON,,,failure,1
25326,1987-03-05,SEALY NATIONAL BANK,SEALY,,,failure,1
9101,1987-03-04,THE FIRST STATE BANK,ROCKFORD,,,failure,1
28129,1987-02-27,FIRST FS&LA OF BELOIT,BELOIT,,,failure,1
30623,1987-02-27,KEY S&LA,ENGLEWOOD,,,failure,1
3695,1987-02-27,THE LEWISTOWN BANK,LEWISTOWN,,,failure,1
19331,1987-02-26,CENTRAL BANK & TRUST COMPANY,GLENMORA,,,assistance,1
17947,1987-02-26,FARMERS STATE BANK,HART,,,failure,1
24356,1987-02-26,FIRST NATIONAL BANK OF CROSBY,CROSBY,,,failure,1
24068,1987-02-25,AMERICAN NATIONAL BANK,DURANT,,,assistance,1
19257,1987-02-20,HUB CITY BANK & TRUST COMPANY,LAFAYETTE,,,failure,1
5579,1987-02-20,THE FIRST NATIONAL BANK OF WESLACO,WESLACO,,,failure,1
24990,1987-02-19,FIRST STATE BANK OF ATMORE,ATMORE,,,failure,1
14742,1987-02-13,"FIRST STATE BANK OF KING CITY, MISSOURI",KING CITY,,,failure,1
31115,1987-02-13,LIFE SAVINGS OF AMERICA,ROCKFORD,,,failure,1
21627,1987-02-13,THE COUNTY BANK,MANATEE COUNTY,,,failure,1
31913,1987-02-13,"UNIVERSAL SA, FA",CHICKASHA,,,failure,1
25193,1987-02-12,FEDERATED NATIONAL BANK,LIVE OAK,,,failure,1
18773,1987-02-12,FIRST CITY BANK OF ATOKA,ATOKA,,,failure,1
24039,1987-02-12,SECURITY NATIONAL BANK,MIDLAND,,,failure,1
24056,1987-02-11,COMMUNITY BANK,SEILING,,,failure,1
17267,1987-02-05,BOULEVARD STATE BANK,WICHITA,,,failure,1
24274,1987-02-05,MARKET NATIONAL BANK,DENVER,,,failure,1
10496,1987-02-05,STATE BANK OF ALLISON,ALLISON,,,failure,1
24709,1987-02-05,SUNBELT NATIONAL BANK,DALLAS,,,failure,1
25633,1987-01-29,BEAR CREEK NATIONAL BANK,BEAR CREEK,,,failure,1
15143,1987-01-29,FIRST STATE BANK OF PATTONSBURG,PATTONBURG,,,failure,1
20694,1987-01-29,"MONTGOMERY COUNTY BANK, N.A.",THE WOODLANDS,,,failure,1
19522,1987-01-29,PEOPLES BANK & TRUST COMPANY,HOLDENVILLE,,,failure,1
4372,1987-01-29,THE FARMERS NATIONAL BANK OF REMINGTON,REMINGTON,,,failure,1
8444,1987-01-29,THE LA PRYOR STATE BANK,LA PRYOR,,,failure,1
23282,1987-01-23,FIRST SIERRA BANK,BISHOP,,,failure,1
32176,1987-01-23,NORTH AMERICA  S&LA,SANTA ANNA,,,failure,1
2609,1987-01-23,THE FIRST NATIONAL BANK OF MARLBOROUGH,MARLBOROUGH,,,failure,1
14627,1987-01-22,NATIONAL BANK OF FREDERICK,FREDERICK,,,failure,1
31169,1987-01-16,FIRST S&LA OF BURKBURNETT,BURKBURNETT,,,failure,1
31598,1987-01-16,MAGIC VALLEY S&LA,WESLACO,,,assistance,1
28309,1987-01-16,UMPQUA S&LA,ROSEBURG,,,failure,1
23829,1987-01-15,FIRST CHARTER BANK,DENVER,,,failure,1
17475,1987-01-15,LATIMER BANK & TRUST,LATIMER,,,failure,1
4189,1987-01-15,THE FIRST NATIONAL BANK OF RUSH SPRINGS,RUSH SPRINGS,,,failure,1
24423,1987-01-15,THE FIRST NATIONAL BANK OF SKIATOOK,SKIATOOK,,,failure,1
12548,1987-01-09,STATE BANK OF CUBA,CUBA,,,failure,1
25053,1987-01-08,AMERICAN NATIONAL BANK OF GRAND JUNCTION,GRAND JUNCTION,,,failure,1
18756,1987-01-08,BOWIE NATIONAL BANK,BOWIE,,,failure,1
4159,1987-01-08,THE SECURITY NAT BK & TR CO. OF NORMAN,NORMAN,,,failure,1
20492,1986-12-31,CITIZENS BANK & TRUST COMPANY,ARCADIA,,,assistance,1
27865,1986-12-31,LINCOLN FS&LA,LOUISVILLE,,,assistance,1
15886,1986-12-29,BANK OF KANSAS CITY,KANSAS CITY,,,assistance,1
29096,1986-12-22,ST. LOUIS FS&LA,CLAYTON,,,assistance,1
11936,1986-12-19,FARMERS STATE BANK,LUEDERS,,,failure,1
1407,1986-12-19,LAKELAND STATE BANK,PEQUOT LAKES,,,failure,1
12294,1986-12-18,FIRST BANK & TRUST CO.,BOOKER,,,failure,1
24388,1986-12-18,LAGO VISTA NATIONAL BANK,LAGO VISTA,,,failure,1
24638,1986-12-18,LANDMARK NATIONAL BANK,DENVER,,,failure,1
29295,1986-12-16,BARRON COUNTY FS&LA,BARRON,,,assistance,1
29461,1986-12-12,FIRST SAVINGS OF AMERICA,ORLAND PARK,,,failure,1
29648,1986-12-12,GUARANTY FEDERAL BANK FSB,CASPER,,,failure,1
14262,1986-12-09,THE CITIZENS BANK OF WINDSOR,WINDSOR,,,failure,1
4069,1986-12-05,CORDELL NATIONAL BANK,CORDELL,,,failure,1
29048,1986-12-05,FIRSTSOUTH  FS&LA,PINE BLUFF,,,failure,1
5258,1986-12-04,FIRST NATIONAL BANK OF STEWARTVILLE,STEWARTVILLE,,,failure,1
19094,1986-12-04,HAYS STATE BANK,HAYS,,,failure,1
15371,1986-12-04,PANHANDLE BANK & TRUST COMPANY,BORGER,,,failure,1
15409,1986-11-26,BANK OF COMMERCE,MORRISTOWN,,,assistance,1
4166,1986-11-24,"BANK OF OKLAHOMA, OKLA. CITY, N.A.",OKLAHOMA CITY,,,assistance,1
32105,1986-11-21,FIRST SECURITY  S&LA,GRAND JUNCTION,,,assistance,1
31493,1986-11-21,GULF FEDERAL SAVINGS BANK,METAIRIE,,,assistance,1
3547,1986-11-20,FIRST NATIONAL BANK,WILLOWS,,,failure,1
19098,1986-11-20,NORMAN BANK OF COMMERCE,NORMAN,,,failure,1
24855,1986-11-20,TEXANA NATIONAL BANK OF COLLEGE,COLLEGE STATION,,,failure,1
18871,1986-11-14,FIRST NATIONAL BANK OF TEMPLE,TEMPLE,,,failure,1
24395,1986-11-14,THE BANK OF NORTHERN CALIFORNIA,SAN JOSE,,,failure,1
13570,1986-11-13,THE HOXIE STATE BANK,HOXIE,,,failure,1
10995,1986-11-07,CHOKIO STATE BANK,CHOKIO,,,failure,1
24081,1986-11-07,METROPOLITAN BANK & TRUST COMPANY,BATON ROUGE,,,failure,1
1620,1986-11-06,FIRST STOCK YARDS BANK,ST. JOSEPH,,,failure,1
12998,1986-11-06,THE CITIZENS STATE BANK,DONNA,,,failure,1
4090,1986-11-06,THE FIRST NATIONAL BANK & TR CO.,ENID,,,failure,1
1428,1986-11-06,THE HOME BANK,SAVANNAH,,,failure,1
23504,1986-11-05,SEDGWICK COUNTY BANK,JULESBURG,,,failure,1
27649,1986-10-31,FAMILY FS&LA,SAGINAW,,,assistance,1
20758,1986-10-31,REPUBLIC BANK,BLANCHARD,,,failure,1
5437,1986-10-23,BANK OF GERING,GERING,,,failure,1
27712,1986-10-23,FARMERS FS&LA,RAVENSWOOD,,,assistance,1
30071,1986-10-23,FIRST STATE S&LA,SPARTANSBURG,,,assistance,1
22145,1986-10-23,SECURITY NATIONAL BANK,ANCHORAGE,,,failure,1
19010,1986-10-23,STILLWATER COMMUNITY BANK,STILLWATER,,,failure,1
23409,1986-10-17,VALLEY STATE BANK,BAGGS,,,failure,1
28527,1986-10-10,HOMESTEAD S&LA,WOODWARD,,,failure,1
32157,1986-10-10,UNIFIED SAVINGS BANK,NORTHRIDGE,,,failure,1
24727,1986-10-09,INDEPENDENT NATIONAL BANK,COVINA,,,failure,1
22869,1986-10-03,COLUMBIA COMMUNITY BANK,HERMISTON,,,failure,1
24201,1986-10-02,CENTURY NATIONAL BANK,HOUSTON,,,failure,1
24270,1986-10-02,FRONTIER NATIONAL BANK,VISTA,,,failure,1
14957,1986-10-02,MISSOURI FARMERS BANK,MOUND CITY,,,failure,1
31384,1986-10-01,REPUBLIC SAVINGS BANK,SOUTH BELOIT,,,assistance,1
17532,1986-09-26,AMERICAN BANK & TRUST COMPANY,LAFAYETTE,,,failure,1
23738,1986-09-25,HERITAGE NATIONAL BANK,RICHARDSON,,,failure,1
16861,1986-09-25,THE HOME STATE BANK,LA CROSSE,,,failure,1
31338,1986-09-19,CAL AMERICA S&LA,WALNUT CREEK,,,assistance,1
21038,1986-09-19,TEXAS BANK & TRUST COMPANY,LUBBOCK,,,failure,1
21149,1986-09-18,TEXAS INDEPENDENCE BANK,PASADENA,,,failure,1
28664,1986-09-12,RAMONA  S&LA,FILLMORE,,,failure,1
30438,1986-09-12,WESTERN S&LA,DALLAS,,,failure,1
31615,1986-09-11,DE VARGAS S&LA BANK,SANTA FE,,,assistance,1
19167,1986-09-10,CENTRAL BANK & TRUST OF TULSA,TULSA,,,failure,1
10673,1986-09-04,FAIRVIEW STATE BANK OF FAIRVIEW,FAIRVIEW,,,failure,1
20616,1986-09-04,WESTERN BANK,MIDLAND,,,failure,1
20178,1986-08-30,MID VALLEY BANK,OMAK,,,assistance,1
28326,1986-08-29,CITIZENS FS&LA,CLEVELAND,,,assistance,1
28520,1986-08-29,DOLLAR SAVINGS BANK,COLUMBUS,,,assistance,1
31870,1986-08-29,FIRST SA OF KILGORE,KILGORE,,,assistance,1
23248,1986-08-28,ALBANY STATE BANK,ALBANY,,,failure,1
25047,1986-08-28,AMERICAN NATIONAL BANK OF EASTRIDGE,CASPER,,,failure,1
18749,1986-08-28,BUENA VISTA BANK & TRUST COMPANY,BUENA VISTA,,,failure,1
32123,1986-08-27,METROPOLITAN FS&LA,HIALEAH,,,failure,1
31902,1986-08-27,RESERVE S&LA,WITCHITA,,,assistance,1
20116,1986-08-21,DANBURY BANK,DANBURY,,,failure,1
3051,1986-08-21,THE FIRST NATIONAL BANK IN RIFLE,RIFLE,,,failure,1
9662,1986-08-21,UNITED BANK OF MINNEAPOLIS,MINNEAPOLIS,,,failure,1
13714,1986-08-20,MENDON STATE BANK,MENDON,,,failure,1
15603,1986-08-15,STATE BANK OF WESTPHALIA,WESTPHALIA,,,assistance,1
16698,1986-08-14,CITIZENS NATIONAL BANK & TRUST CO,OKLAHOMA CITY,,,failure,1
8112,1986-08-14,THE STATE EXCHANGE BANK,YATES CENTER,,,failure,1
23229,1986-08-08,MEDICINE BOW STATE BANK,MEDICINE BOW,,,failure,1
31959,1986-08-08,PENINSULA FS&LA,SOLDOTNA,,,failure,1
17310,1986-08-07,FIRST CITIZENS BANK,DALLAS,,,failure,1
18377,1986-08-07,GRAETTINGER STATE BANK,GRAETTINGER,,,failure,1
16800,1986-08-07,THE EASTON STATE BANK,ESTON,,,failure,1
4088,1986-08-07,THE FIRST NAT BANK & TRUST CO. OF EL RENO,EL RENO,,,failure,1
27888,1986-08-01,NATIONAL PERMANENT BANK FSB,WASHINGTON,,,assistance,1
15109,1986-07-31,CITIZENS STATE BANK,IOWA FALLS,,,failure,1
1186,1986-07-31,EDEN STATE BANK,EDEN,,,failure,1
4068,1986-07-31,FIRST NATIONAL BANK IN CORDELL,CORDELL,,,failure,1
5409,1986-07-31,THE GERING NATIONAL BANK & TRUST,GERING,,,failure,1
28328,1986-07-25,CENTRAL ILLINOIS S&LA,VIRDEN,,,failure,1
30768,1986-07-25,MAJOR FEDERAL S&LA,CINCINNATI,,,failure,1
23021,1986-07-25,MOUNTAIN VALLEY BANK,CONIFER,,,failure,1
21622,1986-07-25,THE BANK OF PARK COUNTY,BAILEY,,,failure,1
14111,1986-07-24,MCCUNE STATE BANK,MCCUNE,,,failure,1
4492,1986-07-24,THE FIRST NATIONAL BANK OF PRAIRIE CITY,PRAIRIE CITY,,,failure,1
31173,1986-07-23,LINCOLN S&LA,PORTLAND,,,assistance,1
8438,1986-07-18,FARMER'S BANK,TRIMBLE,,,failure,1
20355,1986-07-18,PERMIAN BANK,ODESSA,,,failure,1
32044,1986-07-18,SUN S&LA,SAN DIEGO,,,assistance,1
16969,1986-07-17,CALLAO COMMUNITY BANK,CALLAO,,,failure,1
19579,1986-07-17,FILLMORE COUNTY BANK,GENEVA,,,failure,1
20457,1986-07-17,NEW MEXICO NATIONAL BANK,ALBUQUERQUE,,,failure,1
12142,1986-07-17,THE BANK OF KIOWA,KIOWA,,,failure,1
2230,1986-07-17,THE FIRST NATIONAL BANK OF SHERIDAN,SHERIDAN,,,failure,1
32103,1986-07-14,ATLAS S&LA,SAN FRANCISCO,,,assistance,1
4164,1986-07-14,THE FIRST NAT BK & TR CO. OF OKLAHOMA,OKLAHOMA CITY,,,failure,1
9730,1986-07-11,FARMERS STATE BANK OF CLARISSA,CLARISSA,,,failure,1
28681,1986-07-09,EQUITABLE FSB,LANCASTER,,,assistance,1
21676,1986-07-02,NATIONAL BANK OF TEXAS,AUSTIN,,,failure,1
28149,1986-06-27,CITIZENS HOME SAVINGS COMPANY,LORAIN,,,assistance,1
257,1986-06-27,COMMERCIAL STATE BANK,POCAHONTAS,,,failure,1
26439,1986-06-27,ORANGE COAST THRIFT & LOAN ASSOCIATION,LOS ALAMITOS,,,failure,1
15896,1986-06-27,THE HOME STATE BANK,ROCHESTER,,,failure,1
28491,1986-06-27,THE STATE S&L CO.,EUCLID,,,assistance,1
22275,1986-06-26,CONTINENTAL NATIONAL BANK OF KENTUCKY,LOUISVILLE,,,failure,1
8765,1986-06-26,UNION DEPOSIT BANK,UNION,,,failure,1
13050,1986-06-20,THE AMERICAN BANK,ALMA,,,failure,1
16683,1986-06-19,FIRST NATIONAL BANK OF BORGER,BORGER,,,failure,1
4637,1986-06-19,THE FIRST NATIONAL BANK OF CHANUTE,CHANUTE,,,failure,1
8142,1986-06-13,BOSSIER BANK & TRUST COMPANY,BOSSIER CITY,,,failure,1
21889,1986-06-13,THE BANK OF COMMERCE,SHREVEPORT,,,failure,1
24296,1986-06-12,"PETROBANK, N.A.",HOUSTON,,,failure,1
28240,1986-06-06,FIRST OF MONTGOMERY COUNTY,BLACKSBURG,,,assistance,1
31727,1986-06-06,MOUNTAIN SECURITY SB,WYTHEVILLE,,,assistance,1
23807,1986-06-06,SECURITY BANK OF GLENROCK,GLENROCK,,,failure,1
18093,1986-06-05,THE CITIZENS ST BANK OF MCCRACKEN,MCCRACKEN,,,failure,1
32314,1986-05-31,SEAPOINTE S&LA,CARLSBAD,,,failure,1
22456,1986-05-30,"BANCO DE AHORRO, F.S.B.",MAYAGUEZ,,,failure,1
8315,1986-05-30,BANK OF COLUMBIA FALLS,COLUMBIA FALLS,,,failure,1
4157,1986-05-29,THE FIRST NATIONAL BK & TR CO. OF NORMAN,NORMAN,,,failure,1
25297,1986-05-29,"THE LONE ROCK BANK, N.A.",LONE ROCK,,,failure,1
14034,1986-05-28,ROSELAND STATE BANK,ROSELAND,,,failure,1
20912,1986-05-23,CENTENNIAL STATE BANK OF COLORADO,ENGLEWOOD,,,failure,1
16382,1986-05-23,FIRST STATE BANK & TRUST COMPANY,EDINBURG,,,failure,1
20857,1986-05-23,SUNSHINE STATE BANK,SOUTH MIAMI,,,failure,1
32199,1986-05-22,CONSOLIDATED SAVINGS BANK,IRVINE,,,failure,1
24645,1986-05-15,SADDLEBACK NATIONAL BANK,LAGUNA HILLS,,,failure,1
14767,1986-05-15,THE CITIZENS STATE BANK OF ST. FRANCIS,ST. FRANCIS,,,failure,1
2864,1986-05-09,FIRST BANK & TRUST OF IDAHO,MALAD CITY,,,failure,1
19216,1986-05-09,RAINSVILLE BANK,RAINSVILLE,,,failure,1
4215,1986-05-08,BANK OF COMMERCE & TRUST COMPANY,TULSA,,,failure,1
4742,1986-05-01,BANK OF NORTONVILLE,NORTONVILLE,,,failure,1
4426,1986-05-01,THE BEDFORD NATIONAL BANK,BEDFORD,,,failure,1
4055,1986-05-01,THE FIRST NATIONAL BANK OF CARTER,CARTER,,,failure,1
28563,1986-04-30,WASHINGTON FIRST FS&LA,ST. LOUIS,,,assistance,1
18534,1986-04-24,FIRST NATIONAL BANK OF IRVING,IRVING,,,failure,1
3088,1986-04-24,THE FIRST NATIONAL BANK OF BANDERA,BANDERA,,,failure,1
16943,1986-04-22,UNION COUNTY BANK,MAYNARDVILLE,,,failure,1
21531,1986-04-18,FLORIDA CENTER BANK,ORLANDO,,,failure,1
31989,1986-04-16,SUMMIT S&LA,PARK CITY,,,failure,1
13925,1986-04-16,THE TALMAGE STATE BANK,TALMAGE,,,assistance,1
31943,1986-04-14,COLUMBUS S&LA,SAN RAFAEL,,,assistance,1
31550,1986-04-14,FIRST AMERICAN S&LA,BENTON,,,assistance,1
32059,1986-04-14,GATEWAY SB,SAN FRANCISCO,,,failure,1
23920,1986-04-11,CENTER NATIONAL BANK,LOS ANGELES,,,failure,1
14308,1986-04-10,THE FIRST NATIONAL BANK OF RUSTON,RUSTON,,,failure,1
4452,1986-04-10,THE NATIONAL BANK,DYERSVILLE,,,failure,1
11451,1986-04-10,THE PEOPLES BANK OF MERCER,MERCER,,,failure,1
30342,1986-04-04,MAINLAND  S&LA,HOUSTON,,,failure,1
23190,1986-04-03,EDDY COUNTY NATIONAL BANK,CARLSBAD,,,failure,1
22774,1986-04-03,INDUSTRIAL NATIONAL BANK OF EAST CHICAGO,EAST CHICAGO,,,failure,1
22432,1986-03-28,FAMILY BANK,OGDEN,,,failure,1
14389,1986-03-28,FARMERS & MERCHANTS BANK OF HUNTSVILLE,HUNTSVILLE,,,failure,1
31702,1986-03-28,"UNITED BANK, SSB",SAN FRANCISCO,,,assistance,1
11911,1986-03-27,FIRST STATE BANK,MEMPHIS,,,failure,1
17616,1986-03-27,FIRST STATE BANK,WHITE CLOUD,,,failure,1
9951,1986-03-27,STOCKHOLM STATE BANK,STOCKHOLM,,,failure,1
31927,1986-03-27,WESTWOOD S&LA,LOS ANGELES,,,failure,1
30966,1986-03-21,GUARANTY S&LA,LONGVIEW,,,failure,1
31380,1986-03-20,FIRST FS&LA OF REDDING,REDDING,,,assistance,1
31632,1986-03-20,HACIENDA FS&LA,OXNARD,,,assistance,1
12667,1986-03-20,WILLIAMS SAVINGS BANK,WILLIAMS,,,failure,1
31590,1986-03-14,BEN MILAM S&LA,CAMERON,,,assistance,1
1405,1986-03-14,FARMERS & MERCHANTS ST BK OF LAMBERTON,LAMBERTON,,,failure,1
31186,1986-03-14,MERCURY S&LA OF TEXAS,WICHITA FALLS,,,assistance,1
9391,1986-03-07,THE CITIZENS BANK OF WINIGAN,WINIGAN,,,failure,1
13920,1986-03-06,THE CITY NATIONAL BANK OF PLAINVIEW,PLAINVIEW,,,failure,1
5482,1986-03-06,THE FIRST NATIONAL BANK OF TEKAMAH,TEKAMAH,,,failure,1
3224,1986-02-27,THE FIRST NATIONAL BANK OF GORMAN,GORMAN,,,failure,1
29920,1986-02-21,CAPITOL S&LA,MOUNT PLEASANT,,,failure,1
23151,1986-02-21,ELK CITY STATE BANK,ELK CITY,,,failure,1
19405,1986-02-21,FIRST NATIONAL BANK AT DOUGLAS,DOUGLAS,,,failure,1
32006,1986-02-14,AMERICAN DIVERSIFIED SAVINGS BANK,COSTA MESA,,,failure,1
25162,1986-02-14,"EXECUTIVE CENTER BANK, N.A.",DALLAS,,,failure,1
16740,1986-02-14,FIRST NATIONAL BANK OF TIPTON,TIPTON,,,failure,1
32215,1986-02-14,INTERCAPITAL S&LA,JACKSONVILLE BEACH,,,failure,1
20859,1986-02-14,PARK BANK OF FLORIDA,ST. PETERSBURG,,,failure,1
32058,1986-02-12,MT. WHITNEY S&LA,EXETER,,,failure,1
31645,1986-02-07,CORONADO FS&LA,KANSAS CITY,,,assistance,1
11484,1986-02-07,JOHNSON COUNTY BANK,TECUMSEH,,,failure,1
20572,1986-02-07,VALENCIA BANK,PLACENTIA,,,failure,1
4422,1986-02-06,THE PEOPLES NATIONAL BANK & TRUST,ALBIA,,,failure,1
32149,1986-01-31,GREAT WEST S&LA,LAS VEGAS,,,assistance,1
32273,1986-01-30,BOHEMIAN S&LA,ST. LOUIS,,,failure,1
22818,1986-01-24,PIONEER STATE BANK,SALT LAKE CITY,,,failure,1
22715,1986-01-24,UTAH FIRSTBANK,SALT LAKE CITY,,,failure,1
22670,1986-01-17,AMERICAN BANK OF CASPER,CASPER,,,failure,1
21722,1986-01-17,FIRST PROGRESSIVE BANK,METAIRIE,,,failure,1
8147,1986-01-10,BANK OF DIXIE,LAKE PROVIDENCE,,,failure,1
8976,1986-01-09,FIRST STATE BANK,CACHE,,,failure,1
32205,1986-01-09,MANHATTAN BEACH S&LA,MANHATTAN BEACH,,,failure,1
4798,1986-01-09,THE FIRST NATIONAL BANK OF WHITE CITY,WHITE CITY,,,failure,1
29406,1986-01-02,FIRST FS&LA,ASHTABULA,,,assistance,1
16074,1985-12-31,HOME SAVINGS BANK,WHITE PLAINS,,,assistance,1
30611,1985-12-31,SUN FS&LA,TALAHASSEE,,,assistance,1
30507,1985-12-20,BROWNFIELD  S&LA,BROWNFIELD,,,assistance,1
22698,1985-12-20,FIRST CITY BANK,GLENDALE,,,failure,1
1917,1985-12-20,STATE BANK OF FROST,FROST,,,failure,1
31117,1985-12-20,STATE S&LA OF LUBBOCK,LUBBOCK,,,assistance,1
18726,1985-12-19,BANK OF PANAMA,PANAMA,,,failure,1
8596,1985-12-19,FARMERS & MERCHANTS BANK,COMSTOCK,,,failure,1
16732,1985-12-19,FARMERS STATE BANK,SARGENT,,,failure,1
8299,1985-12-19,PRINCETON STATE BANK,PRINCETON,,,failure,1
24449,1985-12-13,LAKE NATIONAL BANK,LAKE OZARK,,,failure,1
12460,1985-12-13,"THE FARMERS STATE BANK OF BARRY COUNTY, EX",EXETER,,,failure,1
23977,1985-12-13,THE FIRST NATIONAL BANK IN LINCOLN COUNTY,RUIDOSO,,,failure,1
31321,1985-12-06,GUARANTY S&LA,HARRISON,,,failure,1
31354,1985-12-06,STATE  FS&LA,CORVALLIS,,,failure,1
1433,1985-12-05,SECURITY STATE BANK,BROKEN BOW,,,failure,1
4115,1985-12-05,THE FARMERS AND MERCHANTS NATIONAL BANK OF,HENNESSY,,,failure,1
31792,1985-12-04,CITIZENS S&LA,SALEM,,,failure,1
27622,1985-12-02,HOME FS&LA,SIOUX CITY,,,assistance,1
30914,1985-12-02,HOME FS&LA,PADUCAH,,,assistance,1
30731,1985-12-02,MIDLAND FS&LA,MOORHEAD,,,assistance,1
28890,1985-12-01,CITIZENS FS&LA,SEATTLE,,,assistance,1
31761,1985-11-26,USM (U.S. MUTUAL) S&LA,ANN ARBOR,,,failure,1
30952,1985-11-25,HI-PLAINS  S&LA,HEREFORD,,,assistance,1
20533,1985-11-22,ALLEN COUNTY BANK AND TRUST COMPANY,LEO,,,failure,1
21691,1985-11-22,CALIFORNIA HERITAGE BANK,SAN DIEGO,,,failure,1
11931,1985-11-22,CHESTER STATE BANK,CHESTER,,,failure,1
4740,1985-11-21,DECATAUR COUNTY NATIONAL BANK OF OBERLIN,OBERLIN,,,failure,1
8562,1985-11-21,THE CLARKSDALE BANK OF CLARKDALE,CLARKSDALE,,,failure,1
2306,1985-11-21,THE DILL STATE BANK,DILL CITY,,,failure,1
13160,1985-11-21,THE FARMERS AND MERCHANTS STATE BANK OF RU,LA CROSSE,,,failure,1
5550,1985-11-14,FIRST NATIONAL BANK OF TEAGUE,TEAGUE,,,failure,1
14271,1985-11-08,AUBURN SAVINGS BANK,AUBURN,,,failure,1
18859,1985-11-08,NORTHSHORE BANK,HOUSTON,,,failure,1
10116,1985-11-01,EARLY SAVINGS BANK,EARLY,,,failure,1
27972,1985-11-01,LEWIS FS&LA,CHEHALIS,,,assistance,1
23892,1985-11-01,THE AURORA BANK,AURORA,,,failure,1
23218,1985-11-01,YELLOWSTONE STATE BANK,LANDER,,,failure,1
31841,1985-10-28,SECURITY TRUST S&LA,OAKRIDGE,,,assistance,1
32032,1985-10-18,FARMERS SAVINGS BANK,DAVIS,,,failure,1
12189,1985-10-18,FARMERS STATE BANK OF KANARANZI,KANARANZI,,,failure,1
14670,1985-10-18,FIRST STATE BANK,JET,,,failure,1
19383,1985-10-18,THE CITIZENS BANK,OGDEN,,,failure,1
23024,1985-10-18,THE EARLY BANK,EARLY,,,failure,1
2321,1985-10-17,FARMERS STATE BANK IN AFTON,AFTON,,,failure,1
525,1985-10-11,SARATOGA STATE BANK,SARATOGA,,,failure,1
4602,1985-10-11,THE FIRST NATIONAL BANK OF ST. JOSEPH,ST. JOSEPH,,,failure,1
15756,1985-10-10,BANK OF CANTON,CANTON,,,failure,1
28422,1985-10-04,SUN S&LA,PORTLAND,,,assistance,1
24573,1985-10-03,"TOWER BANK, N.A.",HIALEAH GARDENS,,,failure,1
27873,1985-10-01,BATON ROUGE S&LA,BATON ROUGE,,,assistance,1
15919,1985-10-01,BOWERY SAVINGS BANK,NEW YORK,,,assistance,1
30922,1985-10-01,SECURITY FS&LA,ALBERQUERQUE,,,assistance,1
31652,1985-09-27,FAMILY FS&LA,SPRINGFIELD,,,assistance,1
32207,1985-09-27,GOLDEN PACIFIC S&LA,WINDSOR,,,assistance,1
4207,1985-09-27,THE FIRST NATIONLAL BANK IN TERRAL,TERRAL,,,failure,1
18760,1985-09-27,WESTERN STATE BANK,DENTON,,,failure,1
1148,1985-09-25,THE SEDAN STATE BANK,SEDAN,,,failure,1
30916,1985-09-20,GLEN ELLYN  S&LA,GLEN ELLYN,,,assistance,1
12743,1985-09-18,ELBA STATE BANK,ELBA,,,failure,1
21562,1985-09-13,THE FIRST NATIONAL BANK OF ROCKLAND,RAMAPO,,,failure,1
20490,1985-09-12,FIRST SECURITY BANK OF DICKSON,DICKSON,,,failure,1
24106,1985-09-12,"MONCOR BANK, N.A.",ROSWELL,,,failure,1
23209,1985-09-06,BANK OF CLIFTON,CLIFTON,,,failure,1
30676,1985-09-06,HEIGHTS SAVINGS ASSOCIATION,HOUSTON,,,assistance,1
6096,1985-09-04,THE BANK OF LORETTO,LORETTO,,,failure,1
27766,1985-09-03,CITIZENS FS&LA,MATTESON,,,assistance,1
16798,1985-08-30,"MONCOR BANK, N.A.",HOBBS,,,failure,1
28124,1985-08-30,WESTSIDE FS&LA,SEATTLE,,,failure,1
16084,1985-08-28,CARDWELL STATE BANK,CARDWELL,,,failure,1
19574,1985-08-28,MISSOURI DELTA BANK,HAYTI,,,failure,1
31749,1985-08-28,PRESIDIO  S&LA,PORTERVILLE,,,failure,1
32083,1985-08-23,ALLIANCE FS&LA,KENNER,,,failure,1
10501,1985-08-23,THE BANK OF BRONSON,BRONSON,,,failure,1
31818,1985-08-20,CENTENNIAL  S&LA,GUERNEVILLE,,,failure,1
32055,1985-08-16,MONTANA S&LA,KALISPELL,,,failure,1
55,1985-08-16,THE COMMERCIAL BANK,ANDALUSIA,,,assistance,1
24761,1985-08-15,"PARK WEST BANK, N.A.",FARMERS BRANCH,,,failure,1
15380,1985-08-14,STATE BANK OF HERNDON,HERNDON,,,failure,1
31906,1985-08-09,SIERRA FS&LA,DENVER,,,failure,1
10085,1985-08-09,STATE BANK OF FARMERSVILLE,FARMERSVILLE,,,failure,1
18907,1985-08-08,SECURITY BANK & TRUST COMPANY,MIDWEST CITY,,,failure,1
29540,1985-08-07,BUTTERFIELD  S&LA,SANTA ANA,,,assistance,1
14180,1985-08-06,MINEOLA STATE BANK,MINEOLA,,,failure,1
29527,1985-08-02,BELL SAVINGS BANC,TEMPLE,,,failure,1
11828,1985-08-02,FARMERS STATE BANK,RISING CITY,,,failure,1
10970,1985-08-02,FARMERS STATE BANK OF ROUND LAKE,ROUND LAKE,,,failure,1
18862,1985-08-01,RIVERSIDE NATIONAL BANK OF HOUSTON,HOUSTON,,,failure,1
29071,1985-08-01,WESTERN HERITAGE FS&LA,PENDLETON,,,assistance,1
28490,1985-07-25,BELL  S&LA,SAN MATEO,,,assistance,1
12423,1985-07-25,CITIZENS STATE BANK OF EL DORADO,EL DORADO,,,failure,1
20699,1985-07-25,KANSAS AMERICAN BANK,OVERLAND PARK,,,failure,1
18928,1985-07-23,FIRST NATIONAL BANK OF GLENROCK,GLENROCK,,,failure,1
4745,1985-07-23,THE FIRST NATIONAL BANK OF ONAGA,ONAGA,,,failure,1
28504,1985-07-19,FLUSHING FS&LA,FLUSHING,,,assistance,1
22851,1985-07-19,GILPIN COUNTY BANK,BLACK HAWK,,,failure,1
10625,1985-07-19,LINN COUNTY BANK,LINNEUS,,,failure,1
17962,1985-07-18,ESKRIDGE STATE BANK,ESKRIDGE,,,failure,1
32016,1985-07-18,"SUNRISE, S&LA",LAKE WORTH,,,failure,1
3166,1985-07-18,THE FIRST NATIONAL BANK OF DAROUZZET,DARROUZETT,,,failure,1
22163,1985-07-11,CROSSROADS STATE BANK,OKLAHOMA CITY,,,failure,1
14837,1985-07-05,THE FIRST NATIONAL BANK OF JACKSONVILLE,JACKSONVILLE,,,failure,1
10510,1985-07-02,MADISON BANK,MADISON,,,failure,1
31839,1985-07-01,CITIZENS S&LA,BATESVILLE,,,assistance,1
4968,1985-06-28,FIRST BANK & TRUST,TRACY CITY,,,failure,1
31940,1985-06-26,CENTURY SA,SHAWNEE MSN,,,assistance,1
31891,1985-06-25,AUDUBON S&LA,NEW ORLEANS,,,failure,1
32015,1985-06-25,COMMUNITY FS&LA,BATON ROUGE,,,failure,1
32098,1985-06-25,CRESCENT SAVINGS BANK,NEW ORLEANS,,,failure,1
31480,1985-06-25,NEW ORLEANS S&LA,NEW ORLEANS,,,failure,1
32029,1985-06-25,NORTHLAKE S&LA,COVINGTON,,,failure,1
28913,1985-06-25,"SUN BELT FEDERAL BANK, FSB",LAKE PROVIDENCE,,,failure,1
28745,1985-06-21,EUREKA FS&LA,SAN CARLOS,,,assistance,1
4165,1985-06-21,"FIRST CITY BANK, N.A.",OKLAHOMA CITY,,,failure,1
22452,1985-06-21,GOLDEN PACIFIC NATIONAL BANK,NEW YORK,,,failure,1
13153,1985-06-21,URBANA SAVINGS BANK,URBANA,,,failure,1
10507,1985-06-20,FARMERS STATE BANK OF DEXTER,DEXTER,,,failure,1
11613,1985-06-14,STRONG'S BANK,DODGEVILLE,,,failure,1
1602,1985-06-14,SWIFT COUNTY BANK,BENSON,,,failure,1
4657,1985-06-13,THE FIRST STATE BANK,EDNA,,,failure,1
18551,1985-06-11,AMERICAN NATIONAL BANK OF RIVERTON,RIVERTON,,,failure,1
31323,1985-06-07,COMMUNITY FS&LA,NASHVILLE,,,failure,1
31674,1985-06-07,MAGNOLIA FS&LA,KNOXVILLE,,,failure,1
28621,1985-06-06,SOUTHERN CALIFORNIA  S&LA,BEVERLY HILLS,,,assistance,1
30965,1985-05-31,CENTRAL S&LA,SAN DIEGO,,,assistance,1
18388,1985-05-31,FAIRFIELD STATE BANK,FAIRFIELD,,,failure,1
5177,1985-05-31,FIRST TRUST BANK OF LAKEFIELD,LAKEFIELD,,,failure,1
19117,1985-05-31,SCROGGIN & COMPANY BANK,OAK,,,failure,1
18738,1985-05-31,SECURITY STATE BANK,EDGAR,,,failure,1
13790,1985-05-31,BANK OF LOCKESBURG,LOCKESBURG,,,failure,1
9477,1985-05-31,BANK OF OREGON,WOODBURN,,,assistance,1
13797,1985-05-31,BANK OF TAYLOR,TAYLOR,,,failure,1
29052,1985-05-28,FIRST FS&LA OF FREEPORT,FREEPORT,,,assistance,1
19076,1985-05-23,NORTHWEST BANK,WHITE SETTLEMENT,,,failure,1
30054,1985-05-22,HOME FS&LA,MARION,,,assistance,1
21757,1985-05-16,BANK OF NEWCASTLE,NEWCASTLE,,,failure,1
23889,1985-05-16,"THE ENERGY BANK, N.A.",DALLAS,,,failure,1
28448,1985-05-10,"FIRST FINANCIAL BANK, FSB",NEW ORLEANS,,,assistance,1
5813,1985-05-09,STORY COUNTY STATE BANK,STORY CITY,,,failure,1
16573,1985-05-03,FARMERS SAVINGS BANK,MASSENA,,,failure,1
10599,1985-05-03,FARMERS STATE BANK,ST. JOSEPH,,,failure,1
27832,1985-05-02,CAPITAL CITY FS&LA,WASHINGTON,,,assistance,1
30934,1985-05-02,FIRST FEDERAL OF TITUSVILLE,TITUSVILLE,,,assistance,1
30728,1985-05-02,NORTHERN VIRGINIA S&LA,ARLINGTON,,,assistance,1
11775,1985-05-02,THE BANK OF COMMERCE,CHANUTE,,,failure,1
29279,1985-05-01,BRIGHTON FS&LA,BRIGHTON,,,assistance,1
20708,1985-04-26,FIRST ENTERPRISE BANK,OAKLAND,,,failure,1
12414,1985-04-26,PEOPLES STATE BANK,ODEBOLT,,,failure,1
29769,1985-04-23,BEVERLY HILLS  S&LA,BEVERLY HILLS,,,assistance,1
3057,1985-04-18,THE FIRST NATIONAL BANK OF SPRINGFIELD,SPRINGFIELD,,,failure,1
3294,1985-04-18,THE PEOPLES NATIONAL BANK OF LAMPASAS,LAMPASAS,,,failure,1
16255,1985-04-12,FIRST STATE BANK OF ELGIN,ELGIN,,,failure,1
21984,1985-04-12,SOUTH COAST BANK,COSTA MESA,,,failure,1
28447,1985-04-12,STATE S&LA,SALT LAKE CITY,,,failure,1
17466,1985-04-10,STATE BANK OF ALEXANDRIA,ALEXANDRIA,,,failure,1
22159,1985-04-05,CAPISTRANO NATIONAL BANK,SAN JUAN CAPISTRA,,,failure,1
2336,1985-04-04,BANK OF HUNTER,HUNTER,,,failure,1
23408,1985-03-29,FIDELITY BANK OF DENVER,DENVER,,,failure,1
22387,1985-03-25,GOLDEN VALLEY BANK,TURLOCK,,,failure,1
10811,1985-03-15,TAYLOR STATE BANK,EMINGTON,,,failure,1
8345,1985-03-08,CITIZENS STATE BANK,ARAPAHOE,,,failure,1
949,1985-03-08,COMMERCIAL STATE BANK,AFTON,,,failure,1
32171,1985-03-08,WESTERN COMMUNITY S&L,EL CERRITO,,,failure,1
19064,1985-03-01,HALIFAX NATIONAL BANK OF PORT ORANGE,PORT ORANGE,,,failure,1
16248,1985-02-19,INWOOD STATE BANK,INWOOD,,,failure,1
10997,1985-02-15,CITIZENS STATE BANK OF FULDA,FULDA,,,failure,1
14563,1985-02-14,FIRST NATIONAL BANK OF EADS,EADS,,,failure,1
2393,1985-02-08,PEOPLES BANK & TRUST CO.,WARTBURG,,,failure,1
22673,1985-02-08,WEST VALLEY BANK,WOODLAND HILLS,,,failure,1
4093,1985-02-07,FARMERS NATIONAL BANK OF ERICK,ERICK,,,failure,1
4523,1985-02-07,FIRST NATIONAL BANK OF WOODBINE,WOODBINE,,,failure,1
22822,1985-02-01,CITIZENS FIDELITY BANK,BRISTOL,,,failure,1
17833,1985-01-25,THE STEELE STATE BANK,CHEROKEE,,,failure,1
13812,1985-01-24,FIRST NATIONAL BANK IN CLARKSVILLE,CLARKSVILLE,,,failure,1
4141,1985-01-24,THE FIRST NATIONAL BANK IN MARLOW,MARLOW,,,failure,1
22757,1985-01-11,COAST COMMUNITY BANK,HARBOR,,,failure,1
18751,1985-01-07,STATE BANK OF DANNEBROG,DANNEBROG,,,failure,1
22433,1985-01-04,CITIZENS STATE BANK,EDGERTON,,,failure,1
30066,1985-01-01,FIDELITY S&L,MARTINS FERRY,,,assistance,1
32067,1985-01-01,PEOPLES S&LA,HONOLULU,,,assistance,1
22160,1984-12-22,FIRST SECURITY BANK,SANDWICH,,,failure,1
17700,1984-12-20,THE FARMERS STATE BANK,SELDEN,,,failure,1
20978,1984-12-18,UEHLING STATE BANK,UEHLING,,,failure,1
21505,1984-12-11,UNIVERSITY BANK OF WICHITA,WICHITA,,,failure,1
18946,1984-12-07,FARMERS STATE BK OF HOLYOKE,HOLYOKE,,,failure,1
31987,1984-12-07,SAN MARINO S&LA,SAN MARINO,,,failure,1
22999,1984-12-04,GOLDEN SPIKE STATE BANK,TREMONTON,,,failure,1
2378,1984-11-30,THE DAYTON BK & TR CO.,DAYTON,,,failure,1
12429,1984-11-29,THE STRONG CITY STATE BANK,STRONG CITY,,,failure,1
31848,1984-11-16,AMERICAN S&LA,KNOXVILLE,,,assistance,1
31890,1984-11-16,EAST TENNESSEE,KNOXVILLE,,,assistance,1
21016,1984-11-16,FIRST AMERICAN BANKING COMPANY,PENDLETON,,,failure,1
31877,1984-11-16,JOHN SEVIER S&LA,SEVIERVILLE,,,assistance,1
30848,1984-11-16,KNOX FS&LA,KNOXVILLE,,,assistance,1
31883,1984-11-16,SAVANNAH FS&LA,SAVANNAH,,,failure,1
4671,1984-10-25,THE FIRST NAT BK OF GAYLORD,GAYLORD,,,failure,1
8342,1984-10-24,FARMERS STATE BANK,KILGORE,,,failure,1
16646,1984-10-24,STATE BANK OF BOYD,BOYD,,,failure,1
1994,1984-10-24,THE BANK OF CODY,CODY,,,failure,1
8985,1984-10-19,AMERICAN STATE BANK,THOMAS,,,failure,1
11008,1984-10-12,BUCKLIN STATE BANK OF BUCKLIN,BUCKLIN,,,failure,1
16991,1984-10-12,ONEIDA BK & TR CO.,ONEIDA,,,failure,1
12867,1984-10-10,THE REXFORD STATE BANK,REXFORD,,,failure,1
9883,1984-10-05,THE FARMERS & MERCHANTS BANK,TECUMSEH,,,failure,1
30939,1984-10-02,FIDELITY FS&LA,CORINTH,,,assistance,1
31617,1984-10-01,HOME FS&LA,PONCE,,,assistance,1
28764,1984-10-01,SUBURBIA FS&LA,GARDEN CITY,,,assistance,1
16148,1984-09-28,ORANGE SAVINGS BANK,LIVINGSTON,,,assistance,1
27781,1984-09-21,CONTINENTAL FS&LA,CLEVELAND,,,assistance,1
2304,1984-09-21,SECURITY STATE BANK,WEATHERFORD,,,failure,1
22369,1984-09-20,CENTURY NATIONAL BANK,JACKSONVILLE,,,failure,1
16531,1984-09-19,BANK OF VERDIGRE & TRUST COMPANY,VERDIGRE,,,failure,1
19119,1984-09-14,COMMUNITY BK & TR CO.,ENID,,,failure,1
233,1984-09-07,OAKLAND SAVINGS BANK,OAKLAND,,,failure,1
29456,1984-09-07,UNION FS&LA,INDIANAPOLIS,,,assistance,1
13256,1984-09-06,DAVID CITY BANK,DAVID CITY,,,failure,1
29892,1984-09-01,RHODE ISLAND FS&LA,PROVIDENCE,,,assistance,1
22485,1984-08-31,BANK OF THE NORTHWEST,EUGENE,,,failure,1
31284,1984-08-28,AMERICAN HERITAGE SAVINGS FA,BLOOMINGTON,,,assistance,1
28418,1984-08-28,FIDELITY FS&LA,BALTIMORE,,,assistance,1
9219,1984-08-24,HEREFORD STATE BANK,HEREFORD,,,failure,1
4780,1984-08-22,THE FIRST STATE BANK,THAYER,,,failure,1
14422,1984-08-16,AMERICAN NAT BK IN MCLEAN,MCLEAN,,,failure,1
23765,1984-08-16,GIROD TRUST COMPANY,SAN JUAN,,,failure,1
28546,1984-08-10,CENTURY FS&LA,CEDARHURST,,,assistance,1
10480,1984-08-10,PEOPLES STATE BANK OF CLAY COUNTY,POLAND,,,failure,1
14796,1984-08-10,THE TINGLEY STATE SAVINGS BANK,MOUNT AYR,,,failure,1
3895,1984-08-09,JACKSON COUNTY NATIONAL BANK,TUCKERMAN,,,failure,1
31414,1984-08-01,MITCHELL HOME S&LA,MITCHELL,,,assistance,1
10699,1984-07-24,COALMONT SAVINGS BANK,COALMONT,,,failure,1
31392,1984-07-24,"QUEEN CITY S&LA, WA",SEATTLE,,,assistance,1
18510,1984-07-19,THE GUARANTY BK OF SAINT PAUL,ST. PAUL,,,failure,1
29182,1984-07-18,WINDOM FS&LA,WINDOM,,,assistance,1
3782,1984-07-12,THE COFFEEN NATIONAL BANK,COFFEEN,,,failure,1
16654,1984-06-29,EAST TEXAS BK & TR CO.,LONGVIEW,,,failure,1
9175,1984-06-27,AMERICAN BANK,SAINT JOSEPH,,,failure,1
4424,1984-06-21,THE FARMERS NAT BK OF AURELIA,AURELIA,,,failure,1
12213,1984-06-18,REPUBLIC BK OF KANSAS CITY,KANSAS CITY,,,failure,1
9009,1984-06-15,FARMERS STATE BANK,LYONS,,,failure,1
5631,1984-06-15,THE CORNING BANK,CORNING,,,failure,1
20188,1984-06-15,THE LAWRENCE COUNTY BANK,LAWRENCEBURG,,,failure,1
31644,1984-06-08,AMERICAN S&LA,DEDEDO,,,assistance,1
23362,1984-06-08,STEWARDSHIP BANK OF OREGON,PORTLAND,,,failure,1
9054,1984-06-05,CHEROKEE COUNTY BANK,CENTRE,,,failure,1
22848,1984-06-01,GARDEN GROVE COMMUNITY BANK,GARDEN GROVE,,,failure,1
24098,1984-05-24,FIRST NAT BK OF PRIOR LAKE,PRIOR LAKE,,,failure,1
21410,1984-05-18,BANK OF IRVINE,IRVINE,,,failure,1
21891,1984-05-18,BLEDSOE COUNTY BANK,PIKEVILLE,,,failure,1
11791,1984-05-18,PLANTERS TRUST & SAVINGS BANK OF OPELOUSAS,OPELOUSAS,,,failure,1
22568,1984-05-18,WASHINGTON NAT BK OF CHICAGO,CHICAGO,,,failure,1
3622,1984-05-17,CONTINENTAL ILLINOIS NAT BK & TR,CHICAGO,,,assistance,1
31636,1984-05-16,INVESTORS S&LA,HOUSTON,,,assistance,1
18112,1984-05-11,FIRST CONTINENTAL BANK & TRUST COMPANY OF,DEL CITY,,,failure,1
17036,1984-05-11,THE MISSISSIPPI BANK,JACKSON,,,failure,1
23358,1984-05-08,THE NAT BK OF CARMEL,CARMEL-BY-THE-SEA,,,failure,1
23335,1984-05-04,FIRST NATIONAL BANK,SNYDER,,,failure,1
22861,1984-05-04,STATE BANK OF MILLS,MILLS,,,failure,1
5239,1984-05-04,THE FIRST NAT BK OF RUSHFORD,RUSHFORD,,,failure,1
19091,1984-05-04,WESTERN NATIONAL BK OF CASPER,CASPER,,,failure,1
1472,1984-04-27,CITIZENS BK OF MONROE COUNTY,TELICO PLAINS,,,failure,1
22744,1984-04-27,WEST COAST BANK,LOS ANGELES,,,failure,1
18527,1984-04-26,UNITED OF AMERICA BANK,CHICAGO,,,failure,1
9312,1984-04-19,GAMALIEL BANK,GAMALIEL,,,failure,1
4380,1984-04-19,THE SHELBY NAT BK OF SHELBYVILLE,SHELBYVILLE,,,failure,1
18961,1984-04-13,SECURITY NATIONAL BK OF LUBBOCK,LUBBOCK,,,failure,1
20227,1984-04-06,FIRST SECURITY BANK,ERWIN,,,failure,1
22210,1984-04-06,WATAUGA VALLEY BANK,ELIZABETHTON,,,failure,1
31836,1984-04-03,AMERICAN S&LA,BILOXI,,,failure,1
29184,1984-04-02,FIRST FS AND LA OF GRAND FORKS AND MINOT,MINOT,,,assistance,1
30911,1984-04-01,SCANDIA S&LA,DES MOINES,,,assistance,1
22093,1984-03-16,HERITAGE BANK,ANAHEIM,,,failure,1
15783,1984-03-16,SEMINOLE STATE NATIONAL BANK,SEMINOLE,,,failure,1
31716,1984-03-14,EMPIRE S&LA,MESQUITE,,,failure,1
14598,1984-03-09,NATIONAL BANK AND TRUST COMPANY OF TRAVERS,TRAVERSE CITY,,,failure,1
22922,1984-03-02,ALL AMERICAN NATIONAL BANK,VIRGINA GARDENS,,,failure,1
22784,1984-03-02,UNITED BANK OF OREGON,MILWAUKIE,,,failure,1
30102,1984-03-01,HOME S&LA,NORWALK,,,assistance,1
1177,1984-02-17,BROWNFIELD STATE BK & TR CO.,BROWNFIELD,,,failure,1
19282,1984-02-10,WEST OLYMPIA BANK,LOS ANGELES,,,failure,1
10466,1984-02-08,HERITAGE BANK OF BUREAU COUNTY,DEPUE,,,failure,1
22929,1984-02-03,EMERALD EMPIRE BANKING CO.,SPRINGFIELD,,,failure,1
843,1984-02-03,THE TUCKER COUNTY BANK,PARSONS,,,failure,1
20567,1984-01-27,INDIAN SPRINGS STATE BANK,KANSAS CITY,,,failure,1
31584,1984-01-27,UNION MUTUAL S&LA,RICHMOND,,,failure,1
9960,1984-01-20,CITY & COUNTY BK OF JEFFERSON CT,WHITE PINE,,,failure,1
4971,1984-01-06,FARMERS BK & TR CO.,WINCHESTER,,,failure,1
31558,1983-12-30,FIRST FS&LA OF MONROEVILLE,MONROEVILLE,,,assistance,1
27882,1983-12-27,CITIZENS S&LA,MIDDLETOWN,,,assistance,1
431,1983-12-16,THE BANK OF RED OAK,RED OAK,,,failure,1
1731,1983-12-13,BANK OF HACKLEBURG,HACKLEBURG,,,failure,1
23674,1983-12-09,UNION TRUST COMPANY,SAN JUAN,,,failure,1
31114,1983-12-02,METRO FS&LA,LAKE CHARLES,,,failure,1
30478,1983-12-01,BOHEMIAN S&LA,ST. LOUIS,,,assistance,1
11692,1983-11-25,ATKINSON TRUST & SAVINGS BANK,ATKINSON,,,failure,1
31275,1983-11-14,AMERICAN FS&LA,FORT WAYNE,,,assistance,1
28768,1983-11-14,FIRST FS&LA OF FT. WAYNE,FORT WAYNE,,,assistance,1
31557,1983-11-14,FT. WAYNE FS&LA,FORT WAYNE,,,assistance,1
29453,1983-11-14,SOUTH BEND FS&LA,SOUTH BEND,,,assistance,1
2166,1983-11-11,FIRST NAT BK OF BROWNING,BROWNING,,,failure,1
31281,1983-11-03,"STATE OF CLOVIS, SA",CLOVIS,,,failure,1
30642,1983-10-28,CLEVELAND COMMUNITY SAVINGS CO.,CLEVELAND,,,failure,1
30396,1983-10-14,FIRST CAROLINA FS&LA,COLUMBIA,,,assistance,1
3343,1983-10-14,THE FIRST NAT BK OF MIDLAND,MIDLAND,,,failure,1
22807,1983-10-07,THE DESCHUTES BANK,REDMOND,,,failure,1
15955,1983-10-01,AUBURN SAVINGS BANK,AUBURN,,,assistance,1
28181,1983-09-30,BASTROP FS&LA,BASTROP,,,assistance,1
19609,1983-09-30,DOMINION BK OF DENVER,DENVER,,,failure,1
17957,1983-09-30,NATIONAL BK OF ODESSA,ODESSA,,,failure,1
31178,1983-09-30,SECURITY S&LA,VILLE PLATTE,,,assistance,1
20736,1983-09-16,WARREN COUNTY BANK,MCMINNIVILLE,,,failure,1
16614,1983-09-02,THE DOUGLASS STATE BANK,KANSAS CITY,,,failure,1
28365,1983-09-01,CITIZENS FS&LA OF MARYSVILLE,MARYSVILLE,,,assistance,1
29255,1983-08-31,1ST FS&LA OF E. CHICAGO,EAST CHICAGO,,,assistance,1
30932,1983-08-31,COMMUNITY FS&LA,HIALEAH,,,assistance,1
29651,1983-08-31,GARY FS&LA,GARY,,,assistance,1
28881,1983-08-31,SUBURBAN S&LA,WAYNE,,,assistance,1
30170,1983-08-31,WASHINGTON FS&LA,NEW YORK,,,assistance,1
22577,1983-08-26,UNITED SOUTHERN BANK OF CLARKSVILLE,CLARKSVILLE,,,failure,1
17815,1983-08-12,FIRST COMMERCE BK OF HAWKINS CTY,ROGERSVILLE,,,failure,1
30861,1983-08-12,GIBRALTAR S&LA,MAPLEWOOD,,,assistance,1
28457,1983-08-05,FIRST FLORIDA S&LA,GAINESVILLE,,,assistance,1
31603,1983-08-05,MIDDLE PNSLA NRTH. NECK FS&LA,GLOUCESTER,,,assistance,1
31885,1983-08-05,MT. VERNON S&LA,ROSSLYN,,,assistance,1
9572,1983-08-05,OREGON MUTUAL SAVINGS BANK,PORTLAND,,,assistance,1
3643,1983-08-05,THE FIRST NAT BK OF DANVERS,DANVERS,,,failure,1
8429,1983-07-29,FIRST PEOPLES BANK OF WASHINGTON COUNTY,JOHNSON CITY,,,failure,1
22765,1983-07-29,METRO BANK,MIDLAND,,,failure,1
30484,1983-07-22,GUARANTY FS&LA,TAYLOR,,,assistance,1
31172,1983-07-08,ANTIOCH S&LA,ANTIOCH,,,failure,1
13189,1983-07-08,BANK OF NIOBRARA,NIOBRARA,,,failure,1
4963,1983-07-08,THE FIRST CENTRAL BANK,SMITHVILLE,,,failure,1
16946,1983-07-08,UNION NAT BK OF CHICAGO,CHICAGO,,,failure,1
29843,1983-07-05,PROVIDENT S&LA,PHILADELPHIA,,,assistance,1
27620,1983-07-01,MUTUAL FS&LA OF MASON CITY,MASON CITY,,,assistance,1
23501,1983-06-30,MINERAL BK OF NEVADA,LAS VEGAS,,,failure,1
31288,1983-06-24,COLONIAL SA,HOUSTON,,,assistance,1
28255,1983-06-24,NORTHERN FS&LA,ST. PAUL,,,assistance,1
19261,1983-06-24,WESTERN NAT BK OF LOVELL,LOVELL,,,failure,1
6066,1983-06-17,COMMUNITY BANK,HARTFORD,,,failure,1
31475,1983-06-10,FIRST DAKOTA HOME S&LA,PIERRE,,,assistance,1
30549,1983-06-10,FIRST FS&LA OF SIOUX FALLS,SIOUX FALLS,,,assistance,1
31640,1983-06-06,JACKSON FS&LA,JACKSON,,,assistance,1
29489,1983-06-03,WOMEN'S FS&LA,CLEVELAND,,,assistance,1
31207,1983-06-02,FIRST FS&LA OF WALWORTH COUNTY,DELAVAN,,,assistance,1
27994,1983-05-31,CONTINENTAL S&LA,NEW ORLEANS,,,assistance,1
4925,1983-05-27,CITY & COUNTY BK OF ANDERSON CTY,LAKE CITY,,,failure,1
20494,1983-05-27,CITY & COUNTY BK OF KNOX COUNTY,KNOXVILLE,,,failure,1
1473,1983-05-27,CITY & COUNTY BK OF ROANE CTY,KINGSTON,,,failure,1
21364,1983-05-27,THE COMMERCIAL BK OF CALIFORNIA,LOS ANGELES,,,failure,1
20332,1983-05-27,UNITED AMERICAN BANK IN HAMILTON COUNTY,CHATTANOOGA,,,failure,1
21030,1983-05-27,UNITED SOUTHERN BK OF NASHVILLE,NASHVILLE,,,failure,1
1483,1983-05-06,SMITH COUNTY BANK,CARTHAGE,,,failure,1
18550,1983-04-29,FIRST NAT BK OF OAK LAWN,OAK LAWN,,,failure,1
22808,1983-04-29,HERITAGE BANK,ASHLAND,,,failure,1
27784,1983-04-28,GUARANTY S&LA,PITTSBURGH,,,assistance,1
15301,1983-04-15,SPARTA-SANDERS STATE BANK,SPARTA,,,failure,1
30354,1983-04-11,NORTHWESTERN S&LA,NORMANDY,,,assistance,1
23143,1983-04-08,BANK OF SAN MARINO,SAN MARINO,,,failure,1
1810,1983-04-08,THE INA STATE BANK,INA,,,failure,1
30841,1983-04-06,BISCAYNE FS&LA,MIAMI,,,assistance,1
31863,1983-04-01,NORTH MISSISSIPPI S&LA,CLARKSDALE,,,assistance,1
23043,1983-03-25,BEAR CREEK VALLEY BANK,PHOENIX,,,failure,1
16290,1983-03-24,PRAIRIE COUNTY BANK,HAZEN,,,failure,1
31338,1983-03-21,TWIN PINES FS&LA,BERKELEY,,,assistance,1
22310,1983-03-18,COLUMBIA PACIFIC BK & TR CO.,PORTLAND,,,failure,1
20461,1983-03-18,PAN AMERICAN NATIONAL BANK,UNION CITY,,,failure,1
23085,1983-03-11,NEWPORT HARBOUR NATIONAL BANK,NEWPORT BEACH,,,failure,1
31258,1983-03-05,FIRST FS&LA OF NEWPORT NEWS,NEWPORT NEWS,,,assistance,1
31306,1983-03-05,PENINSULA FS&LA,NEWPORT NEWS,,,assistance,1
29964,1983-03-04,LEADER S&LA,MONROE,,,assistance,1
27823,1983-03-01,GEM FS&LA,NORWOOD,,,assistance,1
28324,1983-03-01,UNITED S&LA,CINCINNATI,,,assistance,1
30814,1983-02-28,CARONDELET S&LA ALSO CASE 115,ST. LOUIS,,,assistance,1
28333,1983-02-28,FIRST FS&LA OF MOBERLY,MOBERLY,,,assistance,1
19020,1983-02-25,AMERICAN CITY BANK,LOS ANGLES,,,failure,1
23035,1983-02-18,MERCHANTS & FARMERS STATE BANK,BLYTHE,,,failure,1
4943,1983-02-14,UNITED AMERICAN BK IN KNOXVILLE,KNOXVILLE,,,assistance,1
22880,1983-02-12,AMERICAN STATE BANK,BRADLEY,,,failure,1
30558,1983-02-12,METROPOLITAN SA,FARMINGTON,,,assistance,1
16065,1983-02-09,DRY DOCK SAVINGS BANK,NEW YORK,,,assistance,1
15748,1983-02-09,STATE BANK OF BARNUM,BARNUM,,,failure,1
30092,1983-02-03,MANNING S&LA,CHICAGO,,,failure,1
8593,1983-01-21,THE MADISON COUNTY BANK,FREDERICKTOWN,,,failure,1
31620,1983-01-14,VALLEY FIRST FS&LA,EL CENTRO,,,failure,1
29586,1983-01-06,LANSING FS&LA,LANSING,,,assistance,1
28872,1982-12-20,CLAY COUNTY FS&LA,WEST POINT,,,assistance,1
29159,1982-12-20,FIRST FS&LA OF CRISP COUNTY,CORDELE,,,assistance,1
29969,1982-12-20,FIRST HOME FS&LA,OWENSBORO,,,assistance,1
29736,1982-12-20,GARFIELD FS&LA,POTTSTOWN,,,assistance,1
31574,1982-12-20,HOME TRUST S&LA,VERMILLION,,,assistance,1
29229,1982-12-20,MID-CITY FS&LA,NORTH WALES,,,assistance,1
30366,1982-12-20,PEACHTREE FS&LA,ATLANTA,,,assistance,1
31439,1982-12-20,SECURITY FS&LA,MAYFIELD,,,assistance,1
29117,1982-12-20,SOUTH EAST FS&LA,LOUISVILLE,,,assistance,1
30018,1982-12-17,CHICAGOLAND FS&LA,CHICAGO,,,assistance,1
9874,1982-12-16,THE SECURITY STATE BANK,MOORELAND,,,failure,1
8287,1982-12-10,BOLLINGER COUNTY BANK,LUTESVILLE,,,failure,1
30729,1982-11-19,NORTH KANSAS SA,BELOIT,,,failure,1
3334,1982-11-19,RANCHLANDER NATIONAL BANK,MELVIN,,,failure,1
28076,1982-11-15,ISLAND S&LA,HEMPSTEAD,,,assistance,1
29218,1982-11-15,SOUTH SHORE FS&LA,MASSAPEQUA,,,assistance,1
12527,1982-11-12,BANK OF QUITMAN,QUITMAN,,,failure,1
22364,1982-11-05,TEXAS BK OF AMARILLO,AMARILLO,,,failure,1
6799,1982-11-05,THE FIRST NATIONAL BANK OF SOUTH CHARLESTO,SOUTH CHARLESTON,,,failure,1
9053,1982-11-02,CEDAR BLUFF BANK,CEDAR BLUFF,,,failure,1
28987,1982-10-22,CORSICANA FS&LA,CORSICANA,,,assistance,1
31651,1982-10-22,MODERN S&LA,PASADENA,,,assistance,1
15931,1982-10-15,MECHANICS SAVINGS BANK,ELMIRA,,,assistance,1
28297,1982-10-12,FIRST FS&LA,BOSTON,,,assistance,1
28203,1982-10-12,FREEDOM FS&LA,WORCESTER,,,assistance,1
18505,1982-10-08,TRI-STATE BANK,MARKHAM,,,failure,1
4168,1982-10-03,OKLAHOMA NATIONAL BK & TR CO.,OKLAHOMA CITY,,,assistance,1
30472,1982-10-01,1ST OF DELRAY BEACH S&LA,DELRAY BEACH,,,assistance,1
30216,1982-10-01,BARTON S&LA,NEWARK,,,assistance,1
29326,1982-10-01,DIXIE FS&LA,NEW ORLEANS,,,assistance,1
31365,1982-10-01,HERITAGE FS&LA,BOSSIER CITY,,,assistance,1
31301,1982-10-01,UNION FS&LA,PINEVILLE,,,assistance,1
15937,1982-09-24,UNITED MUTUAL SAVINGS BANK,NEW YORK,,,assistance,1
31527,1982-09-21,FIRST FS&LA,SPRINGHILL,,,assistance,1
31475,1982-09-20,FIRST DAKOTA HOME S&LA,PIERRE,,,assistance,1
31895,1982-09-20,FIRST FS&LA OF ACADIA,RAYNE,,,assistance,1
28941,1982-09-20,FIRST FS&LA OF NEW YORK,NEW YORK CITY,,,assistance,1
30549,1982-09-20,FIRST FS&LA OF SIOUX FALLS,SIOUX FALLS,,,assistance,1
31942,1982-09-20,REPUBLIC FS&LA,LAFAYETTE,,,assistance,1
30769,1982-09-10,INVESTORS S&LA,FAIRVIEW HEIGHTS,,,assistance,1
30958,1982-09-10,UNION FS&LA OF NEW YORK,NEW YORK,,,assistance,1
31337,1982-09-10,VANDALIA CITIZENS S&LA,VANDALIA,,,assistance,1
10692,1982-09-03,HOHENWALD NATIONAL BANK,HOHENWALD,,,failure,1
28108,1982-09-01,FIRST FS&LA,PEORIA,,,assistance,1
29948,1982-09-01,HAVRE FS&LA,HAVRE,,,assistance,1
28822,1982-09-01,UNION OF COOK COUNTY,MATTESON,,,assistance,1
31609,1982-08-27,CORONADO S&LA,ALBUQUERQUE,,,assistance,1
1758,1982-08-27,FIRST SECURITY BANK OF NORTH ARKANSAS,HORSESHOE,,,failure,1
3774,1982-08-27,SECURITY BK & TR COMPANY,CAIRO,,,failure,1
23308,1982-08-27,WESTERN NATIONAL BANK,SANTA ANA,,,failure,1
19019,1982-08-06,ABILENE NATIONAL BANK,ABILENE,,,assistance,1
30796,1982-08-06,FIRST FS&LA OF SUFFOLK,SUFFOLK,,,assistance,1
16558,1982-08-06,MOUNT PLEASANT BK & TR COMPANY,MOUNT PLEASANT,,,failure,1
30500,1982-08-02,GUARDIAN FS&LA,SILVER SPRING,,,assistance,1
28099,1982-08-02,MUTUAL S&LA OF EL PASO,EL PASO,,,assistance,1
29976,1982-08-02,RIVER EDGE S&LA,RIVER EDGE,,,assistance,1
31034,1982-07-31,ALLIED FS&LA,JAMAICA,,,assistance,1
27679,1982-07-31,FIRST FS&LA OF BURLINGTON CTY,CINNAMONSON,,,assistance,1
28584,1982-07-31,PRINCETON S&LA,PRINCETON,,,assistance,1
30321,1982-07-30,AMERICAN FS&LA,SOUTHFIELD,,,assistance,1
29308,1982-07-30,FIRST OF MID FLORIDA,DELAND,,,assistance,1
27906,1982-07-30,HARRIS COUNTY FS&LA,BAYTOWN,,,assistance,1
30967,1982-07-30,UNITED FS&LA OF PUERTO RICO,SAN JUAN,,,assistance,1
19831,1982-07-30,UNITY BK & TR COMPANY,BOSTON,,,failure,1
12767,1982-07-27,GUARANTY BOND STATE BANK,REDWATER,,,failure,1
17716,1982-07-27,THE BOWIE COUNTY STATE BANK,HOOKS,,,failure,1
29452,1982-07-16,FIRST FS&LA OF PITTSTON,PITTSTON,,,assistance,1
31683,1982-07-15,TRI-LAKES FS&LA,BRANSON,,,assistance,1
18153,1982-07-05,"PENN SQUARE BANK, N.A.",OKLAHOMA CITY,,,failure,1
13586,1982-07-02,THE BELLE-BLAND BANK,BLAND,,,failure,1
10454,1982-06-25,FARMERS STATE BK OF LEWISTON,LEWISTON,,,failure,1
15933,1982-06-23,CITIZENS BANK,TILLAR,,,failure,1
22321,1982-06-12,BANCO REGIONAL,BAYAMON,,,failure,1
27899,1982-06-10,FIDELITY FS&LA,VALLEY CITY,,,assistance,1
31798,1982-06-01,MONTEBELLO FS&LA,MONTEBELLO,,,assistance,1
30975,1982-05-31,UNITED FS&LA,BALTIMORE,,,assistance,1
20794,1982-05-15,COMMUNITY BK OF WASHTENAW,YPSILANTAI,,,failure,1
18299,1982-05-01,COLES COUNTY NATIONAL BANK OF CHARLESTON,CHARLESTON,,,failure,1
21569,1982-04-30,CARROLL COUNTY BANK,HUNTINGTON,,,failure,1
20988,1982-04-29,PACIFIC COAST BANK,SAN DIEGO,,,failure,1
22103,1982-04-16,NATIONAL SECURITY BANK,TYLER,,,failure,1
29935,1982-04-15,COUNTY FS&LA,ROCKVILLE CENTRE,,,assistance,1
29037,1982-04-15,SUFFOLK COUNTY FS&LA,CENTEREACH,,,assistance,1
21068,1982-04-03,AQUIA BK & TR COMPANY,STAFFORD,,,failure,1
31193,1982-04-03,"FIRST FINANCIAL, S&LA",DOWNER'S GROVE,,,assistance,1
28820,1982-04-03,FIRST FS&LA OF CHICAGO,GALENA,,,assistance,1
4467,1982-04-02,THE FIRST NATIONAL BK IN HUMBOLD,HUMBOLDT,,,failure,1
15698,1982-04-02,THE WESTERN SAVING FUND SOCIETY OF PHILADE,PHILADELPHIA,,,assistance,1
28251,1982-04-01,FIDELITY S&LA,SAN FRANCISCO,,,assistance,1
15901,1982-03-26,THE NEW YORK BK FOR SAVINGS,NEW YORK,,,assistance,1
29290,1982-03-15,HARTFORD FS&LA,HARTFORD,,,assistance,1
19776,1982-03-11,FIDELITY MUTUAL SAVINGS BANK,SPOKANE,,,assistance,1
12015,1982-03-11,"UNITED STATES BK OF NEWARK, N.J.",NEWARK,,,assistance,1
29727,1982-03-09,KNICKERBOCKER FS&LA,NEW YORK,,,assistance,1
29409,1982-03-09,NINTH FEDERAL SAVINGS,NEW YORK,,,assistance,1
30711,1982-03-08,MORGAN PARK S&LA,CHICAGO,,,assistance,1
15088,1982-03-01,THE BANK OF WOODSON,WOODSON,,,failure,1
29938,1982-02-20,"ALLIANCE, S&LA",CHICAGO,,,assistance,1
2376,1982-02-20,BANK OF YORKVILLE,YORKVILLE,,,failure,1
12008,1982-02-20,FARMERS & MECHANICS SAVINGS BANK OF MINNEA,MINNEAPOLIS,,,assistance,1
27828,1982-02-20,"NORTH WEST, FS&LA",CHICAGO,,,assistance,1
28244,1982-02-20,"TALMAN HOME, FS&LA",CHICAGO,,,failure,1
31035,1982-02-20,"UNITY, SA",NORRIDGE,,,assistance,1
21623,1982-02-12,METROPOLITAN BK & TR COMPANY,TAMPA,,,failure,1
3751,1982-02-06,THE FIRST NATIONAL BANK AND TRUST COMPANY,TUSCOLA,,,failure,1
30702,1982-02-05,CENTRAL ILLINOIS B&HA,CLINTON,,,assistance,1
31379,1982-02-05,FIRST FS&LA OF SYLVANIA,SYLVANIA,,,assistance,1
30407,1982-02-05,GUARANTY FS&LA,ADEL,,,assistance,1
30913,1982-02-05,PEACH STATE FS&LA,BREMEN,,,assistance,1
31481,1982-02-05,UNITED FS&LA OF BROWARD COUNTY,FORT LAUDERDALE,,,assistance,1
31996,1982-02-01,INGLEWOOD FS&LA,INGLEWOOD,,,assistance,1
29737,1982-01-25,FIRST S&LA OF NEW BRUNSWICK,NEW BRUNSWICK,,,assistance,1
31426,1982-01-15,BUFFALO S&LA,HOUSTON,,,assistance,1
31534,1982-01-15,CIVIC S&LA,IRVING,,,assistance,1
31668,1982-01-15,EL CENTRO FS&LA,DALLAS,,,assistance,1
31268,1982-01-15,HYDE PARK FS&LA,CHICAGO,,,assistance,1
30777,1982-01-15,REPUBLIC OF TEXAS SA,HOUSTON,,,assistance,1
31056,1982-01-15,ROYAL FS&LA,DALLAS,,,assistance,1
15997,1982-01-15,THE WESTERN NEW YORK SAVINGS BK,BUFFALO,,,assistance,1
16051,1981-12-18,UNION DIME SAVINGS BANK,NEW YORK,,,assistance,1
27851,1981-12-17,HAMILTONIAN FS&LA,LADUE,,,assistance,1
30938,1981-12-17,SECURITY FS&LA OF SIKESTON,SIKESTON,,,assistance,1
31200,1981-12-17,SOUTHERN FS&LA OF BROWARD COUNTY,POMPANO BEACH,,,assistance,1
31519,1981-12-09,BOCA RATON FS&LA,BOCA RATON,,,assistance,1
28337,1981-12-09,MOHAWK S&LA,NEWARK,,,assistance,1
31138,1981-12-05,PALOS S&LA,PALOS HEIGHTS,,,assistance,1
16064,1981-12-04,CENTRAL SAVINGS BANK,NEW YORK,,,assistance,1
28675,1981-11-30,EMPIRE STATE FS&LA,WHITE PLAINS,,,assistance,1
30964,1981-11-30,GUARANTY FS&LA,BATON ROUGE,,,assistance,1
30387,1981-11-20,FIRST FS&LA OF PUERTO RICO,SANTURCE,,,assistance,1
31773,1981-11-20,"PAN AMERICAN, FS&LA",RIO PIEDRAS,,,assistance,1
28967,1981-11-19,FIRST FS&LA OF BROWARD COUNTY,FT. LAUDERDALE,,,assistance,1
16067,1981-11-04,GREENWICH SAVINGS BANK,NEW YORK,,,assistance,1
19379,1981-10-30,MIDTOWN NATIONAL BANK,PUEBLO,,,failure,1
22975,1981-10-23,HIGH LAKES COMMUNITY BANK,LA PINE,,,failure,1
30703,1981-10-07,RESERVE S&LA,ELMHURST,,,assistance,1
28604,1981-10-02,LAFAYETTE FS&LA,WARSON WOODS,,,assistance,1
20778,1981-09-25,SOUTHWESTERN BANK,TUCSON,,,failure,1
31506,1981-09-15,PERPETUAL S&LA,RAPID CITY,,,assistance,1
28678,1981-09-08,FIRST FS&LA OF ROCHESTER,ROCHESTER,,,failure,1
30496,1981-09-08,FRANKLIN SOCIETY FS&LA,NEW YORK,,,assistance,1
30603,1981-09-08,WASHINGTON FS&LA,MIAMI BEACH,,,assistance,1
28630,1981-09-08,WEST SIDE FS&LA,NEW YORK,,,assistance,1
30875,1981-08-09,COUNTY FS&LA,ROCKVILLE,,,assistance,1
31754,1981-07-10,FIRST FINANCIAL FS&LA,BELLAIRE,,,assistance,1
30272,1981-07-01,FIRST FS&LA OF NEW BERN,NEW BERN,,,assistance,1
31705,1981-06-21,COMMUNITY FS&LA,WASHINGTON,,,assistance,1
22640,1981-06-19,NORTHWEST COMMERCE BANK,NORTH BEND,,,failure,1
28190,1981-06-01,FINANCIAL SECURITY S&LA,ELK GROVE VILLAGE,,,assistance,1
29270,1981-05-31,NY & SUBURBAN FS&LA,NEW YORK,,,assistance,1
30480,1981-05-18,ECONOMY S&LA,CHICAGO,,,failure,1
31017,1981-05-09,ARCTIC FS&LA,FAIRBANKS,,,assistance,1
29525,1981-04-30,GUARDIAN FSB,NORTHPORT,,,assistance,1
16556,1981-03-17,PEOPLES BANKING COMPANY,BOSTON,,,failure,1
20688,1981-03-14,SOUTH SIDE BANK,CHICAGO,,,failure,1
18373,1981-03-14,THE DES PLAINES BANK,DES PLAINES,,,failure,1
31010,1981-02-09,FRANKLIN SA,CHICAGO,,,assistance,1
31721,1981-02-09,SECURITY OF STATESVILLE,STATESVILLE,,,assistance,1
28693,1981-01-18,HOME SA,MINNEAPOLIS,,,assistance,1
40,1980-12-31,EAST GADSDEN BANK,GADSDEN,,,failure,1
15559,1980-11-21,CITIZENS STATE BK OF GALENA,GALENA,,,failure,1
30901,1980-11-01,SIOUX CITY FS&LA,SIOUX CITY,,,assistance,1
29504,1980-10-14,FIRST OF NILES FS&LA,NILES,,,assistance,1
17762,1980-10-11,THE ROCHELLE BK & TR CO.,ROCHELLE,,,failure,1
19611,1980-09-12,"THE METRO BK OF HUNTINGTON, INC.",HUNTINGTON,,,failure,1
31312,1980-09-01,SECURITY S&LA,MARION,,,assistance,1
1368,1980-08-08,THE MISSION STATE BK & TR CO.,MISSION,,,failure,1
31014,1980-08-01,UNIVERSITY FS&LA,CORAL GABLES,,,assistance,1
31289,1980-07-01,MAYFLOWER FS&LA,PROVIDENCE,,,assistance,1
4939,1980-06-28,CITY & COUNTY BK OF CAMPBELL CTY,JELLICO,,,failure,1
30015,1980-06-04,FIRST CALUMET CITY SAVINGS,BERWYN,,,assistance,1
17615,1980-06-04,THE CITIZENS STATE BANK,VIOLA,,,failure,1
29607,1980-05-01,CARLSBAD S&LA,CARLSBAD,,,assistance,1
31221,1980-05-01,CONTINENTAL S&LA,GLOUCESTER CITY,,,assistance,1
29900,1980-05-01,TELEGRAPH S&LA,CHICAGO,,,assistance,1
719,1980-04-28,"FIRST PENNSYLVANIA BK, N.A.",PHILADELPHIA,,,assistance,1
30928,1980-03-01,WASHINGTON FS&LA,UNIVERSITY HEIGHTS,,,assistance,1
21751,1980-02-16,MOHAWK BK & TR CO.,GREENFIELD,,,failure,1
19177,1980-02-12,FIRST NATIONAL BK OF CARRINGTON,CARRINGTON,,,failure,1
31431,1980-02-01,FIRST S&LA,HONOLULU,,,assistance,1
21291,1980-01-11,BANK OF LAKE HELEN,LAKE HELEN,,,failure,1
20237,1979-10-12,AMERICAN NATIONAL BANK,HOUSTON,,,failure,1
21816,1979-10-12,LIVINGSTON STATE BANK,LIVINGSTON,,,failure,1
8249,1979-09-28,FIDELITY BANK,UTICA,,,failure,1
17377,1979-09-21,THE FARMERS STATE BANK,PROTECTION,,,failure,1
16403,1979-07-14,THE GUARANTY BANK & TRUST COMPANY,CHICAGO,,,failure,1
17710,1979-07-14,GATEWAY NATIONAL BANK,CHICAGO,,,failure,1
9195,1979-06-16,BANK OF ENVILLE,ENVILLE,,,failure,1
22102,1979-06-14,SOUTHERN NATIONAL BANK,BIRMINGHAM,,,failure,1
22110,1979-01-26,VILLAGE BANK,PUEBLO WEST,,,failure,1
16294,1979-01-05,TONEY BROTHERS BANK,DOERUN,,,failure,1
20315,1978-12-16,NORTH POINT STATE BANK,ARLINGTON,,,failure,1
19575,1978-09-05,BANCO DE AHORRO DE PUERTO RICO,SAN JUAN,,,failure,1
856,1978-07-21,WATKINS BANKING COMPANY,FAUNSDALE,,,failure,1
16875,1978-03-31,BANCO CREDITO Y DE AHORRO PONCENO,PONCE,,,failure,1
1726,1978-03-01,WILCOX COUNTY BANK,CAMDEN,,,failure,1
1733,1978-01-26,FIRST BANK OF MACON COUNTY,NOTASULGA,,,failure,1
3623,1978-01-19,THE DROVERS' NATIONAL BANK OF CHICAGO,CHICAGO,,,failure,1
16878,1977-09-02,BANCO ECONOMIAS,SAN GERMAN,,,assistance,1
13914,1977-08-26,DONAHUE SAVINGS BANK,DONAHUE,,,failure,1
21640,1977-07-29,REPUBLIC NATIONAL BANK OF LOUISIANA,NEW ORLEANS,,,failure,1
19871,1977-05-20,FIRST AUGUSTA BANK & TRUST COMPANY,AUGUSTA,,,failure,1
21218,1977-03-28,THE MONROE BANK AND TRUST COMPANY,MONROE,,,failure,1
415,1977-03-10,FIRST STATE BANK,FOSS,,,failure,1
19539,1976-12-03,INTERNATIONAL CITY BANK AND TRUST COMPANY,NEW ORLEANS,,,failure,1
,1976-11-19,FIRST STATE BANK & TRUST CO.,RIO GRANDE CITY,,,failure,1
9150,1976-10-19,CENTENNIAL BANK,PHILADELPHIA,,,failure,1
10070,1976-10-08,THE HAMILTON BANK AND TRUST COMPANY,ATLANTA,,,failure,1
638,1976-09-15,AMERICAN BANK & TRUST COMPANY,NEW YORK,,,failure,1
20120,1976-09-14,THE NEW BOSTON BANK AND TRUST COMPANY,BOSTON,,,failure,1
11548,1976-06-28,CITIZENS STATE BANK,CARRIZO SPRINGS,,,failure,1
8780,1976-06-25,MT. ZION DEPOSIT BANK,MT. ZION,,,failure,1
21021,1976-06-25,CORONADO NATIONAL BANK,DENVER,,,failure,1
20092,1976-06-14,FIRST STATE BANK OF HUDSON COUNTY,JERSEY CITY,,,failure,1
17902,1976-06-03,NORTHEAST BANK OF HOUSTON,HOUSTON,,,failure,1
18470,1976-05-21,FIRST STATE BANK OF NORTHERN CALIFORNIA,SAN LEANDRO,,,failure,1
,1976-03-15,FARMERS BANK OF THE STATE OF DELAWARE,WILMINGTON,,,assistance,1
20294,1976-02-25,SOUTH TEXAS BANK,HOUSTON,,,failure,1
4921,1976-02-16,THE HAMILTON NATIONAL BANK OF CHATTANOOGA,CHATTANOOGA,,,failure,1
20405,1976-01-12,BANK OF WOODMOOR,WOODMOOR,,,failure,1
18798,1976-01-10,THE BANK OF BLOOMFIELD,BLOOMFIELD,,,failure,1
17376,1975-12-27,THE FIRST STATE BANK OF JENNINGS,JENNINGS,,,failure,1
19637,1975-12-19,THE PEOPLES BANK,WILCOX,,,failure,1
20465,1975-10-24,THE PEOPLES BANK OF THE VIRGIN ISLANDS,CHARLOTTE AMALIE,,,failure,1
6203,1975-10-21,"AMERICAN CITY BANK & TRUST COMPANY, N.A.",MILWAUKEE,,,failure,1
20523,1975-10-16,ASTRO BANK,HOUSTON,,,failure,1
917,1975-07-12,STATE BANK OF CLEARING,CHICAGO,,,failure,1
13082,1975-07-01,BANK OF CHIDESTER,CHIDESTER,,,failure,1
11427,1975-06-18,BANK OF PICAYUNE,PICAYUNE,,,failure,1
15154,1975-05-30,ALGOMA BANK,ALGOMA,,,failure,1
19596,1975-05-09,CHICOPEE BANK & TRUST COMPANY,CHICOPEE,,,failure,1
19377,1975-03-24,FRANKLIN BANK,HOUSTON,,,failure,1
20478,1975-02-19,NORTHERN OHIO BANK,CLEVELAND,,,failure,1
19834,1975-01-03,SWOPE PARKWAY NATIONAL BANK,KANSAS CITY,,,failure,1
14250,1974-10-09,CROMWELL STATE SAVINGS BANK,CROMWELL,,,failure,1
7060,1974-10-08,FRANKLIN NATIONAL BANK,NEW YORK,,,failure,1
17918,1974-09-27,TRI-CITY BANK,WARREN,,,failure,1
11543,1974-09-20,AMERICAN BANK & TRUST,ORANGEBURG,,,failure,1
3506,1973-10-18,UNITED STATES NATIONAL BANK,SAN DIEGO,,,failure,1
10498,1973-10-05,FIRST NATIONAL BANK OF ELDORA,ELDORA,,,failure,1
11170,1973-07-16,THE FIRST STATE BANK,VERNON,,,failure,1
16214,1973-05-07,ELM CREEK STATE BANK,ELM CREEK,,,failure,1
20550,1973-03-26,SKYLINE NATIONAL BANK,DENVER,,,failure,1
18535,1973-01-19,DELTA SECURITY BANK AND TRUST COMPANY,FERRIDAY,,,failure,1
18365,1972-05-27,SURETY BANK AND TRUST COMPANY,WAKEFIELD,,,failure,1
,1972-01-18,BANK OF THE COMMONWEALTH,DETROIT,,,assistance,1
,1971-12-30,FIRST COMMUNITY STATE BANK OF SAVANNAH,SAVANNAH,,,failure,1
3007,1971-11-30,THE FIRST NATIONAL BANK OF CRIPPLE CREEK,CRIPPLE CREEK,,,failure,1
,1971-07-27,UNITY BANK & TRUST COMPANY,BOSTON (ROXBURY),,,assistance,1
8332,1971-04-05,BANK OF SALEM,SALEM,,,failure,1
10472,1971-02-17,FARMERS STATE BANK OF CARLOCK,CARLOCK,,,failure,1
18316,1971-02-16,BIRMINGHAM-BLOOMFIELD BANK,BIRMINGHAM,,,failure,1
18254,1971-01-25,SHARPSTOWN STATE BANK,HOUSTON,,,failure,1
1876,1970-10-08,BEREA BANK AND TRUST COMPANY,BEREA,,,failure,1
19791,1970-09-03,CITY BANK OF PHILADELPHIA,PHILADELPHIA,,,failure,1
12227,1970-08-24,FIRST STATE BANK OF BONNE TERRE,BONNE TERRE,,,failure,1
19276,1970-08-07,EATONTOWN NATIONAL BANK,EATONTOWN,,,failure,1
13164,1970-06-25,FARMERS BANK OF PETERSBURG,PETERSBURG,,,failure,1
14987,1970-04-18,THE PEOPLES STATE SAVINGS BANK,AUBURN,,,failure,1
14571,1970-02-22,STATE BANK OF PRAIRIE CITY,PRAIRIE CITY,,,failure,1
,1969-10-10,THE FIRST NATIONAL BANK OF COALVILLE,COALVILLE,,,failure,1
,1969-09-05,THE FIRST STATE BANK,ARANSAS PASS,,,failure,1
,1969-08-22,THE BIG LAKE STATE BANK,BIG LAKE,,,failure,1
,1969-08-20,FIRST NATIONAL BANK OF URSA,URSA,,,failure,1
,1969-05-28,THE STATE NATIONAL BANK,LOVELADY,,,failure,1
,1969-05-12,THE FIRST STATE BANK,DODSON,,,failure,1
,1969-05-06,THE MORRICE STATE BANK,MORRICE,,,failure,1
,1969-04-12,CITIZENS STATE BANK,ALVARADO,,,failure,1
,1969-02-06,THE ROCKY MOUNTAIN BANK,LAKEWOOD,,,failure,1
,1968-09-25,BANK OF COMMERCE,TONKAWA,,,failure,1
,1968-05-27,CENTRAL NATIONAL BANK OF JACKSONVILLE,JACKSONVILLE,,,failure,1
,1968-02-13,LORENZO STATE BANK,LORENZO,,,failure,1
,1967-07-07,THE CEDAR VALE NATIONAL BANK,CEDAR VALE,,,failure,1
,1967-06-23,SACUL STATE BANK,SACUL,,,failure,1
,1967-02-17,SOUTHERN BANK OF ST. PETERSBURG,ST. PETERSBURG,,,failure,1
,1967-01-31,BANK OF PINE APPLE,PINE APPLE,,,failure,1
,1966-10-17,FIRST STATE BANK OF TUSCOLA,TUSCOLA,,,failure,1
,1966-10-12,PUBLIC BANK,DETROIT,,,failure,1
,1966-04-07,BANK OF GRAY SUMMIT,GRAY SUMMIT,,,failure,1
,1966-03-17,SAGUACHE COUNTY NATIONAL BANK,SAGUACHE,,,failure,1
,1966-01-31,BLANKET STATE BANK,BLANKET,,,failure,1
,1966-01-24,CITIZENS BANK,POTTSVILLE,,,failure,1
,1966-01-12,FIVE POINTS NATIONAL BANK,MIAMI,,,failure,1
,1965-04-05,FIRST STATE BANK,COVINGTON,,,failure,1
,1965-02-25,MALONE STATE BANK,MALONE,,,failure,1
,1965-02-05,WINONA STATE BANK,WINONA,,,failure,1
,1965-01-22,THE BRIGHTON NATIONAL BANK,BRIGHTON,,,failure,1
,1965-01-22,SAN FRANCISCO NATIONAL BANK,SAN FRANCISCO,,,failure,1
,1964-10-29,"NEBRASKA ST BANK OF VALENTINE, NEBRASKA",VALENTINE,,,failure,1
,1964-09-04,CROWN SAVINGS BANK,NEWPORT NEWS,,,failure,1
,1964-07-31,FRONTIER BANK,COVELO,,,failure,1
,1964-07-20,BELLEVIEW VALLEY BANK,BELLEVIEW,,,failure,1
,1964-07-04,FIRST STATE BANK,DELL CITY,,,failure,1
,1964-03-17,THE STATE SAVINGS BANK OF MINDEN CITY,MINDEN CITY,,,failure,1
,1964-03-10,THE FIRST NATIONAL BANK OF MARLIN,MARLIN,,,failure,1
,1963-08-23,CHATHAM BANK OF CHICAGO,CHICAGO,,,failure,1
,1963-05-24,THE FIRST BANK OF WESTMONT,WESTMONT,,,failure,1
,1962-02-19,THE FIRST NATIONAL BANK OF EXETER,EXETER,,,failure,1
,1961-12-30,FIRST STATE BANK,PREMONT,,,failure,1
,1961-12-19,THE FIRST NATIONAL BANK OF MAUD,MAUD,,,failure,1
,1961-09-07,BANK OF OCHLOCHNEE,OCHLOCHNEE,,,failure,1
,1961-08-11,BANK OF EARLSBORO,EARLSBORO,,,failure,1
,1961-01-16,THE SHELDON NATIONAL BANK,SHELDON,,,failure,1
,1960-07-29,THE CAPITOL HILL STATE BANK,OKLAHOMA CITY,,,failure,1
,1959-12-03,FIRST STATE BANK,TENAHA,,,failure,1
,1959-06-09,LIBERAL STATE BANK,LIBERAL,,,failure,1
,1959-05-13,THE BARTLETT STATE BANK,BARTLETT,,,failure,1
,1958-07-17,THE MANUFACTURERS' BANK OF EDGEWATER,EDGEWATER,,,failure,1
,1958-05-26,THE RUSHVILLE BANKING COMPANY,RUSHVILLE,,,failure,1
,1958-05-05,PEOPLES STATE BANK,RICHLAND SPRINGS,,,failure,1
,1958-03-17,THE FIRST NATIONAL BANK OF HALFWAY,HALFWAY,,,failure,1
,1957-04-10,FIRST STATE BANK OF YORKTOWN,YORKTOWN,,,failure,1
,1956-12-04,THE HOME NATIONAL OF ELLENVILLE,ELLENVILLE,,,failure,1
,1956-10-15,RIVER OAKS STATE BANK,FORTH WORTH,,,failure,1
,1955-10-03,FRONTIER TRUST COMPANY,FORT FAIRFIELD,,,failure,1
,1955-07-25,JOSHUA MONUMENT NAT BANK-TWENTYNINE PALMS,TWENTYNINE PALMS,,,failure,1
,1955-04-30,RATHDRUM STATE BANK,RATHDRUM,,,failure,1
,1955-04-30,BANK OF NORTH IDAHO,PRIEST RIVER,,,failure,1
,1955-01-27,FIRST NATIONAL BANK OF LEWISVILLE,LEWISVILLE,,,failure,1
,1954-10-01,BANK OF WHITESVILLE,WHITESVILLE,,,failure,1
,1954-08-09,BANK OF ILA,ILA,,,failure,1
,1953-05-26,FIRST STATE BANK OF ELMWOOD PARK,ELMWOOD PARK,,,failure,1
,1953-02-13,MAYFIELD STATE BANK,MAYFIELD,,,failure,1
,1952-09-02,BANK OF DIERKS,DIERKS,,,failure,1
,1952-05-05,CAMDEN STATE BANK,CAMDEN,,,failure,1
,1952-01-21,THOMASVILLE BANK AND TRUST CO.,THOMASVILLE,,,failure,1
,1951-08-25,THE PARNASSUS NATIONAL BANK,NEW KENSINGTON,,,failure,1
,1951-01-22,BRAZEAU BANK,BRAZEAU,,,failure,1
,1950-10-09,FIRST NATIONAL BANK IN CECIL,CECIL,,,failure,1
,1950-08-14,THE FARMERS FIRST NATIONAL BANK OF MINOOKA,MINOOKA,,,failure,1
,1950-07-24,THE BANK OF AURORA,AURORA,,,failure,1
,1950-04-03,THE WESTPHALIA STATE BANK,WESTPHALIA,,,failure,1
,1949-10-08,FARMERS & MERCHANTS STATE BANK,SPENCERVILLE,,,failure,1
,1949-06-11,THE CITIZENS BANKING COMPANY,WESTON,,,failure,1
,1949-04-30,STOCKMENS BANK OF MARTINSDALE,MARTINSDALE,,,failure,1
,1949-02-19,THE FIRST NATIONAL BANK OF DYER,DYER,,,failure,1
,1948-12-18,THE FIRST STATE BANK,FRANKLIN,,,failure,1
,1948-11-20,THE AMERICAN NATIONAL BANK OF PRYOR CREEK,PRYOR,,,failure,1
,1948-07-24,COLUMBUS TRUST COMPANY,NEWARK,,,failure,1
,1947-12-06,LYONS STATE BANK,LYONS,,,failure,1
,1947-11-29,PEOPLES BANK OF DONALDS,DONALDS,,,failure,1
,1947-07-12,THE CENTRAL CITY NATIONAL BANK,CENTRAL CITY,,,failure,1
,1947-01-25,THE FIRST NATIONAL BANK OF LEMONT,LEMONT,,,failure,1
,1947-01-11,THE FIRST NATIONAL BANK OF EVANSTON,EVANSTON,,,failure,1
,1946-09-14,"AUGUSTA COUNTY BANK, INC.",CHURCHVILLE,,,failure,1
,1945-01-13,THE FARMERS & MERCHANTS STATE BANK,FREDERICKSBURG,,,failure,1
,1944-05-27,THE FIRST NATIONAL BANK OF SUSQUEHANNA,SUSQUEHANNA,,,failure,1
,1944-05-12,THE BROWNVILLE STATE BANK,BROWNSVILLE,,,failure,1
,1943-12-10,FIRST NATIONAL BK & TR CO. OF EASTON,EASTON,,,failure,1
,1943-09-25,THE JEFFERSON COUNTY NAT BK -WATERTOWN,WATERTOWN,,,failure,1
,1943-04-02,FARMERS STATE BANK OF CULLOM,CULLOM,,,failure,1
,1943-03-18,BANK OF BLACK MOUNTAIN,BLACK MOUTAIN,,,failure,1
,1943-03-17,THE POULTNEY NATIONAL BANK,POULTNEY,,,failure,1
,1942-11-28,GUARANTEE TR & SAFE DEP. CO.-MT.CARMEL,MT. CARMEL,,,failure,1
,1942-11-18,THE CITIZENS BANK OF LIBERTY,LIBERTY,,,failure,1
,1942-10-17,THE FARMERS NATIONAL BANK OF SELINSGROVE,SELINSGROVE,,,failure,1
,1942-10-02,FARMERS BANK,LONE ROCK,,,failure,1
,1942-09-12,MERCHANTS BANKING TRUST COMPANY,MAHANOY,,,failure,1
,1942-08-29,THE HARNEY COUNTY NATIONAL BANK OF BURNS,BURNS,,,failure,1
,1942-08-01,THE FIRST NATIONAL BANK OF LEHIGHTON,LEHIGHTON,,,failure,1
,1942-08-01,CITIZENS NAT BK & TR CO. OF LEHIGHTON,LEHIGHTON,,,failure,1
,1942-07-06,FARMER'S AND MERCHANT'S BANK,COCHRANE,,,failure,1
,1942-06-20,THE FIRST NAT BK & TR CO. OF DALLASTOWN,DALLASTOWN,,,failure,1
,1942-04-25,THE EMMAUS NATIONAL BANK,EMMAUS,,,failure,1
,1942-03-31,BANK OF MALONE,MALONE,,,failure,1
,1942-03-28,FLORAL PARK BANK  AND TRUST COMPANY,FLORAL PARK,,,failure,1
,1942-03-14,THE FIRST NATIONAL BANK OF WEATHERLY,WEATHERLY,,,failure,1
,1942-03-07,THE CITIZENS NATIONAL BANK OF FREEPORT,FREEPORT,,,failure,1
,1942-02-28,THE HADDONFIELD NATIONAL BANK,HADDONFIELD,,,failure,1
,1942-02-06,BANK OF DRAPER,DRAPER,,,failure,1
,1942-01-31,THE LOUISA NATIONAL BANK,LOUISA,,,failure,1
,1942-01-21,PALISADE STATE BANK,PALISADE,,,failure,1
,1942-01-17,PROVIDENCE BANK,SCRANTON,,,failure,1
,1941-12-22,THE FRANKLIN TRUST CO.,FRANKLIN,,,failure,1
,1941-12-22,THE LAMBERTON NATIONAL BANK OF FRANKLIN,FRANKLIN,,,failure,1
,1941-12-13,THE ST. CHARLES STATE BANK,ST. CHARLES,,,failure,1
,1941-12-11,BANCO DI NAPOLI TRUST CO. OF NEW YORK,NEW YORK,,,failure,1
,1941-11-29,THE FIRST NATIONAL BANK OF DODGEVILLE,DODGEVILLE,,,failure,1
,1941-11-01,THE FIRST NATIONAL BANK OF FORESTVILLE,FORESTVILLE,,,failure,1
,1941-09-29,"BANK OF AU SABLE FORKS, N.Y.",AU SABLE FORKS,,,failure,1
,1941-06-23,THE EXCHANGE STATE BANK,PARSONS,,,failure,1
,1941-04-26,THE FIRST NAT BK & TR CO. OF PORT CHESTER,PORT CHESTER,,,failure,1
,1941-04-26,MUTUAL TRUST CO. OF WESTCHESTER COUNTY,PORT CHESTER,,,failure,1
,1941-04-12,THE KESWICK NATIONAL BANK OF GLENSIDE,GLENSIDE,,,failure,1
,1941-03-08,BANK OF BALDWYN,BALDWYN,,,failure,1
,1941-01-29,FIRST STATE BANK & TRUST CO. OF INDIANOLA,INDIANOLA,,,failure,1
,1941-01-17,THE FIRST NATIONAL BANK OF ANADARKO,ANADARKO,,,failure,1
,1941-01-11,BANK OF JAMESTOWN,JAMESTOWN,,,failure,1
,1940-12-04,THE AMERICAN NAT BK OF SANTA MONICA,SANTA MONICA,,,failure,1
,1940-11-23,THE STATE EXCHANGE BANK,HOLLEY,,,failure,1
,1940-11-19,THE FIRST NATIONAL BANK OF BURLINGAME,BURLINGAME,,,failure,1
,1940-10-25,BANK OF EAGLE,EAGLE,,,failure,1
,1940-10-04,SAVINGS BANK OF NANTICOKE,NANTICOKE,,,failure,1
,1940-09-18,THE BANK OF LESLIE,LESLIE,,,failure,1
,1940-09-14,FIRST CITIZENS BANK & TRUST CO. OF UTICA,UTICA,,,failure,1
,1940-08-24,MT. UNION STATE BANK,MT. UNION,,,failure,1
,1940-08-03,BADGER STATE BANK,BADGER,,,failure,1
,1940-07-27,BANK OF WILLIAMSVILLE,WILLIAMSVILLE,,,failure,1
,1940-07-20,MOUNT PLEASANT BANK & TRUST CO.,PLEASANTVILLE,,,failure,1
,1940-07-20,THE CLAXTON STATE BANK,CLAXTON,,,failure,1
,1940-07-13,CHASEBURG STATE BANK,CHASEBURG,,,failure,1
,1940-07-02,KANE TRUST AND SAVINGS BANK,KANE,,,failure,1
,1940-06-25,WAUSHARA COUNTY BANK,PLAINFIELD,,,failure,1
,1940-06-22,THE LUCERNE STATE BANK,LUCERNE,,,failure,1
,1940-06-22,FIRST STATE BANK OF SCOTCH PLAINS,SCOTCH PLAINS,,,failure,1
,1940-06-22,THE WESTFIELD TRUST COMPANY,WESTFIELD,,,failure,1
,1940-06-13,FIRST STATE BANK OF STONEWALL,STONEWALL,,,failure,1
,1940-06-08,THE SOUTHAMPTON BANK,SOUTHAMPTON,,,failure,1
,1940-05-09,MACKEY STATE BANK,MACKEY,,,failure,1
,1940-04-27,THE FIRST NATIONAL BANK OF BALLY,BALLY,,,failure,1
,1940-04-20,THE FIRST NATIONAL BANK OF HARRISON,HARRISON,,,failure,1
,1940-04-20,THE RYE NATIONAL BANK,RYE,,,failure,1
,1940-04-19,BANK OF MORELAND,MORELAND,,,failure,1
,1940-04-18,ASHLEY STATE BANK,ASHLEY,,,failure,1
,1940-04-18,FIRST STATE BANK,WISHEK,,,failure,1
,1940-04-17,BANK OF REEDER,REEDER,,,failure,1
,1940-04-06,BALDWINSVILLE STATE BANK,BALDWINSVILLE,,,failure,1
,1940-04-06,FIRST TRUST & DEPOSIT COMPANY,SYRACUSE,,,failure,1
,1940-04-04,BLAIRSVILLE SAVINGS AND TRUST COMPANY,BLAIRSVILLE,,,failure,1
,1940-03-26,THE FIRST NATIONAL BANK OF WENATCHEE,WENATCHEE,,,failure,1
,1940-03-23,FARMERS BANK,DRY RIDGE,,,failure,1
,1940-03-16,THE SWEDESBORO NATIONAL BANK,SWEDESBORO,,,failure,1
,1940-03-13,EUGENE STATE BANK,EUGENE,,,failure,1
,1940-03-09,HARTFORD SAVINGS BANK AND TRUST COMPANY,WHITE RIVER JUNCTION,,,failure,1
,1940-02-24,BANK OF BROCTON,BROCTON,,,failure,1
,1940-02-24,THE NATIONAL BANK OF WESTFIELD,WESTFIELD,,,failure,1
,1940-02-03,WOODCLIFF TRUST COMPANY,NORTH BERGEN,,,failure,1
,1940-02-01,BANKERS TRUST COMPANY,ATLANTIC CITY,,,failure,1
,1940-01-13,INTEGRITY TRUST COMPANY,PHILADELPHIA,,,failure,1
,1940-01-12,THE CITIZENS STATE BANK OF NIANGUA,NIANGUA,,,failure,1
,1940-01-04,GUARANTY BOND STATE BANK,NORTH ZULCH,,,failure,1
,1939-12-27,THE TUCKERTON BANK,TUCKERTON,,,failure,1
,1939-12-11,MAYNARDVILLE STATE BANK,MAYNARDVILLE,,,failure,1
,1939-12-06,THE STATE BANK OF LIEBENTHAL,LIEBENTHAL,,,failure,1
,1939-12-04,THE YONKERS NATIONAL BANK & TRUST CO.,YONKERS,,,failure,1
,1939-11-25,THE FARMERS STATE BANK,CUBA,,,failure,1
,1939-11-25,COMMERCIAL BANK OF LIBERTY,LIBERTY,,,failure,1
,1939-10-07,THE EGG HARBOR COMMERCIAL BANK,EGG HARBOR CITY,,,failure,1
,1939-10-03,SECURITY STATE BANK,LAWRENCE,,,failure,1
,1939-09-15,THE FARMERS STATE BANK,CATO,,,failure,1
,1939-09-01,PROVIDENCE CITIZENS BANK,PROVIDENCE,,,failure,1
,1939-08-30,RARDIN STATE BANK,RARDIN,,,failure,1
,1939-08-28,FIRST STATE BANK OF O'FALLON,O'FALLON,,,failure,1
,1939-06-30,PLEASANTVILLE TRUST COMPANY,PLEASANTVILLE,,,failure,1
,1939-06-30,WEST HUDSON COUNTY TRUST COMPANY,HARRISON,,,failure,1
,1939-06-30,KEARNY NATIONAL BANK,KEARNY,,,failure,1
,1939-06-24,THE PLANTSVILLE NATIONAL BANK,PLANTSVILLE,,,failure,1
,1939-06-17,THE HAMILTON TRUST COMPANY OF PATERSON,PATERSON,,,failure,1
,1939-06-15,GLENDIVE STATE BANK,GLENDIVE,,,failure,1
,1939-06-03,GLOUCESTER CITY TRUST COMPANY,GLOUCESTER CITY,,,failure,1
,1939-06-03,COMMONWEALTH TRUST COMPANY,UNION CITY,,,failure,1
,1939-06-03,MERCHANTS TRUST COMPANY,UNION CITY,,,failure,1
,1939-05-29,BANK OF HARTLAND,HARTLAND,,,failure,1
,1939-05-18,THE PARKSLEY NATIONAL BANK,PARKSLEY,,,failure,1
,1939-05-02,TATUM STATE BANK,TATUM,,,failure,1
,1939-04-29,COLUMBIA TRUST COMPANY OF NEW JERSEY,HOBOKEN,,,failure,1
,1939-04-29,BANK OF EDEN,EDEN,,,failure,1
,1939-04-29,HUDSON TRUST COMPANY,UNION CITY,,,failure,1
,1939-04-28,RIPLEY SAVINGS BANK & TRUST COMPANY,RIPLEY,,,failure,1
,1939-04-20,THE TRUST COMPANY OF NEW JERSEY,JERSEY CITY,,,failure,1
,1939-04-20,WEST BERGEN TRUST COMPANY,JERSEY CITY,,,failure,1
,1939-04-14,BANK OF BRUSSELS,BRUSSELS,,,failure,1
,1939-04-08,THE FIRST NATIONAL BANK OF PLAINFIELD,PLAINFIELD,,,failure,1
,1939-04-06,BANK OF AMORITA,AMORITA,,,failure,1
,1939-03-23,MERCHANTS & FARMERS BANK,ATKINS,,,failure,1
,1939-03-18,EDEN STATE BANK,EDEN,,,failure,1
,1939-03-18,THE FULTON STATE BANK,FULTON,,,failure,1
,1939-03-18,STATE BANK OF BREMEN,BREMEN,,,failure,1
,1939-03-11,RAHWAY TRUST COMPANY,RAHWAY,,,failure,1
,1939-03-08,STATE BANK OF FORESTVILLE,FORESTVILLE,,,failure,1
,1939-03-07,THE POINT PLEASANT NATIONAL BANK,POINT PLEASANT,,,failure,1
,1939-03-04,THE BANK OF ROCKY HILL,ROCKY HILL,,,failure,1
,1939-02-25,THE FIRST NATIONAL BANK IN BROOKSVILLE,BROOKSVILLE,,,failure,1
,1939-02-21,PEOPLES STATE BANK,FRANKFORT,,,failure,1
,1939-02-18,THE FIRST NAT'L BANK & TR CO. OF BLACKWOOD,BLACKWOOD,,,failure,1
,1939-02-16,ST. JOSEPH COUNTY SAVINGS BANK,SOUTH BEND,,,failure,1
,1939-02-16,THE ST. JOSEPH LOAN & TRUST COMPANY,SOUTH BEND,,,failure,1
,1939-02-14,GROVETON NATIONAL BANK,GROVETON,,,failure,1
,1939-02-11,THE NEW JERSEY TITLE GUARANTEE & TRUST CO.,JERSEY CITY,,,failure,1
,1939-02-11,NORTH CAMDEN TRUST COMPANY,CAMDEN,,,failure,1
,1939-02-04,THE COUDERSPORT TRUST COMPANY,COUDERSPORT,,,failure,1
,1939-02-04,THE AMERICAN NATIONAL BANK OF CAMDEN,CAMDEN,,,failure,1
,1939-02-03,FARMERS STATE BANK IN MERKEL,MERKEL,,,failure,1
,1939-02-02,THE FARMERS BANK OF NEWTOWN,NEWTOWN,,,failure,1
,1939-01-21,"THE HILLSBORO-QUEEN ANNE BANK, INC.",HILLSBORO,,,failure,1
,1939-01-16,FIRST STATE BANK,MARQUEZ,,,failure,1
,1939-01-16,BANK OF SCRANTON,SCRANTON,,,failure,1
,1939-01-12,BANK OF HANCOCK,HANCOCK,,,failure,1
,1939-01-09,FIRST STATE BANK,ELGIN,,,failure,1
,1939-01-05,THE FIRST NATIONAL BANK OF PRESTON,PRESTON,,,failure,1
,1939-01-04,OCONTO COUNTY STATE BANK,OCONTO FALLS,,,failure,1
,1938-12-31,THE HARFORD BANK,BEL AIR,,,failure,1
,1938-12-31,FARMERS STATE BANK,CANTON,,,failure,1
,1938-12-21,FARMERS STATE BANK OF LONDON,LONDON,,,failure,1
,1938-12-17,BOILING SPRINGS STATE BANK,BOILING SPRINGS,,,failure,1
,1938-12-14,COLEMAN STATE BANK,COLEMAN,,,failure,1
,1938-12-03,THE NATIONAL CITY BANK OF LYNN,LYNN,,,failure,1
,1938-11-26,FARMERS STATE BANK OF ANAMOOSE,ANAMOOSE,,,failure,1
,1938-11-26,THE BANK OF CUBA,CUBA,,,failure,1
,1938-11-26,THE FIRST NATIONAL BANK OF ROOSEVELT,ROOSEVELT,,,failure,1
,1938-11-05,BANK OF BELLFLOWER,BELLFLOWER,,,failure,1
,1938-11-03,FAYETTE BANK,FAYETTE,,,failure,1
,1938-11-01,KERMIT STATE BANK,KERMIT,,,failure,1
,1938-10-12,BANK OF ETON,ETON,,,failure,1
,1938-10-11,BANK OF LOCKPORT,LOCKPORT,,,failure,1
,1938-09-29,FIRST STATE BANK,WILMOT,,,failure,1
,1938-09-24,STOCKMENS STATE BANK,MEDORA,,,failure,1
,1938-09-24,THE SARANAC LAKE NATIONAL BANK,SARANAC LAKE,,,failure,1
,1938-09-02,FIRST STATE BANK,HEWITT,,,failure,1
,1938-08-31,JERAULD COUNTY BANK,WESSINGTON SPRINGS,,,failure,1
,1938-08-31,FIRST BANK OF FLAXTON,FLAXTON,,,failure,1
,1938-08-24,HITCHCOCK STATE BANK,HITCHCOCK,,,failure,1
,1938-08-19,HOME BANK & TRUST COMPANY,WINCHESTER,,,failure,1
,1938-08-18,THE FARMERS & MERCHANTS BANK,MADISON,,,failure,1
,1938-08-16,BANK OF HIGHMORE (DREW BROS.),HIGHMORE,,,failure,1
,1938-08-15,STATE BANK OF RICE LAKE,RICE LAKE,,,failure,1
,1938-07-28,WINOOSKI SAVINGS BANK,WINOOSKI,,,failure,1
,1938-07-27,HUTCHINSON COUNTY BANK,PARKSTON,,,failure,1
,1938-07-23,TAKOMA PARK BANK,TAKOMA PARK,,,failure,1
,1938-07-22,BETHEL SPRINGS BANK,BETHEL SPRINGS,,,failure,1
,1938-07-12,HUDSON STATE BANK,HUDSON,,,failure,1
,1938-07-11,BANK OF MILBURN,MILBURN,,,failure,1
,1938-07-01,COMMERCIAL BANK OF MARYLAND,FREDERICK,,,failure,1
,1938-06-24,THE BANK OF ASHE,JEFFERSON,,,failure,1
,1938-06-22,CENTRAL SAVINGS BANK,NEWPORT,,,failure,1
,1938-06-17,RUSSELL STATE BANK & TRUST COMPANY,RUSSELL,,,failure,1
,1938-06-03,LEOPOLIS STATE BANK,LEOPOLIS,,,failure,1
,1938-05-31,GERMAN STATE BANK OF BEULAH,BEULAH,,,failure,1
,1938-05-19,FARMERS SAVINGS BANK,ANKENY,,,failure,1
,1938-05-17,CITIZENS STATE BANK OF ANDOVER,ANDOVER,,,failure,1
,1938-05-14,SUSSEX STATE BANK,SUSSEX,,,failure,1
,1938-04-25,STATE BANK OF IRENE,IRENE,,,failure,1
,1938-04-20,CAROLINE STATE BANK,CAROLINE,,,failure,1
,1938-04-19,BANK OF HUMBOLDT,HUMBOLDT,,,failure,1
,1938-04-19,FIRST STATE BANK,TURTLE LAKE,,,failure,1
,1938-04-12,FIRST STATE BANK OF IPSWICH,IPSWICH,,,failure,1
,1938-04-11,CAMDEN SAFE DEPOSIT & TRUST COMPANY,CAMDEN,,,failure,1
,1938-04-11,WEST JERSEY TRUST COMPANY,CAMDEN,,,failure,1
,1938-04-09,THE FIRST STATE BANK,COLFAX,,,failure,1
,1938-04-09,THE CITY NATIONAL BANK OF HARRISBURG,HARRISBURG,,,failure,1
,1938-04-09,BANK OF ELLENBORO,ELLENBORO,,,failure,1
,1938-04-02,MARGATE TRUST COMPANY,MARGATE CITY,,,failure,1
,1938-03-26,MERCHANTS' AND MECHANICS' SAVINGS BANK OF NORFOLK,NORFOLK,,,failure,1
,1938-03-18,THE BORDEN STATE BANK,BORDEN,,,failure,1
,1938-03-14,FIRST STATE BANK,KULM,,,failure,1
,1938-03-05,HOME SAVINGS BANK,DES MOINES,,,failure,1
,1938-03-03,"BANK OF NORTHAMPTON, INCORPORATED",NASSAWADOX,,,failure,1
,1938-03-02,CITIZENS STATE BANK,HARTFORD,,,failure,1
,1938-02-28,STATE BANK OF SURPRISE,SURPRISE,,,failure,1
,1938-02-17,FARMERS BANK OF BLACKBURN,BLACKBURN,,,failure,1
,1938-02-12,THE FIRST NATIONAL BANK OF PURDON,PURDON,,,failure,1
,1938-02-10,BANK OF STRAFFORD,STRAFFORD,,,failure,1
,1938-02-10,PEOPLES BANK & TRUST COMPANY,SPARTA,,,failure,1
,1938-02-10,THE BRIGGSDALE STATE BANK,BRIGGSDALE,,,failure,1
,1938-02-07,BANK OF MARION,MARION,,,failure,1
,1938-02-01,FARMERS SECURITY BANK,MAYWOOD,,,failure,1
,1938-02-01,THE FIRST STATE BANK OF LATHROP,LATHROP,,,failure,1
,1938-02-01,POLLOCK STATE BANK,POLLOCK,,,failure,1
,1938-01-29,THE BANK OF FREMONT,FREMONT,,,failure,1
,1938-01-28,THE TROUT CREEK STATE BANK,TROUT CREEK,,,failure,1
,1938-01-26,BELLEVILLE BANK & TRUST COMPANY,BELLEVILLE,,,failure,1
,1938-01-22,THE WOODMAN STATE BANK,WOODMAN,,,failure,1
,1938-01-21,FIRST STATE BANK OF WOLSEY,WOLSEY,,,failure,1
,1938-01-19,BANK OF DECATUR,DECATUR,,,failure,1
,1938-01-11,WORTHVILLE DEPOSIT BANK,WORTHVILLE,,,failure,1
,1937-12-20,FIRST NAT BK & TR CO. OF MANHASSET,MANHASSET,,,failure,1
,1937-12-17,BIG FALLS STATE BANK,BIG FALLS,,,failure,1
,1937-12-02,NEVADA TRUST COMPANY,NEVADA,,,failure,1
,1937-12-02,PEOPLES UNITED BANK,SOUTHPORT,,,failure,1
,1937-11-30,STERLING STATE BANK,STERLING,,,failure,1
,1937-11-27,LOGANVILLE STATE BANK,LOGANVILLE,,,failure,1
,1937-11-24,FIRST STATE BANK OF COBDEN,COBDEN,,,failure,1
,1937-11-19,BANK OF SWIFTON,SWIFTON,,,failure,1
,1937-11-04,COMMERCIAL BANK & TRUST COMPANY,UNION CITY,,,failure,1
,1937-11-01,FIRST STATE BANK,CENTER,,,failure,1
,1937-11-01,BANK OF ALBA,ALBA,,,failure,1
,1937-10-30,FARMERS & MERCHANTS BANK OF ELGIN,ELGIN,,,failure,1
,1937-10-30,CARTER COUNTY COMMERCIAL BANK,OLIVE HILL,,,failure,1
,1937-10-29,FIRST STATE BANK,BARBOURVILLE,,,failure,1
,1937-10-23,FARMERS STATE BANK,WYNDMERE,,,failure,1
,1937-10-22,THE LITTLE FERRY NATIONAL BANK,LITTLE FERRY,,,failure,1
,1937-10-22,THE NESCOPECK NATIONAL BANK,NESCOPECK,,,failure,1
,1937-10-20,THE FIRST NATIONAL BANK IN BURLINGTON,BURLINGTON,,,failure,1
,1937-10-18,STATE BANK OF MUNDELEIN,MUNDELEIN,,,failure,1
,1937-10-07,FARMERS STATE BANK OF CARLISLE,CARLISLE,,,failure,1
,1937-10-02,THE FIRST NATIONAL BANK OF PERTH AMBOY,PERTH AMBOY,,,failure,1
,1937-10-02,PERTH AMBOY TRUST COMPANY,PERTH AMBOY,,,failure,1
,1937-10-02,THE RARITAN TRUST COMPANY,PERTH AMBOY,,,failure,1
,1937-10-01,RINGGOLD STATE BANK,RINGGOLD,,,failure,1
,1937-10-01,THE FIRST NATIONAL BANK OF LOVELADY,LOVELADY,,,failure,1
,1937-09-30,WESTWOOD TRUST COMPANY,WESTWOOD,,,failure,1
,1937-09-25,BURT STATE BANK,BURT,,,failure,1
,1937-09-14,THE BANK OF GALENA,GALENA,,,failure,1
,1937-09-11,STONEHAM TRUST COMPANY,STONEHAM,,,failure,1
,1937-09-08,ROANOKE STATE BANK,ROANOKE,,,failure,1
,1937-08-31,FARMERS BANK & TRUST COMPANY,CHARLES TOWN,,,failure,1
,1937-08-21,FARMERS AND MERCHANTS BANK,BRILLION,,,failure,1
,1937-08-14,THE FORT GREENE NATIONAL BANK IN NEW YORK,BROOKLYN,,,failure,1
,1937-08-12,THE FIRST NATIONAL BANK OF ALBERTVILLE,ALBERTVILLE,,,failure,1
,1937-08-11,THE BANK OF NOEL,NOEL,,,failure,1
,1937-08-05,KOCHAN BANKING COMPANY,MAYSVILLE,,,failure,1
,1937-07-24,FIRST BANK & TRUST COMPANY OF HAMILTON,HAMILTON,,,failure,1
,1937-07-20,MICHIGAN CITY TRUST & SAVINGS BANK,MICHIGAN CITY,,,failure,1
,1937-07-19,"PEOPLES BANK OF BLOXOM, INC.",BLOXOM,,,failure,1
,1937-07-17,FARMERS & MERCHANTS BANK,NEWBERN,,,failure,1
,1937-07-13,CHATTOOGA COUNTY BANK,SUMMERVILLE,,,failure,1
,1937-07-13,FARMERS STATE BANK OF BAINVILLE,BAINVILLE,,,failure,1
,1937-07-12,BANK OF ANUTT,ANUTT,,,failure,1
,1937-07-03,BANK OF STURGIS,STURGIS,,,failure,1
,1937-07-03,AMERICAN BANK,HIGGINSVILLE,,,failure,1
,1937-06-30,THE TAYLOR NATIONAL BANK OF CAMPBELLSVILLE,CAMPBELLSVILLE,,,failure,1
,1937-06-29,FIRST STATE BANK OF SOUTH SAN ANTONIO,SAN ANTONIO,,,failure,1
,1937-06-26,GHENT DEPOSIT BANK,GHENT,,,failure,1
,1937-06-23,AMITE RIVER BANK,DENHAM SPRINGS,,,failure,1
,1937-06-18,HARDIN TRUST COMPANY,HARDIN,,,failure,1
,1937-06-17,THE STATE BANK OF MARCELLUS,MARCELLUS,,,failure,1
,1937-06-16,UNION STATE BANK AND TRUST COMPANY,BRYAN,,,failure,1
,1937-06-16,THE FIRST NATIONAL BANK OF PUKWANA,PUKWANA,,,failure,1
,1937-06-15,THE ROMNEY BANK,ROMNEY,,,failure,1
,1937-06-14,COLOMA STATE BANK,COLOMA,,,failure,1
,1937-06-05,THE FIRST NATIONAL BANK OF MAHANOY CITY,MAHANOY CITY,,,failure,1
,1937-05-29,CARROLL EXCHANGE BANK,CARROLLTON,,,failure,1
,1937-05-27,THE FARMERS NATIONAL BANK OF GRAYVILLE,GRAYVILLE,,,failure,1
,1937-05-22,FARMERS & MERCHANTS TRUST BANK,CAPE CHARLES,,,failure,1
,1937-05-01,THE CITIZENS BANK,BUCKLIN,,,failure,1
,1937-04-30,ST. ONGE STATE BANK,ST. ONGE,,,failure,1
,1937-04-29,WHITEWOOD BANKING COMPANY,WHITEWOOD,,,failure,1
,1937-04-23,BANK OF EUREKA,EUREKA,,,failure,1
,1937-04-15,ROBBINS BANK & TRUST COMPANY,ROBBINS,,,failure,1
,1937-04-12,FIRST STATE BANK,ARLINGTON,,,failure,1
,1937-04-08,TEXAS STATE BANK AND TRUST COMPANY,CORPUS CHRISTI,,,failure,1
,1937-04-03,FIRST INTERNATIONAL BANK,NOONAN,,,failure,1
,1937-03-26,RIO STATE BANK,RIO,,,failure,1
,1937-02-20,THE CITIZENS STATE BANK OF LEBANON,LEBANON,,,failure,1
,1937-02-20,THE FIRST NATIONAL BANK OF ISMAY,ISMAY,,,failure,1
,1937-02-18,FARMERS STATE BANK,CORSICA,,,failure,1
,1937-02-18,AKASKA STATE BANK,AKASKA,,,failure,1
,1937-02-10,FARMERS BANK OF TRENTON,TRENTON,,,failure,1
,1937-01-14,SARGENT COUNTY BANK,FORMAN,,,failure,1
,1937-01-12,BANK OF HOUGHTON,HOUGHTON,,,failure,1
,1936-12-31,CENTRAL STATE BANK OF SHERMAN,SHERMAN,,,failure,1
,1936-12-21,THE CUMMINGS STATE BANK,CUMMINGS,,,failure,1
,1936-12-21,RESERVATION STATE BANK,MAKOTI,,,failure,1
,1936-12-21,FIRST STATE BANK OF MAX,MAX,,,failure,1
,1936-12-21,FIRST STATE BANK OF POWERS LAKE,POWERS LAKE,,,failure,1
,1936-12-21,BANK OF BERTHOLD,BERTHOLD,,,failure,1
,1936-12-21,FIRST STATE BANK,COTEAU,,,failure,1
,1936-12-19,NORTHERN AND DAKOTA TRUST COMPANY,FARGO,,,failure,1
,1936-12-19,FIRST INTERNATIONAL BANK,MINOT,,,failure,1
,1936-12-19,THE FIRST INTERNATIONAL BANK OF WILLISTON,WILLISTON,,,failure,1
,1936-12-18,THE FIRST NATIONAL BANK OF CENTERVILLE,CENTERVILLE,,,failure,1
,1936-12-12,THE FIRST STATE BANK OF LIGNITE,LIGNITE,,,failure,1
,1936-12-07,THE UNION STATE BANK,CROTHERSVILLE,,,failure,1
,1936-12-07,THE BREWSTER STATE BANK,BREWSTER,,,failure,1
,1936-12-05,CITIZENS STATE BANK,PALMYRA,,,failure,1
,1936-12-05,SCOTTSBURG STATE BANK,SCOTTSBURG,,,failure,1
,1936-12-01,BANK OF CAMBRIA,CAMBRIA,,,failure,1
,1936-10-27,THE UNION BANK,UHRICHSVILLE,,,failure,1
,1936-10-09,DESOTO BANK AND TRUST COMPANY,MANSFIELD,,,failure,1
,1936-10-03,STOVER BANK,STOVER,,,failure,1
,1936-09-17,FARMERS STATE BANK,TINDALL,,,failure,1
,1936-09-15,SECURITY BANK,KINGFISHER,,,failure,1
,1936-09-12,THE WELLSVILLE BANK,WELLSVILLE,,,failure,1
,1936-08-31,COMMERCIAL BANK OF STANBERRY,STANBERRY,,,failure,1
,1936-08-22,DURHAM STATE BANK,DURHAM,,,failure,1
,1936-08-14,BANK OF MAGNOLIA,MAGNOLIA,,,failure,1
,1936-08-14,CUMBERLAND BANK,CUMBERLAND,,,failure,1
,1936-07-16,THE EAST HAMPTON BANK & TRUST CO.,EAST HAMPTON,,,failure,1
,1936-07-15,D'AURIA BANK & TRUST COMPANY,NEWARK,,,failure,1
,1936-07-11,THE STATE BANK OF SARCOXIE,SARCOXIE,,,failure,1
,1936-07-10,FARMERS STATE BANK,DENSMORE,,,failure,1
,1936-07-03,WALTON EQUITABLE BANK,WALTON,,,failure,1
,1936-06-29,CENTRAL BANK AND TRUST COMPANY,NEWARK,,,failure,1
,1936-06-17,THE PEOPLES STATE BANK OF FLAT ROCK,FLAT ROCK,,,failure,1
,1936-06-05,COMMUNITY BANK,SMITHTON,,,failure,1
,1936-06-05,THE CHRISTIAN COUNTY BANK,OZARK,,,failure,1
,1936-05-28,HOLTON STATE BANK,HOLTON,,,failure,1
,1936-05-23,WEST MONROE STATE BANK,WEST MONROE,,,failure,1
,1936-05-23,KOSHKONONG STATE BANK,KOSHKONONG,,,failure,1
,1936-05-14,FARMERS BANK OF NEW TRUXTON,NEW TRUXTON,,,failure,1
,1936-05-13,FORD CITY STATE BANK,FORD CITY,,,failure,1
,1936-05-09,GROWERS EXCHANGE BANK,ST. JOSEPH,,,failure,1
,1936-04-23,GUARANTY BOND STATE BANK,MILES,,,failure,1
,1936-04-22,NORBORNE TRUST COMPANY,NORBORNE,,,failure,1
,1936-04-21,FARMERS & MERCHANTS BANK,REVILLO,,,failure,1
,1936-04-18,HARDIN BANK,HARDIN,,,failure,1
,1936-04-10,CROSS PLAINS BANK,CROSS PLAINS,,,failure,1
,1936-03-31,LELAND COOPERATIVE BANK,LELAND,,,failure,1
,1936-03-31,BANK OF HOLCOMB,HOLCOMB,,,failure,1
,1936-03-28,THE EARL PARK STATE BANK,EARL PARK,,,failure,1
,1936-03-27,CLIFTON STATE BANK,CLIFTON,,,failure,1
,1936-03-25,DONELSON BANK & TRUST CO.,DONELSON,,,failure,1
,1936-03-24,THE FARMERS STATE BANK,RILEY,,,failure,1
,1936-03-18,BENJAMIN STATE BANK,BENJAMIN,,,failure,1
,1936-03-18,FARMERS STATE BANK,AMHERST,,,failure,1
,1936-03-18,CITIZENS BANK OF BOSWORTH,BOSWORTH,,,failure,1
,1936-03-05,FARMERS AND MERCHANTS BANK OF LINN,LINN,,,failure,1
,1936-03-02,PEOPLES BANK,FRANKLINTON,,,failure,1
,1936-02-27,FARMERS BANK OF LEONARD,LEONARD,,,failure,1
,1936-02-20,THE BANK OF HIGH HILL,HIGH HILL,,,failure,1
,1936-02-18,COLUMBIA STATE BANK,COLUMBIA CITY,,,failure,1
,1936-02-17,MERCHANTS AND FARMERS BANK,STARKVILLE,,,failure,1
,1936-02-15,FARMERS & MECHANICS BANK,ANN ARBOR,,,failure,1
,1936-02-15,THE ANN ARBOR SAVINGS BANK,ANN ARBOR,,,failure,1
,1936-02-15,THE FIRST NATIONAL BANK & TRUST CO.,ANN ARBOR,,,failure,1
,1936-02-05,PEOPLES BANK,COLE CAMP,,,failure,1
,1936-02-01,THE FIRST NATIONAL BANK OF CLINTON,CLINTON,,,failure,1
,1936-02-01,FARMERS & MERCHANTS BANK,ADAMS,,,failure,1
,1936-01-10,CITIZENS BANK OF ERWIN,ERWIN,,,failure,1
,1935-12-16,THE FARMERS BANK,WEST LOUISVILLE,,,failure,1
,1935-12-14,LIVINGSTON STATE BANK,LIVINGSTON,,,failure,1
,1935-12-07,FRIENDSHIP STATE BANK,FRIENDSHIP,,,failure,1
,1935-12-05,FARMERS BANK OF CHARLTON COUNTY,KEYTESVILLE,,,failure,1
,1935-11-27,BANK OF LINDEN,LINDEN,,,failure,1
,1935-11-26,LENNON STATE BANK,LENNON,,,failure,1
,1935-11-18,PRESIDIO VALLEY BANK,PRESIDIO,,,failure,1
,1935-11-16,E. P. WILBUR TRUST COMPANY,BETHLEHEM,,,failure,1
,1935-10-23,BUNA STATE BANK,BUNA,,,failure,1
,1935-09-28,THE COMMERCIAL NATIONAL BANK OF BRADFORD,BRADFORD,,,failure,1
,1935-07-24,THE FARMERS NATIONAL BANK OF SARDINIA,SARDINIA,,,failure,1
,1935-07-22,MERCHANTS & FARMERS BANK,MARIETTA,,,failure,1
,1935-07-20,BANK OF GRANTVILLE,GRANTVILLE,,,failure,1
,1935-06-29,THE FIRST NATIONAL BANK OF PENDER,PENDER,,,failure,1
,1935-06-24,STATE BANK OF SUAMICO,SUAMICO,,,failure,1
,1935-06-04,ANCHOR STATE BANK,WEST MILWAUKEE,,,failure,1
,1935-06-01,BLUE SPRINGS STATE BANK,BLUE SPRINGS,,,failure,1
,1935-05-03,FIRST STATE BANK OF AGRA,AGRA,,,failure,1
,1935-05-02,THE FARMERS BANK,ROYSTON,,,failure,1
,1935-04-10,THE STATE BANK OF MILFORD,MILFORD,,,failure,1
,1935-04-04,GUARANTY STATE BANK,CLINTON,,,failure,1
,1935-03-25,THE FIRST STATE BANK,CHEYENNE,,,failure,1
,1935-03-09,PALMETTO STATE BANK,LAKE CITY,,,failure,1
,1935-01-09,THE NATIONAL BANK OF HERNDON,HERNDON,,,failure,1
,1935-01-03,CLIFFSIDE PARK TITLE GUARANTEE & TRUST CO.,GRANTWOOD,,,failure,1
,1934-11-16,THE STATE BANK,SAUK CITY,,,failure,1
,1934-10-13,PICKENS COUNTY BANK,JASPER,,,failure,1
,1934-10-11,FARMERS & TRADERS BANK,PORTERFIELD,,,failure,1
,1934-09-13,FARMERS STATE BANK OF BONGARDS,BONGARDS,,,failure,1
,1934-08-06,BANK OF LEWISPORT,LEWISPORT,,,failure,1
,1934-07-18,FIRST NATIONAL BANK OF LIMA,LIMA,,,failure,1
,1934-07-18,FLORENCE DEPOSIT BANK,FLORENCE,,,failure,1
,1934-05-28,FON DU LAC STATE BANK,EAST PEORIA,,,failure,1
,1934-04-19,BANK OF AMERICA TRUST CO.,PITTSBURGH,,,failure,1
