bank_id,quarter_end_date,fdic_cert_number,n_scored,n_negative,n_positive,neg_share,pos_share,mean_p_negative,mean_p_positive,threshold,model_version
abcb,2020-03-31,20504,22,0,9,0.0,0.4091,0.0179,0.3686,0.5,finbert-ft-2026-08-09
abcb,2020-06-30,20504,20,0,10,0.0,0.5,0.0121,0.4865,0.5,finbert-ft-2026-08-09
abcb,2020-09-30,20504,28,0,19,0.0,0.6786,0.0139,0.6132,0.5,finbert-ft-2026-08-09
abcb,2020-12-31,20504,7,0,3,0.0,0.4286,0.0078,0.3849,0.5,finbert-ft-2026-08-09
abcb,2021-03-31,20504,13,0,8,0.0,0.6154,0.014,0.519,0.5,finbert-ft-2026-08-09
abcb,2021-06-30,20504,22,0,11,0.0,0.5,0.0108,0.4851,0.5,finbert-ft-2026-08-09
abcb,2021-09-30,20504,11,0,6,0.0,0.5455,0.0168,0.5463,0.5,finbert-ft-2026-08-09
abcb,2021-12-31,20504,11,0,9,0.0,0.8182,0.0154,0.7806,0.5,finbert-ft-2026-08-09
abcb,2022-03-31,20504,21,2,8,0.0952,0.381,0.094,0.4327,0.5,finbert-ft-2026-08-09
abcb,2022-06-30,20504,30,1,16,0.0333,0.5333,0.0391,0.4907,0.5,finbert-ft-2026-08-09
abcb,2022-09-30,20504,19,1,5,0.0526,0.2632,0.0624,0.3274,0.5,finbert-ft-2026-08-09
abcb,2022-12-31,20504,7,0,3,0.0,0.4286,0.0174,0.452,0.5,finbert-ft-2026-08-09
abcb,2023-03-31,20504,16,1,5,0.0625,0.3125,0.0953,0.377,0.5,finbert-ft-2026-08-09
abcb,2023-06-30,20504,60,5,13,0.0833,0.2167,0.0949,0.2087,0.5,finbert-ft-2026-08-09
abcb,2023-09-30,20504,33,1,6,0.0303,0.1818,0.0407,0.2283,0.5,finbert-ft-2026-08-09
abcb,2023-12-31,20504,85,2,53,0.0235,0.6235,0.0918,0.5899,0.5,finbert-ft-2026-08-09
abcb,2024-03-31,20504,47,0,15,0.0,0.3191,0.0169,0.3653,0.5,finbert-ft-2026-08-09
abcb,2024-06-30,20504,49,1,15,0.0204,0.3061,0.0393,0.3503,0.5,finbert-ft-2026-08-09
abcb,2024-09-30,20504,61,0,18,0.0,0.2951,0.0175,0.3008,0.5,finbert-ft-2026-08-09
abcb,2024-12-31,20504,47,1,11,0.0213,0.234,0.0455,0.2503,0.5,finbert-ft-2026-08-09
ally,2020-03-31,57803,72,1,8,0.0139,0.1111,0.0297,0.1312,0.5,finbert-ft-2026-08-09
ally,2020-06-30,57803,66,8,13,0.1212,0.197,0.0896,0.2291,0.5,finbert-ft-2026-08-09
ally,2020-09-30,57803,43,3,5,0.0698,0.1163,0.0751,0.1504,0.5,finbert-ft-2026-08-09
ally,2020-12-31,57803,60,0,12,0.0,0.2,0.0163,0.1833,0.5,finbert-ft-2026-08-09
ally,2021-03-31,57803,44,0,5,0.0,0.1136,0.0104,0.1302,0.5,finbert-ft-2026-08-09
ally,2021-06-30,57803,207,0,67,0.0,0.3237,0.0066,0.3711,0.5,finbert-ft-2026-08-09
ally,2021-09-30,57803,47,0,7,0.0,0.1489,0.0226,0.1676,0.5,finbert-ft-2026-08-09
ally,2021-12-31,57803,48,1,5,0.0208,0.1042,0.032,0.1489,0.5,finbert-ft-2026-08-09
ally,2022-03-31,57803,58,2,7,0.0345,0.1207,0.0413,0.1396,0.5,finbert-ft-2026-08-09
ally,2022-06-30,57803,51,2,6,0.0392,0.1176,0.0491,0.143,0.5,finbert-ft-2026-08-09
ally,2022-09-30,57803,34,1,4,0.0294,0.1176,0.03,0.121,0.5,finbert-ft-2026-08-09
ally,2022-12-31,57803,55,9,7,0.1636,0.1273,0.1644,0.1352,0.5,finbert-ft-2026-08-09
ally,2023-03-31,57803,79,3,20,0.038,0.2532,0.0468,0.2127,0.5,finbert-ft-2026-08-09
ally,2023-06-30,57803,119,5,5,0.042,0.042,0.0576,0.054,0.5,finbert-ft-2026-08-09
ally,2023-09-30,57803,75,3,10,0.04,0.1333,0.0548,0.1411,0.5,finbert-ft-2026-08-09
ally,2023-12-31,57803,115,13,14,0.113,0.1217,0.1192,0.1334,0.5,finbert-ft-2026-08-09
ally,2024-03-31,57803,164,2,19,0.0122,0.1159,0.0221,0.1335,0.5,finbert-ft-2026-08-09
ally,2024-06-30,57803,131,2,14,0.0153,0.1069,0.0329,0.1315,0.5,finbert-ft-2026-08-09
ally,2024-09-30,57803,187,15,16,0.0802,0.0856,0.0965,0.0943,0.5,finbert-ft-2026-08-09
ally,2024-12-31,57803,101,4,8,0.0396,0.0792,0.0573,0.0947,0.5,finbert-ft-2026-08-09
asb,2020-03-31,5296,98,3,19,0.0306,0.1939,0.0727,0.1943,0.5,finbert-ft-2026-08-09
asb,2020-06-30,5296,37,0,19,0.0,0.5135,0.0157,0.4484,0.5,finbert-ft-2026-08-09
asb,2020-09-30,5296,40,7,8,0.175,0.2,0.1915,0.1821,0.5,finbert-ft-2026-08-09
asb,2020-12-31,5296,11,0,5,0.0,0.4545,0.0097,0.4245,0.5,finbert-ft-2026-08-09
asb,2021-03-31,5296,50,1,11,0.02,0.22,0.0369,0.2191,0.5,finbert-ft-2026-08-09
asb,2021-06-30,5296,33,2,9,0.0606,0.2727,0.0694,0.3294,0.5,finbert-ft-2026-08-09
asb,2021-09-30,5296,39,0,17,0.0,0.4359,0.0145,0.4867,0.5,finbert-ft-2026-08-09
asb,2021-12-31,5296,42,2,11,0.0476,0.2619,0.0625,0.3114,0.5,finbert-ft-2026-08-09
asb,2022-03-31,5296,44,2,11,0.0455,0.25,0.0601,0.2644,0.5,finbert-ft-2026-08-09
asb,2022-06-30,5296,53,0,9,0.0,0.1698,0.0167,0.2013,0.5,finbert-ft-2026-08-09
asb,2022-09-30,5296,47,10,13,0.2128,0.2766,0.2247,0.2583,0.5,finbert-ft-2026-08-09
asb,2022-12-31,5296,39,2,14,0.0513,0.359,0.0644,0.3372,0.5,finbert-ft-2026-08-09
asb,2023-03-31,5296,23,0,8,0.0,0.3478,0.0287,0.3323,0.5,finbert-ft-2026-08-09
asb,2023-06-30,5296,54,0,11,0.0,0.2037,0.0178,0.2282,0.5,finbert-ft-2026-08-09
asb,2023-09-30,5296,71,13,9,0.1831,0.1268,0.1833,0.1321,0.5,finbert-ft-2026-08-09
asb,2023-12-31,5296,32,4,8,0.125,0.25,0.1254,0.2522,0.5,finbert-ft-2026-08-09
asb,2024-03-31,5296,53,1,14,0.0189,0.2642,0.0429,0.26,0.5,finbert-ft-2026-08-09
asb,2024-06-30,5296,47,2,8,0.0426,0.1702,0.0411,0.189,0.5,finbert-ft-2026-08-09
asb,2024-09-30,5296,62,2,7,0.0323,0.1129,0.0397,0.1523,0.5,finbert-ft-2026-08-09
asb,2024-12-31,5296,49,0,17,0.0,0.3469,0.0512,0.3408,0.5,finbert-ft-2026-08-09
aub,2020-03-31,34589,19,0,7,0.0,0.3684,0.0173,0.3785,0.5,finbert-ft-2026-08-09
aub,2020-06-30,34589,28,1,12,0.0357,0.4286,0.0453,0.4304,0.5,finbert-ft-2026-08-09
aub,2020-09-30,34589,14,1,8,0.0714,0.5714,0.079,0.5437,0.5,finbert-ft-2026-08-09
aub,2020-12-31,34589,9,1,6,0.1111,0.6667,0.1174,0.6242,0.5,finbert-ft-2026-08-09
aub,2021-03-31,34589,13,0,8,0.0,0.6154,0.0442,0.5826,0.5,finbert-ft-2026-08-09
aub,2021-06-30,34589,15,0,8,0.0,0.5333,0.023,0.5476,0.5,finbert-ft-2026-08-09
aub,2021-09-30,34589,10,0,6,0.0,0.6,0.0392,0.5932,0.5,finbert-ft-2026-08-09
aub,2021-12-31,34589,21,0,14,0.0,0.6667,0.0142,0.694,0.5,finbert-ft-2026-08-09
aub,2022-03-31,34589,17,0,10,0.0,0.5882,0.0101,0.5447,0.5,finbert-ft-2026-08-09
aub,2022-06-30,34589,18,0,11,0.0,0.6111,0.0108,0.5997,0.5,finbert-ft-2026-08-09
aub,2022-09-30,34589,11,0,8,0.0,0.7273,0.01,0.7213,0.5,finbert-ft-2026-08-09
aub,2022-12-31,34589,6,0,5,0.0,0.8333,0.0103,0.7831,0.5,finbert-ft-2026-08-09
aub,2023-03-31,34589,22,0,14,0.0,0.6364,0.0153,0.6097,0.5,finbert-ft-2026-08-09
aub,2023-06-30,34589,14,1,9,0.0714,0.6429,0.0808,0.6125,0.5,finbert-ft-2026-08-09
aub,2023-09-30,34589,25,2,18,0.08,0.72,0.0675,0.6517,0.5,finbert-ft-2026-08-09
aub,2023-12-31,34589,26,7,7,0.2692,0.2692,0.2679,0.2959,0.5,finbert-ft-2026-08-09
aub,2024-03-31,34589,26,1,20,0.0385,0.7692,0.0382,0.7576,0.5,finbert-ft-2026-08-09
aub,2024-06-30,34589,26,0,12,0.0,0.4615,0.0236,0.4445,0.5,finbert-ft-2026-08-09
aub,2024-09-30,34589,8,0,5,0.0,0.625,0.0219,0.6111,0.5,finbert-ft-2026-08-09
aub,2024-12-31,34589,21,0,9,0.0,0.4286,0.0592,0.4102,0.5,finbert-ft-2026-08-09
ax,2020-03-31,35546,25,1,6,0.04,0.24,0.0605,0.2337,0.5,finbert-ft-2026-08-09
ax,2020-06-30,35546,27,1,5,0.037,0.1852,0.0335,0.1993,0.5,finbert-ft-2026-08-09
ax,2020-09-30,35546,28,0,16,0.0,0.5714,0.0062,0.5199,0.5,finbert-ft-2026-08-09
ax,2020-12-31,35546,10,0,3,0.0,0.3,0.0102,0.2985,0.5,finbert-ft-2026-08-09
ax,2021-03-31,35546,19,0,10,0.0,0.5263,0.01,0.504,0.5,finbert-ft-2026-08-09
ax,2021-06-30,35546,13,0,3,0.0,0.2308,0.0162,0.2581,0.5,finbert-ft-2026-08-09
ax,2021-09-30,35546,13,0,5,0.0,0.3846,0.0192,0.3883,0.5,finbert-ft-2026-08-09
ax,2021-12-31,35546,15,0,9,0.0,0.6,0.0127,0.6095,0.5,finbert-ft-2026-08-09
ax,2022-03-31,35546,24,0,6,0.0,0.25,0.0248,0.2724,0.5,finbert-ft-2026-08-09
ax,2022-06-30,35546,34,3,3,0.0882,0.0882,0.0891,0.1019,0.5,finbert-ft-2026-08-09
ax,2022-09-30,35546,15,0,4,0.0,0.2667,0.0103,0.2872,0.5,finbert-ft-2026-08-09
ax,2022-12-31,35546,6,0,3,0.0,0.5,0.009,0.4741,0.5,finbert-ft-2026-08-09
ax,2023-03-31,35546,16,0,5,0.0,0.3125,0.0081,0.2838,0.5,finbert-ft-2026-08-09
ax,2023-06-30,35546,101,0,13,0.0,0.1287,0.0312,0.1362,0.5,finbert-ft-2026-08-09
ax,2023-09-30,35546,66,1,5,0.0152,0.0758,0.054,0.0818,0.5,finbert-ft-2026-08-09
ax,2023-12-31,35546,43,0,12,0.0,0.2791,0.0175,0.2826,0.5,finbert-ft-2026-08-09
ax,2024-03-31,35546,50,1,9,0.02,0.18,0.0262,0.1967,0.5,finbert-ft-2026-08-09
ax,2024-06-30,35546,105,12,7,0.1143,0.0667,0.1168,0.081,0.5,finbert-ft-2026-08-09
ax,2024-09-30,35546,91,6,5,0.0659,0.0549,0.0771,0.0656,0.5,finbert-ft-2026-08-09
ax,2024-12-31,35546,41,0,3,0.0,0.0732,0.0238,0.09,0.5,finbert-ft-2026-08-09
axp,2020-03-31,27471,941,18,40,0.0191,0.0425,0.0308,0.0683,0.5,finbert-ft-2026-08-09
axp,2020-06-30,27471,962,37,63,0.0385,0.0655,0.0523,0.1005,0.5,finbert-ft-2026-08-09
axp,2020-09-30,27471,852,17,52,0.02,0.061,0.0297,0.0962,0.5,finbert-ft-2026-08-09
axp,2020-12-31,27471,474,12,11,0.0253,0.0232,0.0388,0.0605,0.5,finbert-ft-2026-08-09
axp,2021-03-31,27471,961,31,35,0.0323,0.0364,0.0452,0.0588,0.5,finbert-ft-2026-08-09
axp,2021-06-30,27471,688,43,39,0.0625,0.0567,0.0813,0.0861,0.5,finbert-ft-2026-08-09
axp,2021-09-30,27471,714,10,55,0.014,0.077,0.0205,0.1133,0.5,finbert-ft-2026-08-09
axp,2021-12-31,27471,479,14,46,0.0292,0.096,0.0361,0.13,0.5,finbert-ft-2026-08-09
axp,2022-03-31,27471,688,52,40,0.0756,0.0581,0.0752,0.081,0.5,finbert-ft-2026-08-09
axp,2022-06-30,27471,556,13,25,0.0234,0.045,0.0546,0.0837,0.5,finbert-ft-2026-08-09
axp,2022-09-30,27471,554,31,22,0.056,0.0397,0.0606,0.0663,0.5,finbert-ft-2026-08-09
axp,2022-12-31,27471,471,25,35,0.0531,0.0743,0.1045,0.094,0.5,finbert-ft-2026-08-09
axp,2023-03-31,27471,745,87,42,0.1168,0.0564,0.1209,0.081,0.5,finbert-ft-2026-08-09
axp,2023-06-30,27471,1276,30,50,0.0235,0.0392,0.034,0.0627,0.5,finbert-ft-2026-08-09
axp,2023-09-30,27471,1550,42,53,0.0271,0.0342,0.037,0.0542,0.5,finbert-ft-2026-08-09
axp,2023-12-31,27471,1060,20,66,0.0189,0.0623,0.0267,0.0901,0.5,finbert-ft-2026-08-09
axp,2024-03-31,27471,1790,22,74,0.0123,0.0413,0.0241,0.0604,0.5,finbert-ft-2026-08-09
axp,2024-06-30,27471,1532,27,88,0.0176,0.0574,0.023,0.0851,0.5,finbert-ft-2026-08-09
axp,2024-09-30,27471,1106,52,69,0.047,0.0624,0.0577,0.0807,0.5,finbert-ft-2026-08-09
axp,2024-12-31,27471,908,14,66,0.0154,0.0727,0.0246,0.0936,0.5,finbert-ft-2026-08-09
bac,2020-03-31,3510,1317,104,150,0.079,0.1139,0.0861,0.1387,0.5,finbert-ft-2026-08-09
bac,2020-06-30,3510,1502,106,191,0.0706,0.1272,0.0806,0.16,0.5,finbert-ft-2026-08-09
bac,2020-09-30,3510,1583,165,261,0.1042,0.1649,0.1224,0.1877,0.5,finbert-ft-2026-08-09
bac,2020-12-31,3510,1036,148,99,0.1429,0.0956,0.1486,0.1259,0.5,finbert-ft-2026-08-09
bac,2021-03-31,3510,1560,165,158,0.1058,0.1013,0.1121,0.1253,0.5,finbert-ft-2026-08-09
bac,2021-06-30,3510,1614,92,314,0.057,0.1945,0.0659,0.2195,0.5,finbert-ft-2026-08-09
bac,2021-09-30,3510,1012,58,152,0.0573,0.1502,0.0729,0.1825,0.5,finbert-ft-2026-08-09
bac,2021-12-31,3510,1165,64,209,0.0549,0.1794,0.0659,0.191,0.5,finbert-ft-2026-08-09
bac,2022-03-31,3510,1605,68,297,0.0424,0.185,0.0576,0.207,0.5,finbert-ft-2026-08-09
bac,2022-06-30,3510,1441,113,183,0.0784,0.127,0.0925,0.1532,0.5,finbert-ft-2026-08-09
bac,2022-09-30,3510,1600,147,155,0.0919,0.0969,0.1121,0.1294,0.5,finbert-ft-2026-08-09
bac,2022-12-31,3510,1354,99,212,0.0731,0.1566,0.0841,0.1765,0.5,finbert-ft-2026-08-09
bac,2023-03-31,3510,1594,117,175,0.0734,0.1098,0.0935,0.1291,0.5,finbert-ft-2026-08-09
bac,2023-06-30,3510,3817,145,310,0.038,0.0812,0.0533,0.1126,0.5,finbert-ft-2026-08-09
bac,2023-09-30,3510,4183,521,460,0.1246,0.11,0.132,0.1333,0.5,finbert-ft-2026-08-09
bac,2023-12-31,3510,2741,295,253,0.1076,0.0923,0.1205,0.1128,0.5,finbert-ft-2026-08-09
bac,2024-03-31,3510,2632,131,169,0.0498,0.0642,0.0654,0.0969,0.5,finbert-ft-2026-08-09
bac,2024-06-30,3510,3426,151,223,0.0441,0.0651,0.0549,0.0969,0.5,finbert-ft-2026-08-09
bac,2024-09-30,3510,3161,112,209,0.0354,0.0661,0.0493,0.0931,0.5,finbert-ft-2026-08-09
bac,2024-12-31,3510,2571,412,184,0.1602,0.0716,0.15,0.0935,0.5,finbert-ft-2026-08-09
banc,2020-03-31,24045,28,0,4,0.0,0.1429,0.0225,0.1536,0.5,finbert-ft-2026-08-09
banc,2020-06-30,24045,31,0,3,0.0,0.0968,0.0113,0.1462,0.5,finbert-ft-2026-08-09
banc,2020-09-30,24045,15,0,2,0.0,0.1333,0.0106,0.1612,0.5,finbert-ft-2026-08-09
banc,2020-12-31,24045,11,0,3,0.0,0.2727,0.0109,0.2921,0.5,finbert-ft-2026-08-09
banc,2021-03-31,24045,28,0,12,0.0,0.4286,0.0286,0.4326,0.5,finbert-ft-2026-08-09
banc,2021-06-30,24045,25,0,4,0.0,0.16,0.02,0.2311,0.5,finbert-ft-2026-08-09
banc,2021-09-30,24045,24,0,4,0.0,0.1667,0.0193,0.2045,0.5,finbert-ft-2026-08-09
banc,2021-12-31,24045,19,0,7,0.0,0.3684,0.0296,0.435,0.5,finbert-ft-2026-08-09
banc,2022-03-31,24045,27,0,10,0.0,0.3704,0.0092,0.3748,0.5,finbert-ft-2026-08-09
banc,2022-06-30,24045,30,0,6,0.0,0.2,0.0108,0.2336,0.5,finbert-ft-2026-08-09
banc,2022-09-30,24045,28,0,7,0.0,0.25,0.0098,0.2442,0.5,finbert-ft-2026-08-09
banc,2022-12-31,24045,20,0,8,0.0,0.4,0.0126,0.3431,0.5,finbert-ft-2026-08-09
banc,2023-03-31,24045,27,0,7,0.0,0.2593,0.0265,0.276,0.5,finbert-ft-2026-08-09
banc,2023-06-30,24045,76,0,6,0.0,0.0789,0.0135,0.0932,0.5,finbert-ft-2026-08-09
banc,2023-09-30,24045,191,30,57,0.1571,0.2984,0.1513,0.3023,0.5,finbert-ft-2026-08-09
banc,2023-12-31,24045,84,4,36,0.0476,0.4286,0.0568,0.4386,0.5,finbert-ft-2026-08-09
banc,2024-03-31,24045,54,9,4,0.1667,0.0741,0.1672,0.0976,0.5,finbert-ft-2026-08-09
banc,2024-06-30,24045,61,2,10,0.0328,0.1639,0.0493,0.1749,0.5,finbert-ft-2026-08-09
banc,2024-09-30,24045,97,7,15,0.0722,0.1546,0.0756,0.1621,0.5,finbert-ft-2026-08-09
banc,2024-12-31,24045,45,0,8,0.0,0.1778,0.0117,0.1942,0.5,finbert-ft-2026-08-09
banf,2020-03-31,27476,28,0,6,0.0,0.2143,0.0076,0.2034,0.5,finbert-ft-2026-08-09
banf,2020-06-30,27476,13,1,4,0.0769,0.3077,0.1113,0.3091,0.5,finbert-ft-2026-08-09
banf,2020-09-30,27476,25,0,2,0.0,0.08,0.0113,0.1177,0.5,finbert-ft-2026-08-09
banf,2020-12-31,27476,12,0,7,0.0,0.5833,0.0108,0.551,0.5,finbert-ft-2026-08-09
banf,2021-03-31,27476,21,0,9,0.0,0.4286,0.0066,0.4003,0.5,finbert-ft-2026-08-09
banf,2021-06-30,27476,15,0,5,0.0,0.3333,0.0091,0.338,0.5,finbert-ft-2026-08-09
banf,2021-09-30,27476,22,0,6,0.0,0.2727,0.0239,0.273,0.5,finbert-ft-2026-08-09
banf,2021-12-31,27476,15,0,5,0.0,0.3333,0.0101,0.3323,0.5,finbert-ft-2026-08-09
banf,2022-03-31,27476,19,0,7,0.0,0.3684,0.0098,0.3572,0.5,finbert-ft-2026-08-09
banf,2022-06-30,27476,30,0,4,0.0,0.1333,0.0098,0.149,0.5,finbert-ft-2026-08-09
banf,2022-09-30,27476,23,0,4,0.0,0.1739,0.0108,0.1698,0.5,finbert-ft-2026-08-09
banf,2022-12-31,27476,15,0,4,0.0,0.2667,0.0102,0.2967,0.5,finbert-ft-2026-08-09
banf,2023-03-31,27476,14,0,5,0.0,0.3571,0.01,0.3531,0.5,finbert-ft-2026-08-09
banf,2023-06-30,27476,54,0,5,0.0,0.0926,0.0081,0.1208,0.5,finbert-ft-2026-08-09
banf,2023-09-30,27476,31,0,6,0.0,0.1935,0.0223,0.2061,0.5,finbert-ft-2026-08-09
banf,2023-12-31,27476,24,0,7,0.0,0.2917,0.0113,0.287,0.5,finbert-ft-2026-08-09
banf,2024-03-31,27476,52,0,3,0.0,0.0577,0.0084,0.0886,0.5,finbert-ft-2026-08-09
banf,2024-06-30,27476,49,0,6,0.0,0.1224,0.0203,0.1639,0.5,finbert-ft-2026-08-09
banf,2024-09-30,27476,58,0,12,0.0,0.2069,0.0195,0.217,0.5,finbert-ft-2026-08-09
banf,2024-12-31,27476,48,0,9,0.0,0.1875,0.0083,0.1815,0.5,finbert-ft-2026-08-09
banr,2020-03-31,28489,2,0,1,0.0,0.5,0.0077,0.4744,0.5,finbert-ft-2026-08-09
banr,2020-06-30,28489,8,0,7,0.0,0.875,0.0063,0.8174,0.5,finbert-ft-2026-08-09
banr,2020-09-30,28489,4,0,3,0.0,0.75,0.0068,0.7034,0.5,finbert-ft-2026-08-09
banr,2020-12-31,28489,4,0,3,0.0,0.75,0.0068,0.7008,0.5,finbert-ft-2026-08-09
banr,2021-03-31,28489,5,0,3,0.0,0.6,0.0077,0.5717,0.5,finbert-ft-2026-08-09
banr,2021-06-30,28489,3,0,2,0.0,0.6667,0.0071,0.6318,0.5,finbert-ft-2026-08-09
banr,2021-09-30,28489,3,0,2,0.0,0.6667,0.0071,0.63,0.5,finbert-ft-2026-08-09
banr,2021-12-31,28489,4,0,3,0.0,0.75,0.0069,0.7058,0.5,finbert-ft-2026-08-09
banr,2022-03-31,28489,3,0,2,0.0,0.6667,0.0073,0.6297,0.5,finbert-ft-2026-08-09
banr,2022-06-30,28489,3,0,2,0.0,0.6667,0.0071,0.6318,0.5,finbert-ft-2026-08-09
banr,2022-09-30,28489,2,0,1,0.0,0.5,0.0077,0.476,0.5,finbert-ft-2026-08-09
banr,2022-12-31,28489,2,0,1,0.0,0.5,0.0077,0.4761,0.5,finbert-ft-2026-08-09
banr,2023-03-31,28489,3,0,2,0.0,0.6667,0.0074,0.6308,0.5,finbert-ft-2026-08-09
banr,2023-06-30,28489,3,0,2,0.0,0.6667,0.0071,0.6317,0.5,finbert-ft-2026-08-09
banr,2023-09-30,28489,3,0,2,0.0,0.6667,0.0072,0.6287,0.5,finbert-ft-2026-08-09
banr,2023-12-31,28489,3,0,2,0.0,0.6667,0.0073,0.6286,0.5,finbert-ft-2026-08-09
banr,2024-03-31,28489,2,0,1,0.0,0.5,0.008,0.4783,0.5,finbert-ft-2026-08-09
banr,2024-06-30,28489,4,0,3,0.0,0.75,0.0069,0.7086,0.5,finbert-ft-2026-08-09
banr,2024-09-30,28489,4,0,3,0.0,0.75,0.0071,0.7084,0.5,finbert-ft-2026-08-09
banr,2024-12-31,28489,2,0,1,0.0,0.5,0.0077,0.478,0.5,finbert-ft-2026-08-09
bku,2020-03-31,58979,25,2,4,0.08,0.16,0.0829,0.181,0.5,finbert-ft-2026-08-09
bku,2020-06-30,58979,21,1,11,0.0476,0.5238,0.0501,0.5166,0.5,finbert-ft-2026-08-09
bku,2020-09-30,58979,23,0,5,0.0,0.2174,0.0087,0.2391,0.5,finbert-ft-2026-08-09
bku,2020-12-31,58979,4,0,2,0.0,0.5,0.0123,0.5977,0.5,finbert-ft-2026-08-09
bku,2021-03-31,58979,11,0,3,0.0,0.2727,0.0472,0.2955,0.5,finbert-ft-2026-08-09
bku,2021-06-30,58979,7,0,3,0.0,0.4286,0.0214,0.4391,0.5,finbert-ft-2026-08-09
bku,2021-09-30,58979,9,0,1,0.0,0.1111,0.0216,0.1941,0.5,finbert-ft-2026-08-09
bku,2021-12-31,58979,9,0,3,0.0,0.3333,0.012,0.3473,0.5,finbert-ft-2026-08-09
bku,2022-03-31,58979,10,0,3,0.0,0.3,0.0101,0.3252,0.5,finbert-ft-2026-08-09
bku,2022-06-30,58979,22,0,6,0.0,0.2727,0.0144,0.2942,0.5,finbert-ft-2026-08-09
bku,2022-09-30,58979,11,0,3,0.0,0.2727,0.0104,0.2797,0.5,finbert-ft-2026-08-09
bku,2022-12-31,58979,11,0,4,0.0,0.3636,0.0108,0.3704,0.5,finbert-ft-2026-08-09
bku,2023-03-31,58979,11,0,7,0.0,0.6364,0.0111,0.5774,0.5,finbert-ft-2026-08-09
bku,2023-06-30,58979,73,7,10,0.0959,0.137,0.1037,0.1705,0.5,finbert-ft-2026-08-09
bku,2023-09-30,58979,42,0,8,0.0,0.1905,0.0221,0.1763,0.5,finbert-ft-2026-08-09
bku,2023-12-31,58979,40,3,7,0.075,0.175,0.0912,0.1822,0.5,finbert-ft-2026-08-09
bku,2024-03-31,58979,41,2,6,0.0488,0.1463,0.0546,0.1531,0.5,finbert-ft-2026-08-09
bku,2024-06-30,58979,62,1,17,0.0161,0.2742,0.0272,0.2883,0.5,finbert-ft-2026-08-09
bku,2024-09-30,58979,77,0,11,0.0,0.1429,0.0121,0.1621,0.5,finbert-ft-2026-08-09
bku,2024-12-31,58979,33,0,3,0.0,0.0909,0.012,0.1229,0.5,finbert-ft-2026-08-09
bny,2020-03-31,639,212,8,28,0.0377,0.1321,0.046,0.1724,0.5,finbert-ft-2026-08-09
bny,2020-06-30,639,222,2,30,0.009,0.1351,0.0174,0.1676,0.5,finbert-ft-2026-08-09
bny,2020-09-30,639,231,4,20,0.0173,0.0866,0.0311,0.1421,0.5,finbert-ft-2026-08-09
bny,2020-12-31,639,116,4,13,0.0345,0.1121,0.0438,0.1519,0.5,finbert-ft-2026-08-09
bny,2021-03-31,639,275,5,36,0.0182,0.1309,0.0234,0.1759,0.5,finbert-ft-2026-08-09
bny,2021-06-30,639,216,4,27,0.0185,0.125,0.0298,0.1567,0.5,finbert-ft-2026-08-09
bny,2021-09-30,639,179,1,26,0.0056,0.1453,0.0151,0.1793,0.5,finbert-ft-2026-08-09
bny,2021-12-31,639,196,3,34,0.0153,0.1735,0.0291,0.2071,0.5,finbert-ft-2026-08-09
bny,2022-03-31,639,308,15,35,0.0487,0.1136,0.0624,0.1445,0.5,finbert-ft-2026-08-09
bny,2022-06-30,639,217,20,26,0.0922,0.1198,0.0887,0.1417,0.5,finbert-ft-2026-08-09
bny,2022-09-30,639,170,4,19,0.0235,0.1118,0.0354,0.1558,0.5,finbert-ft-2026-08-09
bny,2022-12-31,639,159,5,15,0.0314,0.0943,0.0556,0.1341,0.5,finbert-ft-2026-08-09
bny,2023-03-31,639,221,13,19,0.0588,0.086,0.0641,0.1156,0.5,finbert-ft-2026-08-09
bny,2023-06-30,639,499,9,66,0.018,0.1323,0.028,0.1531,0.5,finbert-ft-2026-08-09
bny,2023-09-30,639,411,8,61,0.0195,0.1484,0.0383,0.1639,0.5,finbert-ft-2026-08-09
bny,2023-12-31,639,485,5,74,0.0103,0.1526,0.0237,0.1738,0.5,finbert-ft-2026-08-09
bny,2024-03-31,639,538,7,55,0.013,0.1022,0.0281,0.1307,0.5,finbert-ft-2026-08-09
bny,2024-06-30,639,451,4,80,0.0089,0.1774,0.018,0.1964,0.5,finbert-ft-2026-08-09
bny,2024-09-30,639,845,7,68,0.0083,0.0805,0.0235,0.1056,0.5,finbert-ft-2026-08-09
bny,2024-12-31,639,253,3,37,0.0119,0.1462,0.0199,0.1712,0.5,finbert-ft-2026-08-09
boh,2020-03-31,18053,75,5,13,0.0667,0.1733,0.081,0.1983,0.5,finbert-ft-2026-08-09
boh,2020-06-30,18053,56,1,12,0.0179,0.2143,0.0326,0.2546,0.5,finbert-ft-2026-08-09
boh,2020-09-30,18053,38,5,4,0.1316,0.1053,0.1452,0.1232,0.5,finbert-ft-2026-08-09
boh,2020-12-31,18053,17,1,4,0.0588,0.2353,0.0685,0.2394,0.5,finbert-ft-2026-08-09
boh,2021-03-31,18053,29,1,5,0.0345,0.1724,0.0499,0.1825,0.5,finbert-ft-2026-08-09
boh,2021-06-30,18053,39,0,18,0.0,0.4615,0.0262,0.4416,0.5,finbert-ft-2026-08-09
boh,2021-09-30,18053,33,0,12,0.0,0.3636,0.0295,0.3528,0.5,finbert-ft-2026-08-09
boh,2021-12-31,18053,24,0,11,0.0,0.4583,0.0385,0.3892,0.5,finbert-ft-2026-08-09
boh,2022-03-31,18053,41,0,17,0.0,0.4146,0.0267,0.3937,0.5,finbert-ft-2026-08-09
boh,2022-06-30,18053,55,1,17,0.0182,0.3091,0.0504,0.2976,0.5,finbert-ft-2026-08-09
boh,2022-09-30,18053,44,1,11,0.0227,0.25,0.0499,0.2269,0.5,finbert-ft-2026-08-09
boh,2022-12-31,18053,28,3,10,0.1071,0.3571,0.1195,0.3348,0.5,finbert-ft-2026-08-09
boh,2023-03-31,18053,25,2,11,0.08,0.44,0.0832,0.4329,0.5,finbert-ft-2026-08-09
boh,2023-06-30,18053,146,9,20,0.0616,0.137,0.074,0.15,0.5,finbert-ft-2026-08-09
boh,2023-09-30,18053,132,4,25,0.0303,0.1894,0.041,0.2007,0.5,finbert-ft-2026-08-09
boh,2023-12-31,18053,88,0,13,0.0,0.1477,0.0207,0.1542,0.5,finbert-ft-2026-08-09
boh,2024-03-31,18053,58,2,19,0.0345,0.3276,0.059,0.3076,0.5,finbert-ft-2026-08-09
boh,2024-06-30,18053,62,9,8,0.1452,0.129,0.1571,0.1514,0.5,finbert-ft-2026-08-09
boh,2024-09-30,18053,73,4,10,0.0548,0.137,0.0744,0.1685,0.5,finbert-ft-2026-08-09
boh,2024-12-31,18053,50,0,14,0.0,0.28,0.0154,0.2849,0.5,finbert-ft-2026-08-09
bokf,2020-03-31,4214,24,0,4,0.0,0.1667,0.0093,0.1677,0.5,finbert-ft-2026-08-09
bokf,2020-06-30,4214,14,1,6,0.0714,0.4286,0.074,0.3728,0.5,finbert-ft-2026-08-09
bokf,2020-09-30,4214,8,1,3,0.125,0.375,0.1214,0.3121,0.5,finbert-ft-2026-08-09
bokf,2020-12-31,4214,6,0,3,0.0,0.5,0.0089,0.4599,0.5,finbert-ft-2026-08-09
bokf,2021-03-31,4214,9,0,5,0.0,0.5556,0.007,0.5032,0.5,finbert-ft-2026-08-09
bokf,2021-06-30,4214,8,0,4,0.0,0.5,0.0086,0.454,0.5,finbert-ft-2026-08-09
bokf,2021-09-30,4214,13,0,8,0.0,0.6154,0.0099,0.5286,0.5,finbert-ft-2026-08-09
bokf,2021-12-31,4214,11,0,4,0.0,0.3636,0.0089,0.331,0.5,finbert-ft-2026-08-09
bokf,2022-03-31,4214,18,0,5,0.0,0.2778,0.0078,0.2583,0.5,finbert-ft-2026-08-09
bokf,2022-06-30,4214,31,0,5,0.0,0.1613,0.0096,0.1527,0.5,finbert-ft-2026-08-09
bokf,2022-09-30,4214,25,0,5,0.0,0.2,0.0105,0.2088,0.5,finbert-ft-2026-08-09
bokf,2022-12-31,4214,10,0,5,0.0,0.5,0.0087,0.4485,0.5,finbert-ft-2026-08-09
bokf,2023-03-31,4214,19,0,3,0.0,0.1579,0.0251,0.1616,0.5,finbert-ft-2026-08-09
bokf,2023-06-30,4214,150,0,7,0.0,0.0467,0.0137,0.0619,0.5,finbert-ft-2026-08-09
bokf,2023-09-30,4214,132,2,22,0.0152,0.1667,0.0256,0.1309,0.5,finbert-ft-2026-08-09
bokf,2023-12-31,4214,101,2,5,0.0198,0.0495,0.03,0.1416,0.5,finbert-ft-2026-08-09
bokf,2024-03-31,4214,48,4,7,0.0833,0.1458,0.1114,0.1326,0.5,finbert-ft-2026-08-09
bokf,2024-06-30,4214,141,2,18,0.0142,0.1277,0.0282,0.1337,0.5,finbert-ft-2026-08-09
bokf,2024-09-30,4214,555,0,10,0.0,0.018,0.0088,0.0396,0.5,finbert-ft-2026-08-09
bokf,2024-12-31,4214,61,0,11,0.0,0.1803,0.0082,0.1707,0.5,finbert-ft-2026-08-09
bpop,2020-03-31,34968,7,0,6,0.0,0.8571,0.0081,0.8062,0.5,finbert-ft-2026-08-09
bpop,2020-06-30,34968,6,0,5,0.0,0.8333,0.0083,0.7821,0.5,finbert-ft-2026-08-09
bpop,2020-09-30,34968,3,0,2,0.0,0.6667,0.0101,0.6292,0.5,finbert-ft-2026-08-09
bpop,2020-12-31,34968,3,0,2,0.0,0.6667,0.0101,0.6241,0.5,finbert-ft-2026-08-09
bpop,2021-03-31,34968,3,0,2,0.0,0.6667,0.0103,0.6302,0.5,finbert-ft-2026-08-09
bpop,2021-06-30,34968,8,0,7,0.0,0.875,0.0079,0.8294,0.5,finbert-ft-2026-08-09
bpop,2021-09-30,34968,5,0,3,0.0,0.6,0.0085,0.5768,0.5,finbert-ft-2026-08-09
bpop,2021-12-31,34968,6,1,4,0.1667,0.6667,0.1661,0.6297,0.5,finbert-ft-2026-08-09
bpop,2022-03-31,34968,7,0,6,0.0,0.8571,0.0086,0.8185,0.5,finbert-ft-2026-08-09
bpop,2022-06-30,34968,5,1,3,0.2,0.6,0.1524,0.6126,0.5,finbert-ft-2026-08-09
bpop,2022-09-30,34968,6,0,5,0.0,0.8333,0.0087,0.7959,0.5,finbert-ft-2026-08-09
bpop,2022-12-31,34968,3,0,2,0.0,0.6667,0.0105,0.6374,0.5,finbert-ft-2026-08-09
bpop,2023-03-31,34968,5,0,4,0.0,0.8,0.0091,0.7628,0.5,finbert-ft-2026-08-09
bpop,2023-06-30,34968,4,0,3,0.0,0.75,0.0095,0.7149,0.5,finbert-ft-2026-08-09
bpop,2023-09-30,34968,6,0,5,0.0,0.8333,0.0078,0.6764,0.5,finbert-ft-2026-08-09
bpop,2023-12-31,34968,8,0,6,0.0,0.75,0.0084,0.7746,0.5,finbert-ft-2026-08-09
bpop,2024-03-31,34968,4,0,3,0.0,0.75,0.0097,0.7168,0.5,finbert-ft-2026-08-09
bpop,2024-06-30,34968,4,0,3,0.0,0.75,0.0095,0.7125,0.5,finbert-ft-2026-08-09
bpop,2024-09-30,34968,3,0,2,0.0,0.6667,0.0105,0.6375,0.5,finbert-ft-2026-08-09
bpop,2024-12-31,34968,3,0,2,0.0,0.6667,0.0105,0.6368,0.5,finbert-ft-2026-08-09
buse,2020-03-31,16450,12,0,5,0.0,0.4167,0.0089,0.4078,0.5,finbert-ft-2026-08-09
buse,2020-06-30,16450,18,0,11,0.0,0.6111,0.033,0.5524,0.5,finbert-ft-2026-08-09
buse,2020-09-30,16450,18,3,6,0.1667,0.3333,0.1745,0.3341,0.5,finbert-ft-2026-08-09
buse,2020-12-31,16450,6,1,2,0.1667,0.3333,0.1665,0.317,0.5,finbert-ft-2026-08-09
buse,2021-03-31,16450,10,0,5,0.0,0.5,0.0081,0.5855,0.5,finbert-ft-2026-08-09
buse,2021-06-30,16450,11,0,7,0.0,0.6364,0.008,0.6354,0.5,finbert-ft-2026-08-09
buse,2021-09-30,16450,8,3,2,0.375,0.25,0.3739,0.251,0.5,finbert-ft-2026-08-09
buse,2021-12-31,16450,5,0,3,0.0,0.6,0.0085,0.5627,0.5,finbert-ft-2026-08-09
buse,2022-03-31,16450,4,0,2,0.0,0.5,0.0091,0.4811,0.5,finbert-ft-2026-08-09
buse,2022-06-30,16450,20,0,13,0.0,0.65,0.0193,0.5877,0.5,finbert-ft-2026-08-09
buse,2022-09-30,16450,6,0,2,0.0,0.3333,0.0083,0.3245,0.5,finbert-ft-2026-08-09
buse,2022-12-31,16450,3,0,2,0.0,0.6667,0.0101,0.4617,0.5,finbert-ft-2026-08-09
buse,2023-03-31,16450,5,0,3,0.0,0.6,0.0101,0.43,0.5,finbert-ft-2026-08-09
buse,2023-06-30,16450,11,0,4,0.0,0.3636,0.0134,0.272,0.5,finbert-ft-2026-08-09
buse,2023-09-30,16450,7,0,2,0.0,0.2857,0.0076,0.2896,0.5,finbert-ft-2026-08-09
buse,2023-12-31,16450,13,0,7,0.0,0.5385,0.0097,0.4411,0.5,finbert-ft-2026-08-09
buse,2024-03-31,16450,15,0,3,0.0,0.2,0.0108,0.1854,0.5,finbert-ft-2026-08-09
buse,2024-06-30,16450,87,0,8,0.0,0.092,0.018,0.0958,0.5,finbert-ft-2026-08-09
buse,2024-09-30,16450,41,0,4,0.0,0.0976,0.0157,0.1152,0.5,finbert-ft-2026-08-09
buse,2024-12-31,16450,34,0,11,0.0,0.3235,0.016,0.2923,0.5,finbert-ft-2026-08-09
caty,2020-03-31,18503,21,0,4,0.0,0.1905,0.0203,0.287,0.5,finbert-ft-2026-08-09
caty,2020-06-30,18503,25,0,9,0.0,0.36,0.0115,0.3783,0.5,finbert-ft-2026-08-09
caty,2020-09-30,18503,21,0,3,0.0,0.1429,0.0141,0.1864,0.5,finbert-ft-2026-08-09
caty,2020-12-31,18503,10,0,2,0.0,0.2,0.0142,0.2168,0.5,finbert-ft-2026-08-09
caty,2021-03-31,18503,14,0,4,0.0,0.2857,0.0119,0.3451,0.5,finbert-ft-2026-08-09
caty,2021-06-30,18503,24,0,17,0.0,0.7083,0.0246,0.6609,0.5,finbert-ft-2026-08-09
caty,2021-09-30,18503,14,0,6,0.0,0.4286,0.0623,0.4776,0.5,finbert-ft-2026-08-09
caty,2021-12-31,18503,12,0,1,0.0,0.0833,0.0482,0.2647,0.5,finbert-ft-2026-08-09
caty,2022-03-31,18503,11,0,7,0.0,0.6364,0.0108,0.5809,0.5,finbert-ft-2026-08-09
caty,2022-06-30,18503,20,0,10,0.0,0.5,0.0079,0.5337,0.5,finbert-ft-2026-08-09
caty,2022-09-30,18503,7,0,1,0.0,0.1429,0.0145,0.2034,0.5,finbert-ft-2026-08-09
caty,2022-12-31,18503,12,0,2,0.0,0.1667,0.0097,0.2147,0.5,finbert-ft-2026-08-09
caty,2023-03-31,18503,14,0,7,0.0,0.5,0.0368,0.4046,0.5,finbert-ft-2026-08-09
caty,2023-06-30,18503,62,5,5,0.0806,0.0806,0.0821,0.1207,0.5,finbert-ft-2026-08-09
caty,2023-09-30,18503,37,0,7,0.0,0.1892,0.0103,0.2399,0.5,finbert-ft-2026-08-09
caty,2023-12-31,18503,28,2,8,0.0714,0.2857,0.0982,0.3276,0.5,finbert-ft-2026-08-09
caty,2024-03-31,18503,42,2,14,0.0476,0.3333,0.0751,0.3193,0.5,finbert-ft-2026-08-09
caty,2024-06-30,18503,64,7,14,0.1094,0.2188,0.1349,0.2406,0.5,finbert-ft-2026-08-09
caty,2024-09-30,18503,55,4,10,0.0727,0.1818,0.0866,0.1986,0.5,finbert-ft-2026-08-09
caty,2024-12-31,18503,31,3,6,0.0968,0.1935,0.1104,0.2277,0.5,finbert-ft-2026-08-09
cbsh,2020-03-31,24998,11,0,5,0.0,0.4545,0.0106,0.4062,0.5,finbert-ft-2026-08-09
cbsh,2020-06-30,24998,15,2,7,0.1333,0.4667,0.1445,0.3972,0.5,finbert-ft-2026-08-09
cbsh,2020-09-30,24998,8,0,7,0.0,0.875,0.0308,0.7394,0.5,finbert-ft-2026-08-09
cbsh,2020-12-31,24998,4,0,1,0.0,0.25,0.0131,0.3226,0.5,finbert-ft-2026-08-09
cbsh,2021-03-31,24998,9,0,6,0.0,0.6667,0.0107,0.6516,0.5,finbert-ft-2026-08-09
cbsh,2021-06-30,24998,7,0,4,0.0,0.5714,0.0141,0.6171,0.5,finbert-ft-2026-08-09
cbsh,2021-09-30,24998,3,0,2,0.0,0.6667,0.0107,0.6399,0.5,finbert-ft-2026-08-09
cbsh,2021-12-31,24998,5,0,4,0.0,0.8,0.0156,0.6779,0.5,finbert-ft-2026-08-09
cbsh,2022-03-31,24998,11,0,5,0.0,0.4545,0.0099,0.4419,0.5,finbert-ft-2026-08-09
cbsh,2022-06-30,24998,13,0,8,0.0,0.6154,0.0125,0.5794,0.5,finbert-ft-2026-08-09
cbsh,2022-09-30,24998,7,0,4,0.0,0.5714,0.0104,0.551,0.5,finbert-ft-2026-08-09
cbsh,2022-12-31,24998,9,0,6,0.0,0.6667,0.0167,0.5351,0.5,finbert-ft-2026-08-09
cbsh,2023-03-31,24998,6,0,4,0.0,0.6667,0.0177,0.6387,0.5,finbert-ft-2026-08-09
cbsh,2023-06-30,24998,45,0,11,0.0,0.2444,0.0138,0.2065,0.5,finbert-ft-2026-08-09
cbsh,2023-09-30,24998,25,0,6,0.0,0.24,0.0198,0.2279,0.5,finbert-ft-2026-08-09
cbsh,2023-12-31,24998,27,0,8,0.0,0.2963,0.0199,0.2661,0.5,finbert-ft-2026-08-09
cbsh,2024-03-31,24998,35,0,7,0.0,0.2,0.0116,0.1979,0.5,finbert-ft-2026-08-09
cbsh,2024-06-30,24998,43,0,9,0.0,0.2093,0.0119,0.2078,0.5,finbert-ft-2026-08-09
cbsh,2024-09-30,24998,46,0,4,0.0,0.087,0.0107,0.1134,0.5,finbert-ft-2026-08-09
cbsh,2024-12-31,24998,42,0,6,0.0,0.1429,0.0116,0.1583,0.5,finbert-ft-2026-08-09
cbu,2020-03-31,6989,5,0,4,0.0,0.8,0.0073,0.7676,0.5,finbert-ft-2026-08-09
cbu,2020-06-30,6989,6,0,5,0.0,0.8333,0.0072,0.7951,0.5,finbert-ft-2026-08-09
cbu,2020-09-30,6989,3,0,2,0.0,0.6667,0.008,0.6421,0.5,finbert-ft-2026-08-09
cbu,2020-12-31,6989,4,0,3,0.0,0.75,0.0074,0.7183,0.5,finbert-ft-2026-08-09
cbu,2021-03-31,6989,4,0,3,0.0,0.75,0.0073,0.7214,0.5,finbert-ft-2026-08-09
cbu,2021-06-30,6989,3,0,2,0.0,0.6667,0.008,0.644,0.5,finbert-ft-2026-08-09
cbu,2021-09-30,6989,3,0,2,0.0,0.6667,0.008,0.6441,0.5,finbert-ft-2026-08-09
cbu,2021-12-31,6989,5,0,4,0.0,0.8,0.0073,0.7679,0.5,finbert-ft-2026-08-09
cbu,2022-03-31,6989,3,0,2,0.0,0.6667,0.0076,0.6408,0.5,finbert-ft-2026-08-09
cbu,2022-06-30,6989,6,0,5,0.0,0.8333,0.007,0.7921,0.5,finbert-ft-2026-08-09
cbu,2022-09-30,6989,3,0,2,0.0,0.6667,0.0081,0.6412,0.5,finbert-ft-2026-08-09
cbu,2022-12-31,6989,3,0,2,0.0,0.6667,0.0081,0.6386,0.5,finbert-ft-2026-08-09
cbu,2023-03-31,6989,3,0,2,0.0,0.6667,0.0076,0.6408,0.5,finbert-ft-2026-08-09
cbu,2023-06-30,6989,3,0,2,0.0,0.6667,0.0079,0.6391,0.5,finbert-ft-2026-08-09
cbu,2023-09-30,6989,4,0,3,0.0,0.75,0.0075,0.7162,0.5,finbert-ft-2026-08-09
cbu,2023-12-31,6989,3,0,2,0.0,0.6667,0.0079,0.6391,0.5,finbert-ft-2026-08-09
cbu,2024-03-31,6989,5,0,4,0.0,0.8,0.007,0.7617,0.5,finbert-ft-2026-08-09
cbu,2024-06-30,6989,9,0,4,0.0,0.4444,0.0143,0.4255,0.5,finbert-ft-2026-08-09
cbu,2024-09-30,6989,14,0,8,0.0,0.5714,0.0118,0.5597,0.5,finbert-ft-2026-08-09
cbu,2024-12-31,6989,9,0,6,0.0,0.6667,0.0102,0.6361,0.5,finbert-ft-2026-08-09
cfg,2020-03-31,57957,63,2,18,0.0317,0.2857,0.0272,0.2638,0.5,finbert-ft-2026-08-09
cfg,2020-06-30,57957,87,1,23,0.0115,0.2644,0.0203,0.2507,0.5,finbert-ft-2026-08-09
cfg,2020-09-30,57957,90,2,32,0.0222,0.3556,0.0335,0.3036,0.5,finbert-ft-2026-08-09
cfg,2020-12-31,57957,38,1,8,0.0263,0.2105,0.0342,0.2062,0.5,finbert-ft-2026-08-09
cfg,2021-03-31,57957,57,0,18,0.0,0.3158,0.0145,0.2915,0.5,finbert-ft-2026-08-09
cfg,2021-06-30,57957,79,0,34,0.0,0.4304,0.0106,0.3308,0.5,finbert-ft-2026-08-09
cfg,2021-09-30,57957,47,0,17,0.0,0.3617,0.0177,0.3528,0.5,finbert-ft-2026-08-09
cfg,2021-12-31,57957,39,0,12,0.0,0.3077,0.0145,0.265,0.5,finbert-ft-2026-08-09
cfg,2022-03-31,57957,69,1,15,0.0145,0.2174,0.0271,0.2255,0.5,finbert-ft-2026-08-09
cfg,2022-06-30,57957,52,1,16,0.0192,0.3077,0.0345,0.3069,0.5,finbert-ft-2026-08-09
cfg,2022-09-30,57957,34,1,10,0.0294,0.2941,0.0425,0.2783,0.5,finbert-ft-2026-08-09
cfg,2022-12-31,57957,28,0,10,0.0,0.3571,0.0111,0.3468,0.5,finbert-ft-2026-08-09
cfg,2023-03-31,57957,43,2,4,0.0465,0.093,0.0552,0.1146,0.5,finbert-ft-2026-08-09
cfg,2023-06-30,57957,287,5,14,0.0174,0.0488,0.0328,0.0668,0.5,finbert-ft-2026-08-09
cfg,2023-09-30,57957,169,8,13,0.0473,0.0769,0.0526,0.0829,0.5,finbert-ft-2026-08-09
cfg,2023-12-31,57957,164,2,6,0.0122,0.0366,0.0251,0.0594,0.5,finbert-ft-2026-08-09
cfg,2024-03-31,57957,302,8,16,0.0265,0.053,0.0368,0.0705,0.5,finbert-ft-2026-08-09
cfg,2024-06-30,57957,297,10,19,0.0337,0.064,0.0426,0.0797,0.5,finbert-ft-2026-08-09
cfg,2024-09-30,57957,284,5,12,0.0176,0.0423,0.0258,0.0661,0.5,finbert-ft-2026-08-09
cfg,2024-12-31,57957,137,3,10,0.0219,0.073,0.0364,0.0813,0.5,finbert-ft-2026-08-09
cfr,2020-03-31,5510,36,0,9,0.0,0.25,0.0178,0.2744,0.5,finbert-ft-2026-08-09
cfr,2020-06-30,5510,19,2,4,0.1053,0.2105,0.0978,0.2376,0.5,finbert-ft-2026-08-09
cfr,2020-09-30,5510,14,0,3,0.0,0.2143,0.0643,0.2323,0.5,finbert-ft-2026-08-09
cfr,2020-12-31,5510,17,0,5,0.0,0.2941,0.0077,0.2886,0.5,finbert-ft-2026-08-09
cfr,2021-03-31,5510,26,3,1,0.1154,0.0385,0.1235,0.0534,0.5,finbert-ft-2026-08-09
cfr,2021-06-30,5510,19,0,7,0.0,0.3684,0.0091,0.3584,0.5,finbert-ft-2026-08-09
cfr,2021-09-30,5510,35,0,17,0.0,0.4857,0.0089,0.4145,0.5,finbert-ft-2026-08-09
cfr,2021-12-31,5510,17,0,5,0.0,0.2941,0.0103,0.2849,0.5,finbert-ft-2026-08-09
cfr,2022-03-31,5510,33,1,9,0.0303,0.2727,0.0382,0.3192,0.5,finbert-ft-2026-08-09
cfr,2022-06-30,5510,25,1,3,0.04,0.12,0.0299,0.1533,0.5,finbert-ft-2026-08-09
cfr,2022-09-30,5510,16,0,2,0.0,0.125,0.0083,0.132,0.5,finbert-ft-2026-08-09
cfr,2022-12-31,5510,22,0,6,0.0,0.2727,0.0098,0.2522,0.5,finbert-ft-2026-08-09
cfr,2023-03-31,5510,26,0,4,0.0,0.1538,0.0074,0.1821,0.5,finbert-ft-2026-08-09
cfr,2023-06-30,5510,63,1,13,0.0159,0.2063,0.0218,0.2101,0.5,finbert-ft-2026-08-09
cfr,2023-09-30,5510,87,1,5,0.0115,0.0575,0.0193,0.0734,0.5,finbert-ft-2026-08-09
cfr,2023-12-31,5510,53,1,4,0.0189,0.0755,0.0326,0.0862,0.5,finbert-ft-2026-08-09
cfr,2024-03-31,5510,78,0,7,0.0,0.0897,0.0133,0.1068,0.5,finbert-ft-2026-08-09
cfr,2024-06-30,5510,89,3,9,0.0337,0.1011,0.0468,0.1151,0.5,finbert-ft-2026-08-09
cfr,2024-09-30,5510,105,2,9,0.019,0.0857,0.0283,0.0958,0.5,finbert-ft-2026-08-09
cfr,2024-12-31,5510,85,1,8,0.0118,0.0941,0.0212,0.1067,0.5,finbert-ft-2026-08-09
citi,2020-03-31,7213,1693,103,219,0.0608,0.1294,0.0697,0.1431,0.5,finbert-ft-2026-08-09
citi,2020-06-30,7213,1362,127,118,0.0932,0.0866,0.1052,0.1213,0.5,finbert-ft-2026-08-09
citi,2020-09-30,7213,1937,195,165,0.1007,0.0852,0.1032,0.118,0.5,finbert-ft-2026-08-09
citi,2020-12-31,7213,1093,100,95,0.0915,0.0869,0.0993,0.123,0.5,finbert-ft-2026-08-09
citi,2021-03-31,7213,1808,160,150,0.0885,0.083,0.0993,0.1008,0.5,finbert-ft-2026-08-09
citi,2021-06-30,7213,1542,74,220,0.048,0.1427,0.0611,0.162,0.5,finbert-ft-2026-08-09
citi,2021-09-30,7213,1390,40,160,0.0288,0.1151,0.0391,0.1448,0.5,finbert-ft-2026-08-09
citi,2021-12-31,7213,1218,33,162,0.0271,0.133,0.0425,0.1546,0.5,finbert-ft-2026-08-09
citi,2022-03-31,7213,2038,168,286,0.0824,0.1403,0.092,0.1617,0.5,finbert-ft-2026-08-09
citi,2022-06-30,7213,1532,80,143,0.0522,0.0933,0.06,0.1182,0.5,finbert-ft-2026-08-09
citi,2022-09-30,7213,1746,145,169,0.083,0.0968,0.0889,0.1246,0.5,finbert-ft-2026-08-09
citi,2022-12-31,7213,1145,75,113,0.0655,0.0987,0.0771,0.1182,0.5,finbert-ft-2026-08-09
citi,2023-03-31,7213,1463,64,137,0.0437,0.0936,0.0574,0.1153,0.5,finbert-ft-2026-08-09
citi,2023-06-30,7213,3243,107,216,0.033,0.0666,0.0477,0.0887,0.5,finbert-ft-2026-08-09
citi,2023-09-30,7213,3384,167,194,0.0493,0.0573,0.0604,0.079,0.5,finbert-ft-2026-08-09
citi,2023-12-31,7213,3046,496,200,0.1628,0.0657,0.174,0.0875,0.5,finbert-ft-2026-08-09
citi,2024-03-31,7213,3078,371,184,0.1205,0.0598,0.1277,0.0846,0.5,finbert-ft-2026-08-09
citi,2024-06-30,7213,3158,171,218,0.0541,0.069,0.0682,0.0895,0.5,finbert-ft-2026-08-09
citi,2024-09-30,7213,2813,142,173,0.0505,0.0615,0.0612,0.0857,0.5,finbert-ft-2026-08-09
citi,2024-12-31,7213,2340,46,164,0.0197,0.0701,0.0341,0.088,0.5,finbert-ft-2026-08-09
cof,2020-03-31,4297,273,23,24,0.0842,0.0879,0.0917,0.11,0.5,finbert-ft-2026-08-09
cof,2020-06-30,4297,179,12,16,0.067,0.0894,0.0819,0.1075,0.5,finbert-ft-2026-08-09
cof,2020-09-30,4297,336,128,22,0.381,0.0655,0.3826,0.0773,0.5,finbert-ft-2026-08-09
cof,2020-12-31,4297,236,1,17,0.0042,0.072,0.0175,0.0913,0.5,finbert-ft-2026-08-09
cof,2021-03-31,4297,237,26,19,0.1097,0.0802,0.1166,0.1102,0.5,finbert-ft-2026-08-09
cof,2021-06-30,4297,338,6,39,0.0178,0.1154,0.0349,0.137,0.5,finbert-ft-2026-08-09
cof,2021-09-30,4297,791,20,24,0.0253,0.0303,0.0357,0.0444,0.5,finbert-ft-2026-08-09
cof,2021-12-31,4297,531,11,21,0.0207,0.0395,0.0288,0.0923,0.5,finbert-ft-2026-08-09
cof,2022-03-31,4297,350,7,24,0.02,0.0686,0.0472,0.0926,0.5,finbert-ft-2026-08-09
cof,2022-06-30,4297,316,4,15,0.0127,0.0475,0.0328,0.0641,0.5,finbert-ft-2026-08-09
cof,2022-09-30,4297,169,4,10,0.0237,0.0592,0.0423,0.0904,0.5,finbert-ft-2026-08-09
cof,2022-12-31,4297,189,8,16,0.0423,0.0847,0.0595,0.1071,0.5,finbert-ft-2026-08-09
cof,2023-03-31,4297,178,6,16,0.0337,0.0899,0.0509,0.109,0.5,finbert-ft-2026-08-09
cof,2023-06-30,4297,612,67,27,0.1095,0.0441,0.1124,0.0717,0.5,finbert-ft-2026-08-09
cof,2023-09-30,4297,403,12,25,0.0298,0.062,0.0394,0.0868,0.5,finbert-ft-2026-08-09
cof,2023-12-31,4297,397,6,23,0.0151,0.0579,0.0296,0.0806,0.5,finbert-ft-2026-08-09
cof,2024-03-31,4297,1852,44,390,0.0238,0.2106,0.0357,0.2089,0.5,finbert-ft-2026-08-09
cof,2024-06-30,4297,614,16,23,0.0261,0.0375,0.034,0.0766,0.5,finbert-ft-2026-08-09
cof,2024-09-30,4297,618,14,40,0.0227,0.0647,0.035,0.0811,0.5,finbert-ft-2026-08-09
cof,2024-12-31,4297,383,9,20,0.0235,0.0522,0.0432,0.074,0.5,finbert-ft-2026-08-09
colb,2020-03-31,17266,8,0,4,0.0,0.5,0.0077,0.4836,0.5,finbert-ft-2026-08-09
colb,2020-06-30,17266,8,0,5,0.0,0.625,0.0233,0.5974,0.5,finbert-ft-2026-08-09
colb,2020-09-30,17266,4,0,3,0.0,0.75,0.0088,0.6147,0.5,finbert-ft-2026-08-09
colb,2020-12-31,17266,5,0,3,0.0,0.6,0.0078,0.5741,0.5,finbert-ft-2026-08-09
colb,2021-03-31,17266,2,0,1,0.0,0.5,0.0106,0.4845,0.5,finbert-ft-2026-08-09
colb,2021-06-30,17266,11,0,3,0.0,0.2727,0.0084,0.4062,0.5,finbert-ft-2026-08-09
colb,2021-09-30,17266,3,0,2,0.0,0.6667,0.0092,0.6384,0.5,finbert-ft-2026-08-09
colb,2021-12-31,17266,10,0,5,0.0,0.5,0.017,0.4823,0.5,finbert-ft-2026-08-09
colb,2022-03-31,17266,4,0,3,0.0,0.75,0.0083,0.7151,0.5,finbert-ft-2026-08-09
colb,2022-06-30,17266,8,0,4,0.0,0.5,0.0075,0.4855,0.5,finbert-ft-2026-08-09
colb,2022-09-30,17266,4,0,3,0.0,0.75,0.0083,0.7138,0.5,finbert-ft-2026-08-09
colb,2022-12-31,17266,7,0,5,0.0,0.7143,0.0092,0.6571,0.5,finbert-ft-2026-08-09
colb,2023-03-31,17266,7,0,6,0.0,0.8571,0.0076,0.8152,0.5,finbert-ft-2026-08-09
colb,2023-06-30,17266,34,0,9,0.0,0.2647,0.0074,0.2818,0.5,finbert-ft-2026-08-09
colb,2023-09-30,17266,34,0,4,0.0,0.1176,0.0119,0.1461,0.5,finbert-ft-2026-08-09
colb,2023-12-31,17266,17,0,3,0.0,0.1765,0.0124,0.1939,0.5,finbert-ft-2026-08-09
colb,2024-03-31,17266,42,0,4,0.0,0.0952,0.0094,0.1297,0.5,finbert-ft-2026-08-09
colb,2024-06-30,17266,37,0,5,0.0,0.1351,0.0185,0.1545,0.5,finbert-ft-2026-08-09
colb,2024-09-30,17266,51,0,4,0.0,0.0784,0.0225,0.106,0.5,finbert-ft-2026-08-09
colb,2024-12-31,17266,37,0,4,0.0,0.1081,0.0166,0.148,0.5,finbert-ft-2026-08-09
cubi,2020-03-31,34444,49,1,11,0.0204,0.2245,0.0326,0.2966,0.5,finbert-ft-2026-08-09
cubi,2020-06-30,34444,52,0,24,0.0,0.4615,0.0071,0.4879,0.5,finbert-ft-2026-08-09
cubi,2020-09-30,34444,28,1,5,0.0357,0.1786,0.0514,0.24,0.5,finbert-ft-2026-08-09
cubi,2020-12-31,34444,35,1,16,0.0286,0.4571,0.0348,0.4643,0.5,finbert-ft-2026-08-09
cubi,2021-03-31,34444,51,0,15,0.0,0.2941,0.0093,0.371,0.5,finbert-ft-2026-08-09
cubi,2021-06-30,34444,54,0,31,0.0,0.5741,0.0102,0.6027,0.5,finbert-ft-2026-08-09
cubi,2021-09-30,34444,28,1,19,0.0357,0.6786,0.0459,0.6526,0.5,finbert-ft-2026-08-09
cubi,2021-12-31,34444,24,0,10,0.0,0.4167,0.015,0.3613,0.5,finbert-ft-2026-08-09
cubi,2022-03-31,34444,24,0,10,0.0,0.4167,0.0444,0.3853,0.5,finbert-ft-2026-08-09
cubi,2022-06-30,34444,33,1,10,0.0303,0.303,0.0309,0.3397,0.5,finbert-ft-2026-08-09
cubi,2022-09-30,34444,24,3,8,0.125,0.3333,0.1008,0.3129,0.5,finbert-ft-2026-08-09
cubi,2022-12-31,34444,12,1,7,0.0833,0.5833,0.0927,0.5505,0.5,finbert-ft-2026-08-09
cubi,2023-03-31,34444,22,6,2,0.2727,0.0909,0.2637,0.1403,0.5,finbert-ft-2026-08-09
cubi,2023-06-30,34444,91,1,35,0.011,0.3846,0.0347,0.3847,0.5,finbert-ft-2026-08-09
cubi,2023-09-30,34444,57,0,7,0.0,0.1228,0.02,0.1384,0.5,finbert-ft-2026-08-09
cubi,2023-12-31,34444,39,0,5,0.0,0.1282,0.0269,0.1608,0.5,finbert-ft-2026-08-09
cubi,2024-03-31,34444,59,3,14,0.0508,0.2373,0.0616,0.2407,0.5,finbert-ft-2026-08-09
cubi,2024-06-30,34444,74,6,21,0.0811,0.2838,0.1032,0.2887,0.5,finbert-ft-2026-08-09
cubi,2024-09-30,34444,136,5,25,0.0368,0.1838,0.0679,0.2083,0.5,finbert-ft-2026-08-09
cubi,2024-12-31,34444,153,12,12,0.0784,0.0784,0.1227,0.0948,0.5,finbert-ft-2026-08-09
cvbf,2020-03-31,21716,5,0,4,0.0,0.8,0.0073,0.7605,0.5,finbert-ft-2026-08-09
cvbf,2020-06-30,21716,5,0,4,0.0,0.8,0.0072,0.7599,0.5,finbert-ft-2026-08-09
cvbf,2020-09-30,21716,3,0,2,0.0,0.6667,0.0079,0.6374,0.5,finbert-ft-2026-08-09
cvbf,2020-12-31,21716,4,0,3,0.0,0.75,0.0075,0.7133,0.5,finbert-ft-2026-08-09
cvbf,2021-03-31,21716,5,0,4,0.0,0.8,0.0073,0.763,0.5,finbert-ft-2026-08-09
cvbf,2021-06-30,21716,6,0,5,0.0,0.8333,0.0072,0.7929,0.5,finbert-ft-2026-08-09
cvbf,2021-09-30,21716,5,0,4,0.0,0.8,0.0073,0.7619,0.5,finbert-ft-2026-08-09
cvbf,2021-12-31,21716,4,0,3,0.0,0.75,0.0075,0.7123,0.5,finbert-ft-2026-08-09
cvbf,2022-03-31,21716,7,0,6,0.0,0.8571,0.0071,0.813,0.5,finbert-ft-2026-08-09
cvbf,2022-06-30,21716,5,0,4,0.0,0.8,0.0073,0.7592,0.5,finbert-ft-2026-08-09
cvbf,2022-09-30,21716,4,0,3,0.0,0.75,0.0076,0.7125,0.5,finbert-ft-2026-08-09
cvbf,2022-12-31,21716,3,0,2,0.0,0.6667,0.008,0.6346,0.5,finbert-ft-2026-08-09
cvbf,2023-03-31,21716,5,0,4,0.0,0.8,0.0069,0.7256,0.5,finbert-ft-2026-08-09
cvbf,2023-06-30,21716,5,0,3,0.0,0.6,0.0073,0.5769,0.5,finbert-ft-2026-08-09
cvbf,2023-09-30,21716,4,0,3,0.0,0.75,0.0077,0.712,0.5,finbert-ft-2026-08-09
cvbf,2023-12-31,21716,3,0,2,0.0,0.6667,0.008,0.6342,0.5,finbert-ft-2026-08-09
cvbf,2024-03-31,21716,4,0,2,0.0,0.5,0.0095,0.4783,0.5,finbert-ft-2026-08-09
cvbf,2024-06-30,21716,4,0,3,0.0,0.75,0.0076,0.7116,0.5,finbert-ft-2026-08-09
cvbf,2024-09-30,21716,5,0,4,0.0,0.8,0.0073,0.7595,0.5,finbert-ft-2026-08-09
cvbf,2024-12-31,21716,6,0,5,0.0,0.8333,0.0071,0.79,0.5,finbert-ft-2026-08-09
dcom,2020-03-31,6976,9,0,3,0.0,0.3333,0.01,0.3342,0.5,finbert-ft-2026-08-09
dcom,2020-06-30,6976,11,0,9,0.0,0.8182,0.0064,0.781,0.5,finbert-ft-2026-08-09
dcom,2020-09-30,6976,20,1,9,0.05,0.45,0.1185,0.4052,0.5,finbert-ft-2026-08-09
dcom,2020-12-31,6976,12,0,9,0.0,0.75,0.0071,0.7251,0.5,finbert-ft-2026-08-09
dcom,2021-03-31,6976,8,0,6,0.0,0.75,0.0082,0.7325,0.5,finbert-ft-2026-08-09
dcom,2021-06-30,6976,11,0,9,0.0,0.8182,0.0116,0.7845,0.5,finbert-ft-2026-08-09
dcom,2021-09-30,6976,6,0,5,0.0,0.8333,0.0075,0.7998,0.5,finbert-ft-2026-08-09
dcom,2021-12-31,6976,9,0,7,0.0,0.7778,0.0085,0.7475,0.5,finbert-ft-2026-08-09
dcom,2022-03-31,6976,10,0,6,0.0,0.6,0.0076,0.584,0.5,finbert-ft-2026-08-09
dcom,2022-06-30,6976,18,0,10,0.0,0.5556,0.0082,0.6067,0.5,finbert-ft-2026-08-09
dcom,2022-09-30,6976,7,0,6,0.0,0.8571,0.0072,0.8218,0.5,finbert-ft-2026-08-09
dcom,2022-12-31,6976,7,0,5,0.0,0.7143,0.0076,0.6824,0.5,finbert-ft-2026-08-09
dcom,2023-03-31,6976,9,0,7,0.0,0.7778,0.0077,0.7457,0.5,finbert-ft-2026-08-09
dcom,2023-06-30,6976,27,0,10,0.0,0.3704,0.0117,0.3528,0.5,finbert-ft-2026-08-09
dcom,2023-09-30,6976,23,0,8,0.0,0.3478,0.0107,0.3484,0.5,finbert-ft-2026-08-09
dcom,2023-12-31,6976,11,0,6,0.0,0.5455,0.0328,0.4903,0.5,finbert-ft-2026-08-09
dcom,2024-03-31,6976,16,0,6,0.0,0.375,0.0086,0.3608,0.5,finbert-ft-2026-08-09
dcom,2024-06-30,6976,22,0,13,0.0,0.5909,0.0072,0.5543,0.5,finbert-ft-2026-08-09
dcom,2024-09-30,6976,20,0,9,0.0,0.45,0.0079,0.4366,0.5,finbert-ft-2026-08-09
dcom,2024-12-31,6976,28,0,9,0.0,0.3214,0.0252,0.3377,0.5,finbert-ft-2026-08-09
ebc,2020-09-30,32773,3,0,2,0.0,0.6667,0.0111,0.6443,0.5,finbert-ft-2026-08-09
ebc,2020-12-31,32773,8,0,5,0.0,0.625,0.0089,0.6035,0.5,finbert-ft-2026-08-09
ebc,2021-03-31,32773,10,0,1,0.0,0.1,0.0097,0.1186,0.5,finbert-ft-2026-08-09
ebc,2021-06-30,32773,16,0,8,0.0,0.5,0.0212,0.4931,0.5,finbert-ft-2026-08-09
ebc,2021-09-30,32773,9,0,6,0.0,0.6667,0.0099,0.6441,0.5,finbert-ft-2026-08-09
ebc,2021-12-31,32773,15,0,7,0.0,0.4667,0.017,0.4615,0.5,finbert-ft-2026-08-09
ebc,2022-03-31,32773,12,0,5,0.0,0.4167,0.0095,0.416,0.5,finbert-ft-2026-08-09
ebc,2022-06-30,32773,10,0,3,0.0,0.3,0.0098,0.387,0.5,finbert-ft-2026-08-09
ebc,2022-09-30,32773,8,0,2,0.0,0.25,0.0129,0.2522,0.5,finbert-ft-2026-08-09
ebc,2022-12-31,32773,7,0,3,0.0,0.4286,0.0145,0.4212,0.5,finbert-ft-2026-08-09
ebc,2023-03-31,32773,5,0,1,0.0,0.2,0.0134,0.2079,0.5,finbert-ft-2026-08-09
ebc,2023-06-30,32773,15,0,2,0.0,0.1333,0.0185,0.1475,0.5,finbert-ft-2026-08-09
ebc,2023-09-30,32773,24,0,6,0.0,0.25,0.0522,0.2851,0.5,finbert-ft-2026-08-09
ebc,2023-12-31,32773,31,7,6,0.2258,0.1935,0.2091,0.192,0.5,finbert-ft-2026-08-09
ebc,2024-03-31,32773,28,0,5,0.0,0.1786,0.0129,0.1815,0.5,finbert-ft-2026-08-09
ebc,2024-06-30,32773,29,0,8,0.0,0.2759,0.0168,0.2775,0.5,finbert-ft-2026-08-09
ebc,2024-09-30,32773,38,0,8,0.0,0.2105,0.0114,0.2279,0.5,finbert-ft-2026-08-09
ebc,2024-12-31,32773,19,0,4,0.0,0.2105,0.0116,0.2104,0.5,finbert-ft-2026-08-09
efsc,2020-03-31,27237,14,0,2,0.0,0.1429,0.0096,0.1482,0.5,finbert-ft-2026-08-09
efsc,2020-06-30,27237,15,0,5,0.0,0.3333,0.0081,0.3546,0.5,finbert-ft-2026-08-09
efsc,2020-09-30,27237,9,0,3,0.0,0.3333,0.0073,0.3426,0.5,finbert-ft-2026-08-09
efsc,2020-12-31,27237,12,0,4,0.0,0.3333,0.0085,0.3579,0.5,finbert-ft-2026-08-09
efsc,2021-03-31,27237,6,0,4,0.0,0.6667,0.0072,0.6373,0.5,finbert-ft-2026-08-09
efsc,2021-06-30,27237,19,0,10,0.0,0.5263,0.0183,0.4828,0.5,finbert-ft-2026-08-09
efsc,2021-09-30,27237,21,0,16,0.0,0.7619,0.0097,0.7427,0.5,finbert-ft-2026-08-09
efsc,2021-12-31,27237,12,0,6,0.0,0.5,0.0094,0.4877,0.5,finbert-ft-2026-08-09
efsc,2022-03-31,27237,9,0,4,0.0,0.4444,0.0089,0.4433,0.5,finbert-ft-2026-08-09
efsc,2022-06-30,27237,11,0,6,0.0,0.5455,0.0076,0.5315,0.5,finbert-ft-2026-08-09
efsc,2022-09-30,27237,8,0,2,0.0,0.25,0.0108,0.2593,0.5,finbert-ft-2026-08-09
efsc,2022-12-31,27237,12,0,4,0.0,0.3333,0.01,0.3844,0.5,finbert-ft-2026-08-09
efsc,2023-03-31,27237,17,0,6,0.0,0.3529,0.0726,0.3476,0.5,finbert-ft-2026-08-09
efsc,2023-06-30,27237,60,0,6,0.0,0.1,0.0107,0.1142,0.5,finbert-ft-2026-08-09
efsc,2023-09-30,27237,28,0,3,0.0,0.1071,0.0104,0.1201,0.5,finbert-ft-2026-08-09
efsc,2023-12-31,27237,16,0,4,0.0,0.25,0.0079,0.2231,0.5,finbert-ft-2026-08-09
efsc,2024-03-31,27237,68,1,6,0.0147,0.0882,0.0254,0.0951,0.5,finbert-ft-2026-08-09
efsc,2024-06-30,27237,39,0,6,0.0,0.1538,0.0191,0.1583,0.5,finbert-ft-2026-08-09
efsc,2024-09-30,27237,27,0,5,0.0,0.1852,0.0097,0.1813,0.5,finbert-ft-2026-08-09
efsc,2024-12-31,27237,32,0,4,0.0,0.125,0.01,0.1317,0.5,finbert-ft-2026-08-09
egbn,2020-03-31,34742,36,2,16,0.0556,0.4444,0.0675,0.4661,0.5,finbert-ft-2026-08-09
egbn,2020-06-30,34742,29,1,13,0.0345,0.4483,0.0435,0.4664,0.5,finbert-ft-2026-08-09
egbn,2020-09-30,34742,18,0,7,0.0,0.3889,0.0125,0.4236,0.5,finbert-ft-2026-08-09
egbn,2020-12-31,34742,17,0,8,0.0,0.4706,0.0087,0.52,0.5,finbert-ft-2026-08-09
egbn,2021-03-31,34742,24,1,11,0.0417,0.4583,0.0507,0.5133,0.5,finbert-ft-2026-08-09
egbn,2021-06-30,34742,21,1,14,0.0476,0.6667,0.0612,0.6395,0.5,finbert-ft-2026-08-09
egbn,2021-09-30,34742,30,2,9,0.0667,0.3,0.1346,0.3251,0.5,finbert-ft-2026-08-09
egbn,2021-12-31,34742,23,2,11,0.087,0.4783,0.0972,0.5236,0.5,finbert-ft-2026-08-09
egbn,2022-03-31,34742,27,1,9,0.037,0.3333,0.0732,0.3308,0.5,finbert-ft-2026-08-09
egbn,2022-06-30,34742,57,3,17,0.0526,0.2982,0.0491,0.3157,0.5,finbert-ft-2026-08-09
egbn,2022-09-30,34742,37,11,12,0.2973,0.3243,0.2712,0.3232,0.5,finbert-ft-2026-08-09
egbn,2022-12-31,34742,25,0,10,0.0,0.4,0.0149,0.4074,0.5,finbert-ft-2026-08-09
egbn,2023-03-31,34742,31,1,11,0.0323,0.3548,0.0494,0.3395,0.5,finbert-ft-2026-08-09
egbn,2023-06-30,34742,81,5,11,0.0617,0.1358,0.0701,0.1556,0.5,finbert-ft-2026-08-09
egbn,2023-09-30,34742,41,1,13,0.0244,0.3171,0.045,0.3177,0.5,finbert-ft-2026-08-09
egbn,2023-12-31,34742,46,0,17,0.0,0.3696,0.0117,0.3649,0.5,finbert-ft-2026-08-09
egbn,2024-03-31,34742,56,9,18,0.1607,0.3214,0.1829,0.3187,0.5,finbert-ft-2026-08-09
egbn,2024-06-30,34742,81,3,17,0.037,0.2099,0.0497,0.235,0.5,finbert-ft-2026-08-09
egbn,2024-09-30,34742,76,6,13,0.0789,0.1711,0.0937,0.2052,0.5,finbert-ft-2026-08-09
egbn,2024-12-31,34742,65,1,14,0.0154,0.2154,0.0328,0.2731,0.5,finbert-ft-2026-08-09
ewbc,2020-03-31,31628,25,0,16,0.0,0.64,0.017,0.6248,0.5,finbert-ft-2026-08-09
ewbc,2020-06-30,31628,18,0,10,0.0,0.5556,0.0162,0.582,0.5,finbert-ft-2026-08-09
ewbc,2020-09-30,31628,12,1,7,0.0833,0.5833,0.1009,0.6039,0.5,finbert-ft-2026-08-09
ewbc,2020-12-31,31628,11,1,7,0.0909,0.6364,0.1072,0.6334,0.5,finbert-ft-2026-08-09
ewbc,2021-03-31,31628,28,0,17,0.0,0.6071,0.1344,0.4977,0.5,finbert-ft-2026-08-09
ewbc,2021-06-30,31628,12,0,9,0.0,0.75,0.0138,0.7353,0.5,finbert-ft-2026-08-09
ewbc,2021-09-30,31628,15,2,6,0.1333,0.4,0.1283,0.451,0.5,finbert-ft-2026-08-09
ewbc,2021-12-31,31628,12,0,6,0.0,0.5,0.0136,0.5628,0.5,finbert-ft-2026-08-09
ewbc,2022-03-31,31628,17,1,11,0.0588,0.6471,0.0641,0.6001,0.5,finbert-ft-2026-08-09
ewbc,2022-06-30,31628,19,1,8,0.0526,0.4211,0.0395,0.4666,0.5,finbert-ft-2026-08-09
ewbc,2022-09-30,31628,6,0,4,0.0,0.6667,0.0119,0.6158,0.5,finbert-ft-2026-08-09
ewbc,2022-12-31,31628,9,2,4,0.2222,0.4444,0.2658,0.4137,0.5,finbert-ft-2026-08-09
ewbc,2023-03-31,31628,25,2,11,0.08,0.44,0.0807,0.4553,0.5,finbert-ft-2026-08-09
ewbc,2023-06-30,31628,121,2,17,0.0165,0.1405,0.0356,0.1826,0.5,finbert-ft-2026-08-09
ewbc,2023-09-30,31628,72,4,14,0.0556,0.1944,0.0575,0.2248,0.5,finbert-ft-2026-08-09
ewbc,2023-12-31,31628,55,5,24,0.0909,0.4364,0.0822,0.4112,0.5,finbert-ft-2026-08-09
ewbc,2024-03-31,31628,83,4,30,0.0482,0.3614,0.0558,0.3472,0.5,finbert-ft-2026-08-09
ewbc,2024-06-30,31628,76,2,24,0.0263,0.3158,0.0317,0.3485,0.5,finbert-ft-2026-08-09
ewbc,2024-09-30,31628,107,3,21,0.028,0.1963,0.048,0.2167,0.5,finbert-ft-2026-08-09
ewbc,2024-12-31,31628,79,2,19,0.0253,0.2405,0.0342,0.2974,0.5,finbert-ft-2026-08-09
fbp,2020-03-31,30387,6,0,4,0.0,0.6667,0.0087,0.6493,0.5,finbert-ft-2026-08-09
fbp,2020-06-30,30387,4,0,3,0.0,0.75,0.0074,0.7242,0.5,finbert-ft-2026-08-09
fbp,2020-09-30,30387,5,0,4,0.0,0.8,0.0072,0.7701,0.5,finbert-ft-2026-08-09
fbp,2020-12-31,30387,5,0,4,0.0,0.8,0.0068,0.7678,0.5,finbert-ft-2026-08-09
fbp,2021-03-31,30387,2,0,1,0.0,0.5,0.0127,0.5065,0.5,finbert-ft-2026-08-09
fbp,2021-06-30,30387,7,0,6,0.0,0.8571,0.007,0.8155,0.5,finbert-ft-2026-08-09
fbp,2021-09-30,30387,2,0,1,0.0,0.5,0.0083,0.4965,0.5,finbert-ft-2026-08-09
fbp,2021-12-31,30387,5,0,4,0.0,0.8,0.0073,0.7716,0.5,finbert-ft-2026-08-09
fbp,2022-03-31,30387,3,0,2,0.0,0.6667,0.0108,0.6575,0.5,finbert-ft-2026-08-09
fbp,2022-06-30,30387,5,0,3,0.0,0.6,0.0077,0.5959,0.5,finbert-ft-2026-08-09
fbp,2022-09-30,30387,4,1,2,0.25,0.5,0.1863,0.4914,0.5,finbert-ft-2026-08-09
fbp,2022-12-31,30387,2,0,1,0.0,0.5,0.0083,0.497,0.5,finbert-ft-2026-08-09
fbp,2023-03-31,30387,5,0,3,0.0,0.6,0.0091,0.5297,0.5,finbert-ft-2026-08-09
fbp,2023-06-30,30387,7,0,2,0.0,0.2857,0.0069,0.4015,0.5,finbert-ft-2026-08-09
fbp,2023-09-30,30387,6,0,1,0.0,0.1667,0.0073,0.2036,0.5,finbert-ft-2026-08-09
fbp,2023-12-31,30387,4,0,1,0.0,0.25,0.0093,0.2714,0.5,finbert-ft-2026-08-09
fbp,2024-03-31,30387,5,0,2,0.0,0.4,0.0112,0.4046,0.5,finbert-ft-2026-08-09
fbp,2024-06-30,30387,14,0,4,0.0,0.2857,0.0126,0.3183,0.5,finbert-ft-2026-08-09
fbp,2024-09-30,30387,11,0,2,0.0,0.1818,0.0123,0.2453,0.5,finbert-ft-2026-08-09
fbp,2024-12-31,30387,9,0,1,0.0,0.1111,0.0105,0.1213,0.5,finbert-ft-2026-08-09
fcf,2020-03-31,7468,12,0,3,0.0,0.25,0.0088,0.2233,0.5,finbert-ft-2026-08-09
fcf,2020-06-30,7468,7,0,3,0.0,0.4286,0.0071,0.4138,0.5,finbert-ft-2026-08-09
fcf,2020-09-30,7468,10,4,3,0.4,0.3,0.3975,0.2915,0.5,finbert-ft-2026-08-09
fcf,2020-12-31,7468,6,1,3,0.1667,0.5,0.1671,0.4912,0.5,finbert-ft-2026-08-09
fcf,2021-03-31,7468,6,0,2,0.0,0.3333,0.013,0.3901,0.5,finbert-ft-2026-08-09
fcf,2021-06-30,7468,9,0,5,0.0,0.5556,0.0162,0.5089,0.5,finbert-ft-2026-08-09
fcf,2021-09-30,7468,10,0,3,0.0,0.3,0.0107,0.2844,0.5,finbert-ft-2026-08-09
fcf,2021-12-31,7468,5,0,2,0.0,0.4,0.0126,0.3997,0.5,finbert-ft-2026-08-09
fcf,2022-03-31,7468,4,0,1,0.0,0.25,0.008,0.2722,0.5,finbert-ft-2026-08-09
fcf,2022-06-30,7468,8,0,6,0.0,0.75,0.006,0.7174,0.5,finbert-ft-2026-08-09
fcf,2022-09-30,7468,7,0,4,0.0,0.5714,0.0056,0.6082,0.5,finbert-ft-2026-08-09
fcf,2022-12-31,7468,5,0,3,0.0,0.6,0.0067,0.5212,0.5,finbert-ft-2026-08-09
fcf,2023-03-31,7468,8,0,5,0.0,0.625,0.0079,0.6127,0.5,finbert-ft-2026-08-09
fcf,2023-06-30,7468,8,0,4,0.0,0.5,0.0077,0.4959,0.5,finbert-ft-2026-08-09
fcf,2023-09-30,7468,4,0,2,0.0,0.5,0.0072,0.4893,0.5,finbert-ft-2026-08-09
fcf,2023-12-31,7468,5,0,2,0.0,0.4,0.0109,0.4296,0.5,finbert-ft-2026-08-09
fcf,2024-03-31,7468,9,0,5,0.0,0.5556,0.0076,0.515,0.5,finbert-ft-2026-08-09
fcf,2024-06-30,7468,7,0,2,0.0,0.2857,0.0105,0.2845,0.5,finbert-ft-2026-08-09
fcf,2024-09-30,7468,9,0,3,0.0,0.3333,0.0109,0.4257,0.5,finbert-ft-2026-08-09
fcf,2024-12-31,7468,9,0,6,0.0,0.6667,0.0065,0.6431,0.5,finbert-ft-2026-08-09
fcnca,2020-03-31,11063,58,1,12,0.0172,0.2069,0.032,0.2143,0.5,finbert-ft-2026-08-09
fcnca,2020-06-30,11063,25,2,9,0.08,0.36,0.0765,0.3253,0.5,finbert-ft-2026-08-09
fcnca,2020-09-30,11063,27,2,3,0.0741,0.1111,0.082,0.1184,0.5,finbert-ft-2026-08-09
fcnca,2020-12-31,11063,49,3,14,0.0612,0.2857,0.0659,0.2962,0.5,finbert-ft-2026-08-09
fcnca,2021-03-31,11063,69,2,14,0.029,0.2029,0.0374,0.2175,0.5,finbert-ft-2026-08-09
fcnca,2021-06-30,11063,26,0,4,0.0,0.1538,0.0178,0.1882,0.5,finbert-ft-2026-08-09
fcnca,2021-09-30,11063,50,2,12,0.04,0.24,0.0442,0.3043,0.5,finbert-ft-2026-08-09
fcnca,2021-12-31,11063,48,2,7,0.0417,0.1458,0.057,0.179,0.5,finbert-ft-2026-08-09
fcnca,2022-03-31,11063,64,1,17,0.0156,0.2656,0.0179,0.2602,0.5,finbert-ft-2026-08-09
fcnca,2022-06-30,11063,59,1,6,0.0169,0.1017,0.0306,0.1411,0.5,finbert-ft-2026-08-09
fcnca,2022-09-30,11063,51,1,5,0.0196,0.098,0.0329,0.1079,0.5,finbert-ft-2026-08-09
fcnca,2022-12-31,11063,35,1,3,0.0286,0.0857,0.0259,0.1211,0.5,finbert-ft-2026-08-09
fcnca,2023-03-31,11063,1426,143,365,0.1003,0.256,0.1166,0.2791,0.5,finbert-ft-2026-08-09
fcnca,2023-06-30,11063,322,50,61,0.1553,0.1894,0.1631,0.2044,0.5,finbert-ft-2026-08-09
fcnca,2023-09-30,11063,165,0,28,0.0,0.1697,0.0112,0.1949,0.5,finbert-ft-2026-08-09
fcnca,2023-12-31,11063,169,3,28,0.0178,0.1657,0.0265,0.1871,0.5,finbert-ft-2026-08-09
fcnca,2024-03-31,11063,249,0,29,0.0,0.1165,0.0185,0.1269,0.5,finbert-ft-2026-08-09
fcnca,2024-06-30,11063,258,4,24,0.0155,0.093,0.029,0.1141,0.5,finbert-ft-2026-08-09
fcnca,2024-09-30,11063,235,0,21,0.0,0.0894,0.015,0.1104,0.5,finbert-ft-2026-08-09
fcnca,2024-12-31,11063,186,1,14,0.0054,0.0753,0.0172,0.0935,0.5,finbert-ft-2026-08-09
ffbc,2020-03-31,6600,4,0,3,0.0,0.75,0.0086,0.7161,0.5,finbert-ft-2026-08-09
ffbc,2020-06-30,6600,6,0,5,0.0,0.8333,0.0066,0.7884,0.5,finbert-ft-2026-08-09
ffbc,2020-09-30,6600,4,0,3,0.0,0.75,0.0074,0.715,0.5,finbert-ft-2026-08-09
ffbc,2020-12-31,6600,5,0,4,0.0,0.8,0.0071,0.7591,0.5,finbert-ft-2026-08-09
ffbc,2021-03-31,6600,4,0,3,0.0,0.75,0.0088,0.7208,0.5,finbert-ft-2026-08-09
ffbc,2021-06-30,6600,5,0,4,0.0,0.8,0.0072,0.7652,0.5,finbert-ft-2026-08-09
ffbc,2021-09-30,6600,3,0,2,0.0,0.6667,0.0079,0.6442,0.5,finbert-ft-2026-08-09
ffbc,2021-12-31,6600,4,0,3,0.0,0.75,0.0073,0.7202,0.5,finbert-ft-2026-08-09
ffbc,2022-03-31,6600,5,0,4,0.0,0.8,0.0082,0.7658,0.5,finbert-ft-2026-08-09
ffbc,2022-06-30,6600,5,0,3,0.0,0.6,0.0077,0.5831,0.5,finbert-ft-2026-08-09
ffbc,2022-09-30,6600,3,0,2,0.0,0.6667,0.0078,0.6427,0.5,finbert-ft-2026-08-09
ffbc,2022-12-31,6600,3,0,2,0.0,0.6667,0.0078,0.642,0.5,finbert-ft-2026-08-09
ffbc,2023-03-31,6600,6,0,4,0.0,0.6667,0.008,0.643,0.5,finbert-ft-2026-08-09
ffbc,2023-06-30,6600,6,0,3,0.0,0.5,0.0075,0.4908,0.5,finbert-ft-2026-08-09
ffbc,2023-09-30,6600,3,0,2,0.0,0.6667,0.0078,0.6424,0.5,finbert-ft-2026-08-09
ffbc,2023-12-31,6600,4,0,3,0.0,0.75,0.0074,0.7175,0.5,finbert-ft-2026-08-09
ffbc,2024-03-31,6600,7,0,3,0.0,0.4286,0.0088,0.4322,0.5,finbert-ft-2026-08-09
ffbc,2024-06-30,6600,6,0,3,0.0,0.5,0.0074,0.4877,0.5,finbert-ft-2026-08-09
ffbc,2024-09-30,6600,3,0,2,0.0,0.6667,0.0078,0.6427,0.5,finbert-ft-2026-08-09
ffbc,2024-12-31,6600,3,0,2,0.0,0.6667,0.0078,0.6418,0.5,finbert-ft-2026-08-09
ffin,2020-03-31,3066,11,0,8,0.0,0.7273,0.0154,0.681,0.5,finbert-ft-2026-08-09
ffin,2020-06-30,3066,12,0,7,0.0,0.5833,0.0096,0.5635,0.5,finbert-ft-2026-08-09
ffin,2020-09-30,3066,5,0,3,0.0,0.6,0.0086,0.5546,0.5,finbert-ft-2026-08-09
ffin,2020-12-31,3066,2,0,1,0.0,0.5,0.0139,0.494,0.5,finbert-ft-2026-08-09
ffin,2021-03-31,3066,2,0,1,0.0,0.5,0.0126,0.4974,0.5,finbert-ft-2026-08-09
ffin,2021-06-30,3066,5,0,4,0.0,0.8,0.0096,0.7723,0.5,finbert-ft-2026-08-09
ffin,2021-09-30,3066,6,0,4,0.0,0.6667,0.0155,0.6828,0.5,finbert-ft-2026-08-09
ffin,2021-12-31,3066,3,0,2,0.0,0.6667,0.0115,0.6485,0.5,finbert-ft-2026-08-09
ffin,2022-03-31,3066,9,0,2,0.0,0.2222,0.0085,0.2822,0.5,finbert-ft-2026-08-09
ffin,2022-06-30,3066,17,0,5,0.0,0.2941,0.0129,0.3139,0.5,finbert-ft-2026-08-09
ffin,2022-09-30,3066,5,0,3,0.0,0.6,0.0098,0.582,0.5,finbert-ft-2026-08-09
ffin,2022-12-31,3066,2,0,1,0.0,0.5,0.0139,0.4925,0.5,finbert-ft-2026-08-09
ffin,2023-03-31,3066,6,0,3,0.0,0.5,0.0094,0.4922,0.5,finbert-ft-2026-08-09
ffin,2023-06-30,3066,19,0,4,0.0,0.2105,0.0088,0.2319,0.5,finbert-ft-2026-08-09
ffin,2023-09-30,3066,11,0,4,0.0,0.3636,0.0086,0.3494,0.5,finbert-ft-2026-08-09
ffin,2023-12-31,3066,8,0,2,0.0,0.25,0.0081,0.343,0.5,finbert-ft-2026-08-09
ffin,2024-03-31,3066,14,0,2,0.0,0.1429,0.011,0.1594,0.5,finbert-ft-2026-08-09
ffin,2024-06-30,3066,25,1,7,0.04,0.28,0.0444,0.3127,0.5,finbert-ft-2026-08-09
ffin,2024-09-30,3066,15,0,2,0.0,0.1333,0.0088,0.1596,0.5,finbert-ft-2026-08-09
ffin,2024-12-31,3066,18,0,3,0.0,0.1667,0.009,0.1992,0.5,finbert-ft-2026-08-09
fhb,2020-03-31,17985,41,5,12,0.122,0.2927,0.1486,0.2609,0.5,finbert-ft-2026-08-09
fhb,2020-06-30,17985,38,0,14,0.0,0.3684,0.0114,0.3373,0.5,finbert-ft-2026-08-09
fhb,2020-09-30,17985,41,1,6,0.0244,0.1463,0.0318,0.1535,0.5,finbert-ft-2026-08-09
fhb,2020-12-31,17985,10,0,3,0.0,0.3,0.0094,0.293,0.5,finbert-ft-2026-08-09
fhb,2021-03-31,17985,17,1,5,0.0588,0.2941,0.0625,0.2903,0.5,finbert-ft-2026-08-09
fhb,2021-06-30,17985,30,0,6,0.0,0.2,0.013,0.2327,0.5,finbert-ft-2026-08-09
fhb,2021-09-30,17985,23,1,5,0.0435,0.2174,0.0496,0.2185,0.5,finbert-ft-2026-08-09
fhb,2021-12-31,17985,21,6,5,0.2857,0.2381,0.245,0.2379,0.5,finbert-ft-2026-08-09
fhb,2022-03-31,17985,40,1,8,0.025,0.2,0.0408,0.2025,0.5,finbert-ft-2026-08-09
fhb,2022-06-30,17985,41,0,9,0.0,0.2195,0.0243,0.2054,0.5,finbert-ft-2026-08-09
fhb,2022-09-30,17985,24,1,7,0.0417,0.2917,0.0498,0.2826,0.5,finbert-ft-2026-08-09
fhb,2022-12-31,17985,38,0,8,0.0,0.2105,0.0084,0.238,0.5,finbert-ft-2026-08-09
fhb,2023-03-31,17985,30,1,3,0.0333,0.1,0.041,0.1245,0.5,finbert-ft-2026-08-09
fhb,2023-06-30,17985,201,1,16,0.005,0.0796,0.0154,0.1076,0.5,finbert-ft-2026-08-09
fhb,2023-09-30,17985,112,2,11,0.0179,0.0982,0.0262,0.1307,0.5,finbert-ft-2026-08-09
fhb,2023-12-31,17985,96,1,11,0.0104,0.1146,0.026,0.1334,0.5,finbert-ft-2026-08-09
fhb,2024-03-31,17985,100,7,5,0.07,0.05,0.0732,0.0868,0.5,finbert-ft-2026-08-09
fhb,2024-06-30,17985,127,1,15,0.0079,0.1181,0.0364,0.131,0.5,finbert-ft-2026-08-09
fhb,2024-09-30,17985,235,4,21,0.017,0.0894,0.0283,0.1206,0.5,finbert-ft-2026-08-09
fhb,2024-12-31,17985,57,1,9,0.0175,0.1579,0.0377,0.1644,0.5,finbert-ft-2026-08-09
fhn,2020-03-31,4977,14,2,3,0.1429,0.2143,0.1345,0.216,0.5,finbert-ft-2026-08-09
fhn,2020-06-30,4977,16,0,14,0.0,0.875,0.0075,0.8207,0.5,finbert-ft-2026-08-09
fhn,2020-09-30,4977,16,1,9,0.0625,0.5625,0.0566,0.5626,0.5,finbert-ft-2026-08-09
fhn,2020-12-31,4977,5,0,4,0.0,0.8,0.0073,0.7629,0.5,finbert-ft-2026-08-09
fhn,2021-03-31,4977,17,0,5,0.0,0.2941,0.0074,0.3025,0.5,finbert-ft-2026-08-09
fhn,2021-06-30,4977,17,0,5,0.0,0.2941,0.0219,0.3138,0.5,finbert-ft-2026-08-09
fhn,2021-09-30,4977,23,0,5,0.0,0.2174,0.006,0.2212,0.5,finbert-ft-2026-08-09
fhn,2021-12-31,4977,27,0,7,0.0,0.2593,0.0083,0.3019,0.5,finbert-ft-2026-08-09
fhn,2022-03-31,4977,28,0,8,0.0,0.2857,0.0308,0.2455,0.5,finbert-ft-2026-08-09
fhn,2022-06-30,4977,24,0,12,0.0,0.5,0.0082,0.4149,0.5,finbert-ft-2026-08-09
fhn,2022-09-30,4977,12,0,5,0.0,0.4167,0.0099,0.3141,0.5,finbert-ft-2026-08-09
fhn,2022-12-31,4977,34,0,24,0.0,0.7059,0.0103,0.6552,0.5,finbert-ft-2026-08-09
fhn,2023-03-31,4977,13,0,3,0.0,0.2308,0.007,0.2288,0.5,finbert-ft-2026-08-09
fhn,2023-06-30,4977,74,16,17,0.2162,0.2297,0.2486,0.2015,0.5,finbert-ft-2026-08-09
fhn,2023-09-30,4977,43,19,9,0.4419,0.2093,0.4487,0.1908,0.5,finbert-ft-2026-08-09
fhn,2023-12-31,4977,18,0,6,0.0,0.3333,0.016,0.2666,0.5,finbert-ft-2026-08-09
fhn,2024-03-31,4977,29,0,3,0.0,0.1034,0.0079,0.1604,0.5,finbert-ft-2026-08-09
fhn,2024-06-30,4977,35,0,9,0.0,0.2571,0.0081,0.2755,0.5,finbert-ft-2026-08-09
fhn,2024-09-30,4977,11,2,4,0.1818,0.3636,0.1568,0.3133,0.5,finbert-ft-2026-08-09
fhn,2024-12-31,4977,16,0,8,0.0,0.5,0.0077,0.4602,0.5,finbert-ft-2026-08-09
fibk,2020-03-31,1105,39,0,4,0.0,0.1026,0.0416,0.1228,0.5,finbert-ft-2026-08-09
fibk,2020-06-30,1105,31,0,11,0.0,0.3548,0.0425,0.3177,0.5,finbert-ft-2026-08-09
fibk,2020-09-30,1105,23,0,2,0.0,0.087,0.0621,0.1171,0.5,finbert-ft-2026-08-09
fibk,2020-12-31,1105,11,0,1,0.0,0.0909,0.0644,0.1274,0.5,finbert-ft-2026-08-09
fibk,2021-03-31,1105,10,0,1,0.0,0.1,0.067,0.1133,0.5,finbert-ft-2026-08-09
fibk,2021-06-30,1105,16,1,0,0.0625,0.0,0.1377,0.0443,0.5,finbert-ft-2026-08-09
fibk,2021-09-30,1105,41,1,20,0.0244,0.4878,0.0656,0.4873,0.5,finbert-ft-2026-08-09
fibk,2021-12-31,1105,21,0,6,0.0,0.2857,0.0399,0.2092,0.5,finbert-ft-2026-08-09
fibk,2022-03-31,1105,46,1,9,0.0217,0.1957,0.1035,0.2146,0.5,finbert-ft-2026-08-09
fibk,2022-06-30,1105,54,2,12,0.037,0.2222,0.0663,0.2583,0.5,finbert-ft-2026-08-09
fibk,2022-09-30,1105,36,3,3,0.0833,0.0833,0.1005,0.1236,0.5,finbert-ft-2026-08-09
fibk,2022-12-31,1105,29,1,6,0.0345,0.2069,0.0763,0.2512,0.5,finbert-ft-2026-08-09
fibk,2023-03-31,1105,14,1,1,0.0714,0.0714,0.1988,0.1068,0.5,finbert-ft-2026-08-09
fibk,2023-06-30,1105,121,5,7,0.0413,0.0579,0.0621,0.0835,0.5,finbert-ft-2026-08-09
fibk,2023-09-30,1105,77,5,4,0.0649,0.0519,0.0752,0.0818,0.5,finbert-ft-2026-08-09
fibk,2023-12-31,1105,57,0,3,0.0,0.0526,0.0422,0.0788,0.5,finbert-ft-2026-08-09
fibk,2024-03-31,1105,68,2,5,0.0294,0.0735,0.0405,0.0988,0.5,finbert-ft-2026-08-09
fibk,2024-06-30,1105,84,2,7,0.0238,0.0833,0.059,0.1056,0.5,finbert-ft-2026-08-09
fibk,2024-09-30,1105,136,2,6,0.0147,0.0441,0.0478,0.0766,0.5,finbert-ft-2026-08-09
fibk,2024-12-31,1105,79,3,3,0.038,0.038,0.0656,0.0671,0.5,finbert-ft-2026-08-09
fitb,2020-03-31,6672,450,49,84,0.1089,0.1867,0.1443,0.1894,0.5,finbert-ft-2026-08-09
fitb,2020-06-30,6672,206,25,42,0.1214,0.2039,0.129,0.249,0.5,finbert-ft-2026-08-09
fitb,2020-09-30,6672,158,7,42,0.0443,0.2658,0.0495,0.2513,0.5,finbert-ft-2026-08-09
fitb,2020-12-31,6672,101,3,26,0.0297,0.2574,0.0592,0.2725,0.5,finbert-ft-2026-08-09
fitb,2021-03-31,6672,97,6,22,0.0619,0.2268,0.0771,0.2495,0.5,finbert-ft-2026-08-09
fitb,2021-06-30,6672,159,3,36,0.0189,0.2264,0.0276,0.2778,0.5,finbert-ft-2026-08-09
fitb,2021-09-30,6672,101,2,20,0.0198,0.198,0.0286,0.2209,0.5,finbert-ft-2026-08-09
fitb,2021-12-31,6672,118,3,37,0.0254,0.3136,0.032,0.3663,0.5,finbert-ft-2026-08-09
fitb,2022-03-31,6672,94,2,26,0.0213,0.2766,0.0301,0.2941,0.5,finbert-ft-2026-08-09
fitb,2022-06-30,6672,157,5,30,0.0318,0.1911,0.0459,0.2137,0.5,finbert-ft-2026-08-09
fitb,2022-09-30,6672,160,6,27,0.0375,0.1688,0.0508,0.1818,0.5,finbert-ft-2026-08-09
fitb,2022-12-31,6672,64,2,18,0.0312,0.2812,0.0382,0.2912,0.5,finbert-ft-2026-08-09
fitb,2023-03-31,6672,110,4,30,0.0364,0.2727,0.061,0.2896,0.5,finbert-ft-2026-08-09
fitb,2023-06-30,6672,549,16,61,0.0291,0.1111,0.0407,0.1454,0.5,finbert-ft-2026-08-09
fitb,2023-09-30,6672,309,8,49,0.0259,0.1586,0.0379,0.1758,0.5,finbert-ft-2026-08-09
fitb,2023-12-31,6672,400,15,37,0.0375,0.0925,0.0595,0.1191,0.5,finbert-ft-2026-08-09
fitb,2024-03-31,6672,344,12,54,0.0349,0.157,0.0473,0.1794,0.5,finbert-ft-2026-08-09
fitb,2024-06-30,6672,367,14,53,0.0381,0.1444,0.0494,0.1628,0.5,finbert-ft-2026-08-09
fitb,2024-09-30,6672,1047,30,78,0.0287,0.0745,0.0425,0.1054,0.5,finbert-ft-2026-08-09
fitb,2024-12-31,6672,253,8,33,0.0316,0.1304,0.0416,0.1588,0.5,finbert-ft-2026-08-09
flg,2020-03-31,32541,14,2,5,0.1429,0.3571,0.122,0.3801,0.5,finbert-ft-2026-08-09
flg,2020-06-30,32541,13,0,4,0.0,0.3077,0.0071,0.3092,0.5,finbert-ft-2026-08-09
flg,2020-09-30,32541,17,0,2,0.0,0.1176,0.0076,0.177,0.5,finbert-ft-2026-08-09
flg,2020-12-31,32541,13,0,4,0.0,0.3077,0.0064,0.354,0.5,finbert-ft-2026-08-09
flg,2021-03-31,32541,16,1,6,0.0625,0.375,0.0579,0.4599,0.5,finbert-ft-2026-08-09
flg,2021-06-30,32541,23,0,15,0.0,0.6522,0.0058,0.6575,0.5,finbert-ft-2026-08-09
flg,2021-09-30,32541,14,0,9,0.0,0.6429,0.0065,0.6194,0.5,finbert-ft-2026-08-09
flg,2021-12-31,32541,25,0,20,0.0,0.8,0.0083,0.5282,0.5,finbert-ft-2026-08-09
flg,2022-03-31,32541,12,0,5,0.0,0.4167,0.0065,0.4284,0.5,finbert-ft-2026-08-09
flg,2022-06-30,32541,23,5,6,0.2174,0.2609,0.2079,0.2834,0.5,finbert-ft-2026-08-09
flg,2022-09-30,32541,13,1,2,0.0769,0.1538,0.1127,0.2435,0.5,finbert-ft-2026-08-09
flg,2022-12-31,32541,19,3,12,0.1579,0.6316,0.1026,0.5942,0.5,finbert-ft-2026-08-09
flg,2023-03-31,32541,44,4,25,0.0909,0.5682,0.0867,0.5326,0.5,finbert-ft-2026-08-09
flg,2023-06-30,32541,15,0,9,0.0,0.6,0.0317,0.5836,0.5,finbert-ft-2026-08-09
flg,2023-09-30,32541,26,4,12,0.1538,0.4615,0.1157,0.4441,0.5,finbert-ft-2026-08-09
flg,2023-12-31,32541,11,2,3,0.1818,0.2727,0.166,0.266,0.5,finbert-ft-2026-08-09
flg,2024-03-31,32541,33,0,21,0.0,0.6364,0.0141,0.6327,0.5,finbert-ft-2026-08-09
flg,2024-06-30,32541,16,0,10,0.0,0.625,0.0088,0.602,0.5,finbert-ft-2026-08-09
flg,2024-09-30,32541,14,0,12,0.0,0.8571,0.0071,0.7644,0.5,finbert-ft-2026-08-09
flg,2024-12-31,32541,49,6,10,0.1224,0.2041,0.1299,0.2144,0.5,finbert-ft-2026-08-09
fnb,2020-03-31,7888,37,0,22,0.0,0.5946,0.0105,0.5504,0.5,finbert-ft-2026-08-09
fnb,2020-06-30,7888,38,0,21,0.0,0.5526,0.0109,0.5169,0.5,finbert-ft-2026-08-09
fnb,2020-09-30,7888,43,0,9,0.0,0.2093,0.0114,0.2691,0.5,finbert-ft-2026-08-09
fnb,2020-12-31,7888,12,0,7,0.0,0.5833,0.0081,0.5492,0.5,finbert-ft-2026-08-09
fnb,2021-03-31,7888,22,0,12,0.0,0.5455,0.0072,0.5245,0.5,finbert-ft-2026-08-09
fnb,2021-06-30,7888,20,0,9,0.0,0.45,0.0088,0.468,0.5,finbert-ft-2026-08-09
fnb,2021-09-30,7888,22,0,10,0.0,0.4545,0.0396,0.4722,0.5,finbert-ft-2026-08-09
fnb,2021-12-31,7888,16,0,12,0.0,0.75,0.0092,0.7107,0.5,finbert-ft-2026-08-09
fnb,2022-03-31,7888,24,2,11,0.0833,0.4583,0.0933,0.4796,0.5,finbert-ft-2026-08-09
fnb,2022-06-30,7888,36,0,17,0.0,0.4722,0.025,0.5233,0.5,finbert-ft-2026-08-09
fnb,2022-09-30,7888,23,0,10,0.0,0.4348,0.0086,0.4446,0.5,finbert-ft-2026-08-09
fnb,2022-12-31,7888,35,0,18,0.0,0.5143,0.0085,0.4905,0.5,finbert-ft-2026-08-09
fnb,2023-03-31,7888,29,0,17,0.0,0.5862,0.009,0.5329,0.5,finbert-ft-2026-08-09
fnb,2023-06-30,7888,27,0,13,0.0,0.4815,0.01,0.4296,0.5,finbert-ft-2026-08-09
fnb,2023-09-30,7888,25,0,2,0.0,0.08,0.0285,0.1459,0.5,finbert-ft-2026-08-09
fnb,2023-12-31,7888,13,0,2,0.0,0.1538,0.0121,0.1742,0.5,finbert-ft-2026-08-09
fnb,2024-03-31,7888,36,2,25,0.0556,0.6944,0.0778,0.6154,0.5,finbert-ft-2026-08-09
fnb,2024-06-30,7888,17,0,3,0.0,0.1765,0.0152,0.1752,0.5,finbert-ft-2026-08-09
fnb,2024-09-30,7888,7,0,3,0.0,0.4286,0.0094,0.4039,0.5,finbert-ft-2026-08-09
fnb,2024-12-31,7888,13,0,5,0.0,0.3846,0.0089,0.3977,0.5,finbert-ft-2026-08-09
frme,2020-03-31,4365,15,0,7,0.0,0.4667,0.0091,0.4337,0.5,finbert-ft-2026-08-09
frme,2020-06-30,4365,16,0,10,0.0,0.625,0.0077,0.5538,0.5,finbert-ft-2026-08-09
frme,2020-09-30,4365,12,0,9,0.0,0.75,0.0068,0.6927,0.5,finbert-ft-2026-08-09
frme,2020-12-31,4365,8,0,6,0.0,0.75,0.0075,0.6813,0.5,finbert-ft-2026-08-09
frme,2021-03-31,4365,13,0,9,0.0,0.6923,0.0068,0.656,0.5,finbert-ft-2026-08-09
frme,2021-06-30,4365,7,0,5,0.0,0.7143,0.0065,0.6897,0.5,finbert-ft-2026-08-09
frme,2021-09-30,4365,7,0,4,0.0,0.5714,0.0095,0.5374,0.5,finbert-ft-2026-08-09
frme,2021-12-31,4365,13,0,10,0.0,0.7692,0.0066,0.7043,0.5,finbert-ft-2026-08-09
frme,2022-03-31,4365,9,0,8,0.0,0.8889,0.0073,0.8225,0.5,finbert-ft-2026-08-09
frme,2022-06-30,4365,22,0,13,0.0,0.5909,0.0081,0.5747,0.5,finbert-ft-2026-08-09
frme,2022-09-30,4365,10,0,7,0.0,0.7,0.0078,0.6703,0.5,finbert-ft-2026-08-09
frme,2022-12-31,4365,9,0,6,0.0,0.6667,0.0077,0.6881,0.5,finbert-ft-2026-08-09
frme,2023-03-31,4365,14,0,9,0.0,0.6429,0.0067,0.6161,0.5,finbert-ft-2026-08-09
frme,2023-06-30,4365,13,0,10,0.0,0.7692,0.0075,0.7325,0.5,finbert-ft-2026-08-09
frme,2023-09-30,4365,15,0,12,0.0,0.8,0.0079,0.76,0.5,finbert-ft-2026-08-09
frme,2023-12-31,4365,15,0,10,0.0,0.6667,0.0075,0.6678,0.5,finbert-ft-2026-08-09
frme,2024-03-31,4365,16,0,9,0.0,0.5625,0.0071,0.5448,0.5,finbert-ft-2026-08-09
frme,2024-06-30,4365,16,0,11,0.0,0.6875,0.0067,0.6547,0.5,finbert-ft-2026-08-09
frme,2024-09-30,4365,16,0,12,0.0,0.75,0.0123,0.7086,0.5,finbert-ft-2026-08-09
frme,2024-12-31,4365,10,0,7,0.0,0.7,0.008,0.6743,0.5,finbert-ft-2026-08-09
fult,2020-03-31,7551,27,1,8,0.037,0.2963,0.0462,0.3141,0.5,finbert-ft-2026-08-09
fult,2020-06-30,7551,20,1,9,0.05,0.45,0.0612,0.4389,0.5,finbert-ft-2026-08-09
fult,2020-09-30,7551,15,0,5,0.0,0.3333,0.0338,0.384,0.5,finbert-ft-2026-08-09
fult,2020-12-31,7551,23,7,7,0.3043,0.3043,0.3059,0.2836,0.5,finbert-ft-2026-08-09
fult,2021-03-31,7551,30,0,14,0.0,0.4667,0.01,0.5004,0.5,finbert-ft-2026-08-09
fult,2021-06-30,7551,20,0,11,0.0,0.55,0.0078,0.5089,0.5,finbert-ft-2026-08-09
fult,2021-09-30,7551,18,0,5,0.0,0.2778,0.0084,0.3007,0.5,finbert-ft-2026-08-09
fult,2021-12-31,7551,12,0,5,0.0,0.4167,0.0084,0.3976,0.5,finbert-ft-2026-08-09
fult,2022-03-31,7551,32,0,10,0.0,0.3125,0.0233,0.2922,0.5,finbert-ft-2026-08-09
fult,2022-06-30,7551,21,0,11,0.0,0.5238,0.0074,0.4965,0.5,finbert-ft-2026-08-09
fult,2022-09-30,7551,16,0,6,0.0,0.375,0.0152,0.3488,0.5,finbert-ft-2026-08-09
fult,2022-12-31,7551,21,0,10,0.0,0.4762,0.008,0.5127,0.5,finbert-ft-2026-08-09
fult,2023-03-31,7551,35,2,10,0.0571,0.2857,0.0722,0.2789,0.5,finbert-ft-2026-08-09
fult,2023-06-30,7551,121,0,13,0.0,0.1074,0.0141,0.1548,0.5,finbert-ft-2026-08-09
fult,2023-09-30,7551,62,1,13,0.0161,0.2097,0.0277,0.2281,0.5,finbert-ft-2026-08-09
fult,2023-12-31,7551,168,0,18,0.0,0.1071,0.0196,0.1308,0.5,finbert-ft-2026-08-09
fult,2024-03-31,7551,96,4,4,0.0417,0.0417,0.0498,0.0682,0.5,finbert-ft-2026-08-09
fult,2024-06-30,7551,293,33,38,0.1126,0.1297,0.114,0.1391,0.5,finbert-ft-2026-08-09
fult,2024-09-30,7551,149,9,5,0.0604,0.0336,0.0718,0.0704,0.5,finbert-ft-2026-08-09
fult,2024-12-31,7551,49,1,8,0.0204,0.1633,0.0253,0.1856,0.5,finbert-ft-2026-08-09
gbci,2020-03-31,30788,24,0,7,0.0,0.2917,0.0214,0.2996,0.5,finbert-ft-2026-08-09
gbci,2020-06-30,30788,15,1,2,0.0667,0.1333,0.0784,0.2411,0.5,finbert-ft-2026-08-09
gbci,2020-09-30,30788,15,1,4,0.0667,0.2667,0.0517,0.3382,0.5,finbert-ft-2026-08-09
gbci,2020-12-31,30788,8,0,2,0.0,0.25,0.0143,0.3267,0.5,finbert-ft-2026-08-09
gbci,2021-03-31,30788,13,0,5,0.0,0.3846,0.0162,0.4619,0.5,finbert-ft-2026-08-09
gbci,2021-06-30,30788,24,0,10,0.0,0.4167,0.0298,0.5119,0.5,finbert-ft-2026-08-09
gbci,2021-09-30,30788,17,0,7,0.0,0.4118,0.05,0.5194,0.5,finbert-ft-2026-08-09
gbci,2021-12-31,30788,15,0,6,0.0,0.4,0.0255,0.5324,0.5,finbert-ft-2026-08-09
gbci,2022-03-31,30788,14,1,5,0.0714,0.3571,0.1079,0.3928,0.5,finbert-ft-2026-08-09
gbci,2022-06-30,30788,17,0,10,0.0,0.5882,0.0166,0.5823,0.5,finbert-ft-2026-08-09
gbci,2022-09-30,30788,16,0,8,0.0,0.5,0.0247,0.4818,0.5,finbert-ft-2026-08-09
gbci,2022-12-31,30788,11,0,2,0.0,0.1818,0.0227,0.3498,0.5,finbert-ft-2026-08-09
gbci,2023-03-31,30788,9,0,3,0.0,0.3333,0.0138,0.452,0.5,finbert-ft-2026-08-09
gbci,2023-06-30,30788,75,3,9,0.04,0.12,0.0705,0.1913,0.5,finbert-ft-2026-08-09
gbci,2023-09-30,30788,39,1,8,0.0256,0.2051,0.0403,0.2576,0.5,finbert-ft-2026-08-09
gbci,2023-12-31,30788,24,2,5,0.0833,0.2083,0.0769,0.2574,0.5,finbert-ft-2026-08-09
gbci,2024-03-31,30788,38,0,8,0.0,0.2105,0.011,0.2885,0.5,finbert-ft-2026-08-09
gbci,2024-06-30,30788,65,8,14,0.1231,0.2154,0.1357,0.2495,0.5,finbert-ft-2026-08-09
gbci,2024-09-30,30788,55,1,13,0.0182,0.2364,0.0383,0.2897,0.5,finbert-ft-2026-08-09
gbci,2024-12-31,30788,40,0,12,0.0,0.3,0.0117,0.3798,0.5,finbert-ft-2026-08-09
gs,2020-03-31,33124,3091,258,185,0.0835,0.0599,0.0945,0.0812,0.5,finbert-ft-2026-08-09
gs,2020-06-30,33124,2191,105,127,0.0479,0.058,0.0607,0.0824,0.5,finbert-ft-2026-08-09
gs,2020-09-30,33124,2452,136,429,0.0555,0.175,0.059,0.1873,0.5,finbert-ft-2026-08-09
gs,2020-12-31,33124,1770,76,221,0.0429,0.1249,0.0496,0.1477,0.5,finbert-ft-2026-08-09
gs,2021-03-31,33124,1945,56,271,0.0288,0.1393,0.0399,0.1592,0.5,finbert-ft-2026-08-09
gs,2021-06-30,33124,1898,54,170,0.0285,0.0896,0.0366,0.1134,0.5,finbert-ft-2026-08-09
gs,2021-09-30,33124,2168,222,175,0.1024,0.0807,0.1093,0.0953,0.5,finbert-ft-2026-08-09
gs,2021-12-31,33124,1612,40,85,0.0248,0.0527,0.0425,0.0886,0.5,finbert-ft-2026-08-09
gs,2022-03-31,33124,1814,243,84,0.134,0.0463,0.1328,0.0746,0.5,finbert-ft-2026-08-09
gs,2022-06-30,33124,1950,65,109,0.0333,0.0559,0.0517,0.0752,0.5,finbert-ft-2026-08-09
gs,2022-09-30,33124,1603,82,87,0.0512,0.0543,0.0669,0.0698,0.5,finbert-ft-2026-08-09
gs,2022-12-31,33124,1502,112,70,0.0746,0.0466,0.09,0.0697,0.5,finbert-ft-2026-08-09
gs,2023-03-31,33124,2328,425,153,0.1826,0.0657,0.1947,0.0889,0.5,finbert-ft-2026-08-09
gs,2023-06-30,33124,4108,285,173,0.0694,0.0421,0.0839,0.0702,0.5,finbert-ft-2026-08-09
gs,2023-09-30,33124,3854,198,129,0.0514,0.0335,0.0671,0.058,0.5,finbert-ft-2026-08-09
gs,2023-12-31,33124,2859,109,139,0.0381,0.0486,0.0533,0.0727,0.5,finbert-ft-2026-08-09
gs,2024-03-31,33124,2877,64,212,0.0222,0.0737,0.0342,0.0966,0.5,finbert-ft-2026-08-09
gs,2024-06-30,33124,3501,23,227,0.0066,0.0648,0.0179,0.0863,0.5,finbert-ft-2026-08-09
gs,2024-09-30,33124,3158,51,186,0.0161,0.0589,0.0281,0.0845,0.5,finbert-ft-2026-08-09
gs,2024-12-31,33124,2816,212,167,0.0753,0.0593,0.0738,0.0847,0.5,finbert-ft-2026-08-09
hban,2020-03-31,6560,75,4,17,0.0533,0.2267,0.0657,0.2381,0.5,finbert-ft-2026-08-09
hban,2020-06-30,6560,46,1,10,0.0217,0.2174,0.0398,0.2574,0.5,finbert-ft-2026-08-09
hban,2020-09-30,6560,61,1,25,0.0164,0.4098,0.0365,0.4141,0.5,finbert-ft-2026-08-09
hban,2020-12-31,6560,69,2,38,0.029,0.5507,0.0525,0.4998,0.5,finbert-ft-2026-08-09
hban,2021-03-31,6560,39,5,11,0.1282,0.2821,0.1335,0.2943,0.5,finbert-ft-2026-08-09
hban,2021-06-30,6560,38,0,15,0.0,0.3947,0.033,0.4381,0.5,finbert-ft-2026-08-09
hban,2021-09-30,6560,51,0,20,0.0,0.3922,0.0239,0.4118,0.5,finbert-ft-2026-08-09
hban,2021-12-31,6560,51,3,14,0.0588,0.2745,0.0764,0.2873,0.5,finbert-ft-2026-08-09
hban,2022-03-31,6560,136,2,21,0.0147,0.1544,0.0318,0.1864,0.5,finbert-ft-2026-08-09
hban,2022-06-30,6560,91,3,24,0.033,0.2637,0.0372,0.3145,0.5,finbert-ft-2026-08-09
hban,2022-09-30,6560,71,0,17,0.0,0.2394,0.0184,0.2522,0.5,finbert-ft-2026-08-09
hban,2022-12-31,6560,54,0,20,0.0,0.3704,0.0107,0.3642,0.5,finbert-ft-2026-08-09
hban,2023-03-31,6560,50,0,19,0.0,0.38,0.0196,0.3772,0.5,finbert-ft-2026-08-09
hban,2023-06-30,6560,335,4,34,0.0119,0.1015,0.0241,0.139,0.5,finbert-ft-2026-08-09
hban,2023-09-30,6560,140,2,33,0.0143,0.2357,0.0226,0.2398,0.5,finbert-ft-2026-08-09
hban,2023-12-31,6560,224,53,28,0.2366,0.125,0.2453,0.1308,0.5,finbert-ft-2026-08-09
hban,2024-03-31,6560,223,9,27,0.0404,0.1211,0.0532,0.1424,0.5,finbert-ft-2026-08-09
hban,2024-06-30,6560,216,4,36,0.0185,0.1667,0.0357,0.1681,0.5,finbert-ft-2026-08-09
hban,2024-09-30,6560,262,2,44,0.0076,0.1679,0.0222,0.171,0.5,finbert-ft-2026-08-09
hban,2024-12-31,6560,187,4,24,0.0214,0.1283,0.043,0.1499,0.5,finbert-ft-2026-08-09
homb,2020-03-31,11241,15,0,6,0.0,0.4,0.0077,0.3745,0.5,finbert-ft-2026-08-09
homb,2020-06-30,11241,14,0,9,0.0,0.6429,0.0089,0.6112,0.5,finbert-ft-2026-08-09
homb,2020-09-30,11241,10,0,7,0.0,0.7,0.0112,0.6638,0.5,finbert-ft-2026-08-09
homb,2020-12-31,11241,6,0,2,0.0,0.3333,0.0274,0.3723,0.5,finbert-ft-2026-08-09
homb,2021-03-31,11241,17,0,8,0.0,0.4706,0.0178,0.4602,0.5,finbert-ft-2026-08-09
homb,2021-06-30,11241,7,0,3,0.0,0.4286,0.0428,0.4194,0.5,finbert-ft-2026-08-09
homb,2021-09-30,11241,19,3,4,0.1579,0.2105,0.1413,0.2135,0.5,finbert-ft-2026-08-09
homb,2021-12-31,11241,23,0,9,0.0,0.3913,0.018,0.4181,0.5,finbert-ft-2026-08-09
homb,2022-03-31,11241,19,0,15,0.0,0.7895,0.0099,0.7009,0.5,finbert-ft-2026-08-09
homb,2022-06-30,11241,13,0,8,0.0,0.6154,0.0104,0.5189,0.5,finbert-ft-2026-08-09
homb,2022-09-30,11241,7,0,1,0.0,0.1429,0.0262,0.1156,0.5,finbert-ft-2026-08-09
homb,2022-12-31,11241,8,0,4,0.0,0.5,0.0434,0.4049,0.5,finbert-ft-2026-08-09
homb,2023-03-31,11241,9,0,3,0.0,0.3333,0.031,0.2717,0.5,finbert-ft-2026-08-09
homb,2023-06-30,11241,30,0,7,0.0,0.2333,0.0184,0.2626,0.5,finbert-ft-2026-08-09
homb,2023-09-30,11241,27,0,5,0.0,0.1852,0.0319,0.1768,0.5,finbert-ft-2026-08-09
homb,2023-12-31,11241,18,0,5,0.0,0.2778,0.0245,0.2275,0.5,finbert-ft-2026-08-09
homb,2024-03-31,11241,24,0,2,0.0,0.0833,0.0142,0.0889,0.5,finbert-ft-2026-08-09
homb,2024-06-30,11241,56,0,7,0.0,0.125,0.0458,0.1369,0.5,finbert-ft-2026-08-09
homb,2024-09-30,11241,50,0,9,0.0,0.18,0.0222,0.1951,0.5,finbert-ft-2026-08-09
homb,2024-12-31,11241,54,4,6,0.0741,0.1111,0.1032,0.1276,0.5,finbert-ft-2026-08-09
hope,2020-03-31,26610,14,0,2,0.0,0.1429,0.0456,0.2244,0.5,finbert-ft-2026-08-09
hope,2020-06-30,26610,14,0,5,0.0,0.3571,0.0127,0.4336,0.5,finbert-ft-2026-08-09
hope,2020-09-30,26610,16,1,2,0.0625,0.125,0.0706,0.215,0.5,finbert-ft-2026-08-09
hope,2020-12-31,26610,7,0,4,0.0,0.5714,0.0161,0.6392,0.5,finbert-ft-2026-08-09
hope,2021-03-31,26610,22,2,5,0.0909,0.2273,0.0854,0.3064,0.5,finbert-ft-2026-08-09
hope,2021-06-30,26610,17,0,6,0.0,0.3529,0.0128,0.3713,0.5,finbert-ft-2026-08-09
hope,2021-09-30,26610,17,0,8,0.0,0.4706,0.0225,0.5117,0.5,finbert-ft-2026-08-09
hope,2021-12-31,26610,14,0,6,0.0,0.4286,0.0141,0.4486,0.5,finbert-ft-2026-08-09
hope,2022-03-31,26610,12,0,7,0.0,0.5833,0.0396,0.6017,0.5,finbert-ft-2026-08-09
hope,2022-06-30,26610,23,0,10,0.0,0.4348,0.0252,0.461,0.5,finbert-ft-2026-08-09
hope,2022-09-30,26610,6,0,3,0.0,0.5,0.0253,0.5281,0.5,finbert-ft-2026-08-09
hope,2022-12-31,26610,4,0,2,0.0,0.5,0.0265,0.5743,0.5,finbert-ft-2026-08-09
hope,2023-03-31,26610,21,5,7,0.2381,0.3333,0.2004,0.3528,0.5,finbert-ft-2026-08-09
hope,2023-06-30,26610,53,2,20,0.0377,0.3774,0.0523,0.3585,0.5,finbert-ft-2026-08-09
hope,2023-09-30,26610,42,2,15,0.0476,0.3571,0.0574,0.4123,0.5,finbert-ft-2026-08-09
hope,2023-12-31,26610,33,0,11,0.0,0.3333,0.0358,0.3697,0.5,finbert-ft-2026-08-09
hope,2024-03-31,26610,35,5,11,0.1429,0.3143,0.1513,0.2958,0.5,finbert-ft-2026-08-09
hope,2024-06-30,26610,52,9,15,0.1731,0.2885,0.1826,0.3102,0.5,finbert-ft-2026-08-09
hope,2024-09-30,26610,58,1,15,0.0172,0.2586,0.0453,0.3042,0.5,finbert-ft-2026-08-09
hope,2024-12-31,26610,41,2,12,0.0488,0.2927,0.0671,0.317,0.5,finbert-ft-2026-08-09
hwc,2020-03-31,12441,10,0,1,0.0,0.1,0.0081,0.0966,0.5,finbert-ft-2026-08-09
hwc,2020-06-30,12441,10,0,7,0.0,0.7,0.0066,0.618,0.5,finbert-ft-2026-08-09
hwc,2020-09-30,12441,9,0,3,0.0,0.3333,0.007,0.3006,0.5,finbert-ft-2026-08-09
hwc,2020-12-31,12441,5,0,3,0.0,0.6,0.0133,0.4818,0.5,finbert-ft-2026-08-09
hwc,2021-03-31,12441,10,0,1,0.0,0.1,0.0065,0.1038,0.5,finbert-ft-2026-08-09
hwc,2021-06-30,12441,12,0,7,0.0,0.5833,0.012,0.4867,0.5,finbert-ft-2026-08-09
hwc,2021-09-30,12441,9,0,3,0.0,0.3333,0.0082,0.2684,0.5,finbert-ft-2026-08-09
hwc,2021-12-31,12441,9,0,3,0.0,0.3333,0.0092,0.284,0.5,finbert-ft-2026-08-09
hwc,2022-03-31,12441,8,0,4,0.0,0.5,0.0109,0.4081,0.5,finbert-ft-2026-08-09
hwc,2022-06-30,12441,10,0,3,0.0,0.3,0.0101,0.266,0.5,finbert-ft-2026-08-09
hwc,2022-09-30,12441,4,0,1,0.0,0.25,0.008,0.2288,0.5,finbert-ft-2026-08-09
hwc,2022-12-31,12441,5,1,2,0.2,0.4,0.1144,0.3246,0.5,finbert-ft-2026-08-09
hwc,2023-03-31,12441,10,0,4,0.0,0.4,0.0064,0.3788,0.5,finbert-ft-2026-08-09
hwc,2023-06-30,12441,14,0,9,0.0,0.6429,0.0123,0.5641,0.5,finbert-ft-2026-08-09
hwc,2023-09-30,12441,10,0,5,0.0,0.5,0.0096,0.4562,0.5,finbert-ft-2026-08-09
hwc,2023-12-31,12441,13,0,3,0.0,0.2308,0.0093,0.2046,0.5,finbert-ft-2026-08-09
hwc,2024-03-31,12441,20,0,6,0.0,0.3,0.0188,0.244,0.5,finbert-ft-2026-08-09
hwc,2024-06-30,12441,10,0,4,0.0,0.4,0.007,0.3773,0.5,finbert-ft-2026-08-09
hwc,2024-09-30,12441,7,0,2,0.0,0.2857,0.0313,0.2597,0.5,finbert-ft-2026-08-09
hwc,2024-12-31,12441,6,1,3,0.1667,0.5,0.0932,0.4648,0.5,finbert-ft-2026-08-09
iboc,2020-03-31,19629,8,0,6,0.0,0.75,0.0078,0.6746,0.5,finbert-ft-2026-08-09
iboc,2020-06-30,19629,9,0,3,0.0,0.3333,0.0077,0.3229,0.5,finbert-ft-2026-08-09
iboc,2020-09-30,19629,5,0,3,0.0,0.6,0.0078,0.5448,0.5,finbert-ft-2026-08-09
iboc,2020-12-31,19629,2,0,1,0.0,0.5,0.0099,0.4909,0.5,finbert-ft-2026-08-09
iboc,2021-03-31,19629,4,0,3,0.0,0.75,0.0069,0.7208,0.5,finbert-ft-2026-08-09
iboc,2021-06-30,19629,4,0,3,0.0,0.75,0.008,0.7127,0.5,finbert-ft-2026-08-09
iboc,2021-09-30,19629,7,0,5,0.0,0.7143,0.0087,0.6918,0.5,finbert-ft-2026-08-09
iboc,2021-12-31,19629,2,0,1,0.0,0.5,0.0099,0.4924,0.5,finbert-ft-2026-08-09
iboc,2022-03-31,19629,8,0,5,0.0,0.625,0.0084,0.6173,0.5,finbert-ft-2026-08-09
iboc,2022-06-30,19629,5,0,4,0.0,0.8,0.0077,0.7599,0.5,finbert-ft-2026-08-09
iboc,2022-09-30,19629,4,0,3,0.0,0.75,0.0092,0.7255,0.5,finbert-ft-2026-08-09
iboc,2022-12-31,19629,2,0,1,0.0,0.5,0.0099,0.4924,0.5,finbert-ft-2026-08-09
iboc,2023-03-31,19629,5,0,4,0.0,0.8,0.0079,0.7698,0.5,finbert-ft-2026-08-09
iboc,2023-06-30,19629,5,0,3,0.0,0.6,0.0071,0.5765,0.5,finbert-ft-2026-08-09
iboc,2023-09-30,19629,6,0,4,0.0,0.6667,0.0087,0.6529,0.5,finbert-ft-2026-08-09
iboc,2023-12-31,19629,2,0,1,0.0,0.5,0.0099,0.4924,0.5,finbert-ft-2026-08-09
iboc,2024-03-31,19629,6,0,5,0.0,0.8333,0.0075,0.8079,0.5,finbert-ft-2026-08-09
iboc,2024-06-30,19629,11,0,6,0.0,0.5455,0.0076,0.557,0.5,finbert-ft-2026-08-09
iboc,2024-09-30,19629,5,0,4,0.0,0.8,0.0089,0.7693,0.5,finbert-ft-2026-08-09
iboc,2024-12-31,19629,2,0,1,0.0,0.5,0.0099,0.4927,0.5,finbert-ft-2026-08-09
indb,2020-03-31,9712,5,0,4,0.0,0.8,0.0091,0.7324,0.5,finbert-ft-2026-08-09
indb,2020-06-30,9712,6,0,5,0.0,0.8333,0.0086,0.7578,0.5,finbert-ft-2026-08-09
indb,2020-09-30,9712,3,0,2,0.0,0.6667,0.0107,0.6261,0.5,finbert-ft-2026-08-09
indb,2020-12-31,9712,5,0,4,0.0,0.8,0.0091,0.7556,0.5,finbert-ft-2026-08-09
indb,2021-03-31,9712,7,0,5,0.0,0.7143,0.0095,0.6856,0.5,finbert-ft-2026-08-09
indb,2021-06-30,9712,9,0,8,0.0,0.8889,0.0085,0.8483,0.5,finbert-ft-2026-08-09
indb,2021-09-30,9712,7,0,5,0.0,0.7143,0.0108,0.6828,0.5,finbert-ft-2026-08-09
indb,2021-12-31,9712,6,0,5,0.0,0.8333,0.009,0.7923,0.5,finbert-ft-2026-08-09
indb,2022-03-31,9712,6,0,4,0.0,0.6667,0.0092,0.6595,0.5,finbert-ft-2026-08-09
indb,2022-06-30,9712,5,0,4,0.0,0.8,0.0096,0.7637,0.5,finbert-ft-2026-08-09
indb,2022-09-30,9712,3,0,2,0.0,0.6667,0.0108,0.6388,0.5,finbert-ft-2026-08-09
indb,2022-12-31,9712,4,0,3,0.0,0.75,0.0095,0.7106,0.5,finbert-ft-2026-08-09
indb,2023-03-31,9712,9,0,7,0.0,0.7778,0.0087,0.7483,0.5,finbert-ft-2026-08-09
indb,2023-06-30,9712,5,0,4,0.0,0.8,0.0097,0.7651,0.5,finbert-ft-2026-08-09
indb,2023-09-30,9712,7,0,4,0.0,0.5714,0.0084,0.5598,0.5,finbert-ft-2026-08-09
indb,2023-12-31,9712,4,0,3,0.0,0.75,0.0101,0.7156,0.5,finbert-ft-2026-08-09
indb,2024-03-31,9712,4,0,3,0.0,0.75,0.0102,0.7202,0.5,finbert-ft-2026-08-09
indb,2024-06-30,9712,5,0,4,0.0,0.8,0.0096,0.7627,0.5,finbert-ft-2026-08-09
indb,2024-09-30,9712,5,0,3,0.0,0.6,0.0108,0.5756,0.5,finbert-ft-2026-08-09
indb,2024-12-31,9712,7,0,5,0.0,0.7143,0.0091,0.7013,0.5,finbert-ft-2026-08-09
jpm,2020-03-31,628,3502,162,254,0.0463,0.0725,0.0574,0.0995,0.5,finbert-ft-2026-08-09
jpm,2020-06-30,628,2868,421,204,0.1468,0.0711,0.1499,0.0998,0.5,finbert-ft-2026-08-09
jpm,2020-09-30,628,2727,160,249,0.0587,0.0913,0.0711,0.1113,0.5,finbert-ft-2026-08-09
jpm,2020-12-31,628,1984,113,403,0.057,0.2031,0.0642,0.2064,0.5,finbert-ft-2026-08-09
jpm,2021-03-31,628,2439,39,231,0.016,0.0947,0.031,0.1231,0.5,finbert-ft-2026-08-09
jpm,2021-06-30,628,2745,65,385,0.0237,0.1403,0.0378,0.149,0.5,finbert-ft-2026-08-09
jpm,2021-09-30,628,2688,85,352,0.0316,0.131,0.0384,0.1391,0.5,finbert-ft-2026-08-09
jpm,2021-12-31,628,2810,179,332,0.0637,0.1181,0.0709,0.1291,0.5,finbert-ft-2026-08-09
jpm,2022-03-31,628,2718,155,300,0.057,0.1104,0.0785,0.1228,0.5,finbert-ft-2026-08-09
jpm,2022-06-30,628,2932,159,252,0.0542,0.0859,0.0642,0.104,0.5,finbert-ft-2026-08-09
jpm,2022-09-30,628,2551,141,148,0.0553,0.058,0.0758,0.0731,0.5,finbert-ft-2026-08-09
jpm,2022-12-31,628,2554,297,172,0.1163,0.0673,0.1074,0.0865,0.5,finbert-ft-2026-08-09
jpm,2023-03-31,628,3094,313,200,0.1012,0.0646,0.1093,0.0861,0.5,finbert-ft-2026-08-09
jpm,2023-06-30,628,11039,945,1483,0.0856,0.1343,0.112,0.1491,0.5,finbert-ft-2026-08-09
jpm,2023-09-30,628,6375,630,549,0.0988,0.0861,0.1128,0.1107,0.5,finbert-ft-2026-08-09
jpm,2023-12-31,628,4883,165,295,0.0338,0.0604,0.0477,0.0842,0.5,finbert-ft-2026-08-09
jpm,2024-03-31,628,5671,205,389,0.0361,0.0686,0.0469,0.0892,0.5,finbert-ft-2026-08-09
jpm,2024-06-30,628,6481,199,435,0.0307,0.0671,0.0428,0.0862,0.5,finbert-ft-2026-08-09
jpm,2024-09-30,628,5644,129,357,0.0229,0.0633,0.0354,0.0829,0.5,finbert-ft-2026-08-09
jpm,2024-12-31,628,3861,456,244,0.1181,0.0632,0.12,0.0862,0.5,finbert-ft-2026-08-09
key,2020-03-31,17534,125,13,19,0.104,0.152,0.1076,0.161,0.5,finbert-ft-2026-08-09
key,2020-06-30,17534,88,5,15,0.0568,0.1705,0.0667,0.1908,0.5,finbert-ft-2026-08-09
key,2020-09-30,17534,82,8,14,0.0976,0.1707,0.1058,0.1965,0.5,finbert-ft-2026-08-09
key,2020-12-31,17534,46,3,18,0.0652,0.3913,0.0713,0.3968,0.5,finbert-ft-2026-08-09
key,2021-03-31,17534,95,13,18,0.1368,0.1895,0.1422,0.203,0.5,finbert-ft-2026-08-09
key,2021-06-30,17534,126,7,33,0.0556,0.2619,0.0669,0.2724,0.5,finbert-ft-2026-08-09
key,2021-09-30,17534,116,1,35,0.0086,0.3017,0.0197,0.2934,0.5,finbert-ft-2026-08-09
key,2021-12-31,17534,100,1,23,0.01,0.23,0.0287,0.2298,0.5,finbert-ft-2026-08-09
key,2022-03-31,17534,172,2,20,0.0116,0.1163,0.0204,0.132,0.5,finbert-ft-2026-08-09
key,2022-06-30,17534,268,1,24,0.0037,0.0896,0.0144,0.1125,0.5,finbert-ft-2026-08-09
key,2022-09-30,17534,237,10,16,0.0422,0.0675,0.0582,0.0905,0.5,finbert-ft-2026-08-09
key,2022-12-31,17534,114,3,12,0.0263,0.1053,0.0428,0.1258,0.5,finbert-ft-2026-08-09
key,2023-03-31,17534,179,1,35,0.0056,0.1955,0.0215,0.188,0.5,finbert-ft-2026-08-09
key,2023-06-30,17534,876,40,47,0.0457,0.0537,0.0551,0.0783,0.5,finbert-ft-2026-08-09
key,2023-09-30,17534,1219,13,225,0.0107,0.1846,0.0323,0.1805,0.5,finbert-ft-2026-08-09
key,2023-12-31,17534,636,8,114,0.0126,0.1792,0.0226,0.1869,0.5,finbert-ft-2026-08-09
key,2024-03-31,17534,670,6,104,0.009,0.1552,0.0174,0.1593,0.5,finbert-ft-2026-08-09
key,2024-06-30,17534,497,6,61,0.0121,0.1227,0.0215,0.1358,0.5,finbert-ft-2026-08-09
key,2024-09-30,17534,617,11,86,0.0178,0.1394,0.0252,0.1548,0.5,finbert-ft-2026-08-09
key,2024-12-31,17534,540,4,85,0.0074,0.1574,0.0189,0.1752,0.5,finbert-ft-2026-08-09
lob,2020-03-31,58665,16,0,4,0.0,0.25,0.0166,0.2502,0.5,finbert-ft-2026-08-09
lob,2020-06-30,58665,17,0,5,0.0,0.2941,0.0091,0.2799,0.5,finbert-ft-2026-08-09
lob,2020-09-30,58665,13,0,3,0.0,0.2308,0.009,0.2324,0.5,finbert-ft-2026-08-09
lob,2020-12-31,58665,8,0,2,0.0,0.25,0.0144,0.2489,0.5,finbert-ft-2026-08-09
lob,2021-03-31,58665,15,0,5,0.0,0.3333,0.0122,0.3113,0.5,finbert-ft-2026-08-09
lob,2021-06-30,58665,17,0,5,0.0,0.2941,0.023,0.319,0.5,finbert-ft-2026-08-09
lob,2021-09-30,58665,14,0,2,0.0,0.1429,0.0426,0.1845,0.5,finbert-ft-2026-08-09
lob,2021-12-31,58665,12,1,2,0.0833,0.1667,0.1027,0.1962,0.5,finbert-ft-2026-08-09
lob,2022-03-31,58665,21,0,6,0.0,0.2857,0.0311,0.2842,0.5,finbert-ft-2026-08-09
lob,2022-06-30,58665,28,0,10,0.0,0.3571,0.0256,0.3746,0.5,finbert-ft-2026-08-09
lob,2022-09-30,58665,29,0,8,0.0,0.2759,0.0165,0.2839,0.5,finbert-ft-2026-08-09
lob,2022-12-31,58665,14,0,3,0.0,0.2143,0.0183,0.2218,0.5,finbert-ft-2026-08-09
lob,2023-03-31,58665,15,0,4,0.0,0.2667,0.0157,0.287,0.5,finbert-ft-2026-08-09
lob,2023-06-30,58665,50,2,5,0.04,0.1,0.0507,0.1185,0.5,finbert-ft-2026-08-09
lob,2023-09-30,58665,32,1,4,0.0312,0.125,0.0436,0.1473,0.5,finbert-ft-2026-08-09
lob,2023-12-31,58665,38,1,3,0.0263,0.0789,0.0455,0.1039,0.5,finbert-ft-2026-08-09
lob,2024-03-31,58665,44,3,4,0.0682,0.0909,0.0686,0.1184,0.5,finbert-ft-2026-08-09
lob,2024-06-30,58665,51,2,4,0.0392,0.0784,0.0511,0.0969,0.5,finbert-ft-2026-08-09
lob,2024-09-30,58665,48,0,12,0.0,0.25,0.0182,0.243,0.5,finbert-ft-2026-08-09
lob,2024-12-31,58665,29,0,4,0.0,0.1379,0.0201,0.1444,0.5,finbert-ft-2026-08-09
mbin,2020-03-31,8056,22,0,9,0.0,0.4091,0.0205,0.5138,0.5,finbert-ft-2026-08-09
mbin,2020-06-30,8056,27,0,13,0.0,0.4815,0.0184,0.5809,0.5,finbert-ft-2026-08-09
mbin,2020-09-30,8056,18,0,13,0.0,0.7222,0.0131,0.765,0.5,finbert-ft-2026-08-09
mbin,2020-12-31,8056,16,0,11,0.0,0.6875,0.0129,0.6736,0.5,finbert-ft-2026-08-09
mbin,2021-03-31,8056,26,2,12,0.0769,0.4615,0.0803,0.5354,0.5,finbert-ft-2026-08-09
mbin,2021-06-30,8056,20,0,13,0.0,0.65,0.0412,0.6722,0.5,finbert-ft-2026-08-09
mbin,2021-09-30,8056,15,2,12,0.1333,0.8,0.1103,0.7752,0.5,finbert-ft-2026-08-09
mbin,2021-12-31,8056,27,0,19,0.0,0.7037,0.1021,0.707,0.5,finbert-ft-2026-08-09
mbin,2022-03-31,8056,26,0,22,0.0,0.8462,0.0233,0.7872,0.5,finbert-ft-2026-08-09
mbin,2022-06-30,8056,39,1,21,0.0256,0.5385,0.031,0.5503,0.5,finbert-ft-2026-08-09
mbin,2022-09-30,8056,25,3,15,0.12,0.6,0.1139,0.5857,0.5,finbert-ft-2026-08-09
mbin,2022-12-31,8056,19,0,14,0.0,0.7368,0.0217,0.6912,0.5,finbert-ft-2026-08-09
mbin,2023-03-31,8056,20,0,12,0.0,0.6,0.0117,0.6389,0.5,finbert-ft-2026-08-09
mbin,2023-06-30,8056,87,1,17,0.0115,0.1954,0.0203,0.2329,0.5,finbert-ft-2026-08-09
mbin,2023-09-30,8056,62,2,17,0.0323,0.2742,0.0497,0.2802,0.5,finbert-ft-2026-08-09
mbin,2023-12-31,8056,36,0,18,0.0,0.5,0.0236,0.5091,0.5,finbert-ft-2026-08-09
mbin,2024-03-31,8056,63,0,24,0.0,0.381,0.0181,0.4141,0.5,finbert-ft-2026-08-09
mbin,2024-06-30,8056,79,2,30,0.0253,0.3797,0.0251,0.408,0.5,finbert-ft-2026-08-09
mbin,2024-09-30,8056,73,3,25,0.0411,0.3425,0.0559,0.343,0.5,finbert-ft-2026-08-09
mbin,2024-12-31,8056,87,8,28,0.092,0.3218,0.104,0.3204,0.5,finbert-ft-2026-08-09
ms,2020-03-31,32992,2494,58,187,0.0233,0.075,0.0339,0.1117,0.5,finbert-ft-2026-08-09
ms,2020-06-30,32992,1471,92,58,0.0625,0.0394,0.0744,0.0627,0.5,finbert-ft-2026-08-09
ms,2020-09-30,32992,1236,25,117,0.0202,0.0947,0.0351,0.1116,0.5,finbert-ft-2026-08-09
ms,2020-12-31,32992,988,34,138,0.0344,0.1397,0.0454,0.1505,0.5,finbert-ft-2026-08-09
ms,2021-03-31,32992,1237,10,120,0.0081,0.097,0.0196,0.1141,0.5,finbert-ft-2026-08-09
ms,2021-06-30,32992,1402,246,91,0.1755,0.0649,0.1376,0.0902,0.5,finbert-ft-2026-08-09
ms,2021-09-30,32992,992,19,39,0.0192,0.0393,0.0307,0.0632,0.5,finbert-ft-2026-08-09
ms,2021-12-31,32992,1123,32,64,0.0285,0.057,0.039,0.0766,0.5,finbert-ft-2026-08-09
ms,2022-03-31,32992,1117,31,87,0.0278,0.0779,0.0398,0.092,0.5,finbert-ft-2026-08-09
ms,2022-06-30,32992,1347,39,39,0.029,0.029,0.0399,0.0479,0.5,finbert-ft-2026-08-09
ms,2022-09-30,32992,1296,84,39,0.0648,0.0301,0.0756,0.0501,0.5,finbert-ft-2026-08-09
ms,2022-12-31,32992,1183,123,36,0.104,0.0304,0.117,0.0498,0.5,finbert-ft-2026-08-09
ms,2023-03-31,32992,1711,87,123,0.0508,0.0719,0.0646,0.0857,0.5,finbert-ft-2026-08-09
ms,2023-06-30,32992,3460,227,107,0.0656,0.0309,0.0808,0.0501,0.5,finbert-ft-2026-08-09
ms,2023-09-30,32992,3564,98,136,0.0275,0.0382,0.0389,0.0584,0.5,finbert-ft-2026-08-09
ms,2023-12-31,32992,2264,105,104,0.0464,0.0459,0.0593,0.0634,0.5,finbert-ft-2026-08-09
ms,2024-03-31,32992,2692,127,133,0.0472,0.0494,0.059,0.072,0.5,finbert-ft-2026-08-09
ms,2024-06-30,32992,2749,76,159,0.0276,0.0578,0.0403,0.0764,0.5,finbert-ft-2026-08-09
ms,2024-09-30,32992,2854,46,115,0.0161,0.0403,0.0306,0.0574,0.5,finbert-ft-2026-08-09
ms,2024-12-31,32992,1748,32,116,0.0183,0.0664,0.0282,0.085,0.5,finbert-ft-2026-08-09
mtb,2020-03-31,588,107,6,28,0.0561,0.2617,0.0951,0.2394,0.5,finbert-ft-2026-08-09
mtb,2020-06-30,588,71,3,21,0.0423,0.2958,0.0602,0.2938,0.5,finbert-ft-2026-08-09
mtb,2020-09-30,588,65,2,10,0.0308,0.1538,0.0514,0.1836,0.5,finbert-ft-2026-08-09
mtb,2020-12-31,588,73,5,8,0.0685,0.1096,0.0802,0.1383,0.5,finbert-ft-2026-08-09
mtb,2021-03-31,588,184,3,75,0.0163,0.4076,0.037,0.415,0.5,finbert-ft-2026-08-09
mtb,2021-06-30,588,102,4,17,0.0392,0.1667,0.0629,0.198,0.5,finbert-ft-2026-08-09
mtb,2021-09-30,588,89,11,15,0.1236,0.1685,0.1788,0.2009,0.5,finbert-ft-2026-08-09
mtb,2021-12-31,588,63,2,16,0.0317,0.254,0.059,0.2748,0.5,finbert-ft-2026-08-09
mtb,2022-03-31,588,107,2,40,0.0187,0.3738,0.0318,0.3977,0.5,finbert-ft-2026-08-09
mtb,2022-06-30,588,178,4,58,0.0225,0.3258,0.0312,0.3704,0.5,finbert-ft-2026-08-09
mtb,2022-09-30,588,162,12,19,0.0741,0.1173,0.1133,0.1583,0.5,finbert-ft-2026-08-09
mtb,2022-12-31,588,73,6,25,0.0822,0.3425,0.0939,0.3891,0.5,finbert-ft-2026-08-09
mtb,2023-03-31,588,97,4,20,0.0412,0.2062,0.0514,0.2317,0.5,finbert-ft-2026-08-09
mtb,2023-06-30,588,368,6,52,0.0163,0.1413,0.0331,0.1869,0.5,finbert-ft-2026-08-09
mtb,2023-09-30,588,239,13,36,0.0544,0.1506,0.0712,0.1764,0.5,finbert-ft-2026-08-09
mtb,2023-12-31,588,152,8,33,0.0526,0.2171,0.0618,0.2425,0.5,finbert-ft-2026-08-09
mtb,2024-03-31,588,270,18,17,0.0667,0.063,0.0772,0.0947,0.5,finbert-ft-2026-08-09
mtb,2024-06-30,588,426,12,33,0.0282,0.0775,0.0419,0.1036,0.5,finbert-ft-2026-08-09
mtb,2024-09-30,588,249,5,25,0.0201,0.1004,0.0391,0.1274,0.5,finbert-ft-2026-08-09
mtb,2024-12-31,588,285,4,27,0.014,0.0947,0.0333,0.1157,0.5,finbert-ft-2026-08-09
nbtb,2020-03-31,7230,10,2,6,0.2,0.6,0.1392,0.5934,0.5,finbert-ft-2026-08-09
nbtb,2020-06-30,7230,12,0,10,0.0,0.8333,0.0088,0.8105,0.5,finbert-ft-2026-08-09
nbtb,2020-09-30,7230,6,0,3,0.0,0.5,0.0175,0.4939,0.5,finbert-ft-2026-08-09
nbtb,2020-12-31,7230,4,0,2,0.0,0.5,0.0168,0.5168,0.5,finbert-ft-2026-08-09
nbtb,2021-03-31,7230,7,0,5,0.0,0.7143,0.0138,0.6874,0.5,finbert-ft-2026-08-09
nbtb,2021-06-30,7230,8,1,5,0.125,0.625,0.106,0.6091,0.5,finbert-ft-2026-08-09
nbtb,2021-09-30,7230,13,0,8,0.0,0.6154,0.0323,0.5896,0.5,finbert-ft-2026-08-09
nbtb,2021-12-31,7230,7,0,5,0.0,0.7143,0.0504,0.5783,0.5,finbert-ft-2026-08-09
nbtb,2022-03-31,7230,10,0,6,0.0,0.6,0.008,0.5849,0.5,finbert-ft-2026-08-09
nbtb,2022-06-30,7230,18,0,15,0.0,0.8333,0.0112,0.7591,0.5,finbert-ft-2026-08-09
nbtb,2022-09-30,7230,6,0,2,0.0,0.3333,0.0232,0.359,0.5,finbert-ft-2026-08-09
nbtb,2022-12-31,7230,10,0,6,0.0,0.6,0.0133,0.6068,0.5,finbert-ft-2026-08-09
nbtb,2023-03-31,7230,7,1,3,0.1429,0.4286,0.1319,0.44,0.5,finbert-ft-2026-08-09
nbtb,2023-06-30,7230,26,0,9,0.0,0.3462,0.0185,0.3643,0.5,finbert-ft-2026-08-09
nbtb,2023-09-30,7230,16,0,8,0.0,0.5,0.014,0.4897,0.5,finbert-ft-2026-08-09
nbtb,2023-12-31,7230,11,0,7,0.0,0.6364,0.0167,0.6397,0.5,finbert-ft-2026-08-09
nbtb,2024-03-31,7230,28,1,8,0.0357,0.2857,0.0454,0.325,0.5,finbert-ft-2026-08-09
nbtb,2024-06-30,7230,22,0,9,0.0,0.4091,0.0135,0.409,0.5,finbert-ft-2026-08-09
nbtb,2024-09-30,7230,26,0,6,0.0,0.2308,0.0098,0.2451,0.5,finbert-ft-2026-08-09
nbtb,2024-12-31,7230,23,1,12,0.0435,0.5217,0.0383,0.5067,0.5,finbert-ft-2026-08-09
nic,2020-03-31,57038,24,0,10,0.0,0.4167,0.0201,0.4011,0.5,finbert-ft-2026-08-09
nic,2020-06-30,57038,21,8,4,0.381,0.1905,0.3814,0.1953,0.5,finbert-ft-2026-08-09
nic,2020-09-30,57038,15,0,3,0.0,0.2,0.0159,0.2116,0.5,finbert-ft-2026-08-09
nic,2020-12-31,57038,5,0,1,0.0,0.2,0.0161,0.2135,0.5,finbert-ft-2026-08-09
nic,2021-03-31,57038,10,0,5,0.0,0.5,0.0187,0.4609,0.5,finbert-ft-2026-08-09
nic,2021-06-30,57038,42,3,15,0.0714,0.3571,0.086,0.3922,0.5,finbert-ft-2026-08-09
nic,2021-09-30,57038,21,0,9,0.0,0.4286,0.0351,0.4814,0.5,finbert-ft-2026-08-09
nic,2021-12-31,57038,15,0,8,0.0,0.5333,0.0516,0.5931,0.5,finbert-ft-2026-08-09
nic,2022-03-31,57038,26,3,8,0.1154,0.3077,0.0787,0.3691,0.5,finbert-ft-2026-08-09
nic,2022-06-30,57038,23,0,3,0.0,0.1304,0.0233,0.203,0.5,finbert-ft-2026-08-09
nic,2022-09-30,57038,21,0,4,0.0,0.1905,0.0316,0.2718,0.5,finbert-ft-2026-08-09
nic,2022-12-31,57038,11,0,1,0.0,0.0909,0.0226,0.1336,0.5,finbert-ft-2026-08-09
nic,2023-03-31,57038,11,2,1,0.1818,0.0909,0.2,0.158,0.5,finbert-ft-2026-08-09
nic,2023-06-30,57038,75,2,6,0.0267,0.08,0.0482,0.1164,0.5,finbert-ft-2026-08-09
nic,2023-09-30,57038,63,0,5,0.0,0.0794,0.0269,0.1049,0.5,finbert-ft-2026-08-09
nic,2023-12-31,57038,8,1,2,0.125,0.25,0.0886,0.2661,0.5,finbert-ft-2026-08-09
nic,2024-03-31,57038,126,2,16,0.0159,0.127,0.0317,0.1472,0.5,finbert-ft-2026-08-09
nic,2024-06-30,57038,31,2,9,0.0645,0.2903,0.0751,0.2975,0.5,finbert-ft-2026-08-09
nic,2024-09-30,57038,31,0,9,0.0,0.2903,0.0115,0.3077,0.5,finbert-ft-2026-08-09
nic,2024-12-31,57038,37,0,8,0.0,0.2162,0.0106,0.2134,0.5,finbert-ft-2026-08-09
ntrs,2020-03-31,913,85,3,4,0.0353,0.0471,0.04,0.084,0.5,finbert-ft-2026-08-09
ntrs,2020-06-30,913,147,2,15,0.0136,0.102,0.0254,0.1263,0.5,finbert-ft-2026-08-09
ntrs,2020-09-30,913,271,1,5,0.0037,0.0185,0.018,0.0461,0.5,finbert-ft-2026-08-09
ntrs,2020-12-31,913,75,3,3,0.04,0.04,0.044,0.084,0.5,finbert-ft-2026-08-09
ntrs,2021-03-31,913,144,5,13,0.0347,0.0903,0.0419,0.1333,0.5,finbert-ft-2026-08-09
ntrs,2021-06-30,913,138,3,13,0.0217,0.0942,0.0297,0.1228,0.5,finbert-ft-2026-08-09
ntrs,2021-09-30,913,291,1,16,0.0034,0.055,0.016,0.0635,0.5,finbert-ft-2026-08-09
ntrs,2021-12-31,913,158,0,15,0.0,0.0949,0.0137,0.1159,0.5,finbert-ft-2026-08-09
ntrs,2022-03-31,913,104,1,8,0.0096,0.0769,0.0213,0.0872,0.5,finbert-ft-2026-08-09
ntrs,2022-06-30,913,125,0,10,0.0,0.08,0.01,0.1057,0.5,finbert-ft-2026-08-09
ntrs,2022-09-30,913,117,3,5,0.0256,0.0427,0.0351,0.0782,0.5,finbert-ft-2026-08-09
ntrs,2022-12-31,913,107,1,13,0.0093,0.1215,0.0179,0.1316,0.5,finbert-ft-2026-08-09
ntrs,2023-03-31,913,88,4,10,0.0455,0.1136,0.0523,0.1233,0.5,finbert-ft-2026-08-09
ntrs,2023-06-30,913,221,2,17,0.009,0.0769,0.0257,0.1071,0.5,finbert-ft-2026-08-09
ntrs,2023-09-30,913,203,23,9,0.1133,0.0443,0.1163,0.074,0.5,finbert-ft-2026-08-09
ntrs,2023-12-31,913,251,9,18,0.0359,0.0717,0.0436,0.0869,0.5,finbert-ft-2026-08-09
ntrs,2024-03-31,913,319,9,20,0.0282,0.0627,0.0373,0.0781,0.5,finbert-ft-2026-08-09
ntrs,2024-06-30,913,350,12,20,0.0343,0.0571,0.046,0.0714,0.5,finbert-ft-2026-08-09
ntrs,2024-09-30,913,225,0,24,0.0,0.1067,0.0125,0.13,0.5,finbert-ft-2026-08-09
ntrs,2024-12-31,913,159,2,21,0.0126,0.1321,0.0187,0.1589,0.5,finbert-ft-2026-08-09
nwbi,2020-03-31,28178,10,0,7,0.0,0.7,0.0086,0.615,0.5,finbert-ft-2026-08-09
nwbi,2020-06-30,28178,14,0,11,0.0,0.7857,0.0263,0.7454,0.5,finbert-ft-2026-08-09
nwbi,2020-09-30,28178,16,0,13,0.0,0.8125,0.0079,0.7509,0.5,finbert-ft-2026-08-09
nwbi,2020-12-31,28178,3,0,2,0.0,0.6667,0.0081,0.6408,0.5,finbert-ft-2026-08-09
nwbi,2021-03-31,28178,2,0,1,0.0,0.5,0.0086,0.4754,0.5,finbert-ft-2026-08-09
nwbi,2021-06-30,28178,8,0,7,0.0,0.875,0.0072,0.824,0.5,finbert-ft-2026-08-09
nwbi,2021-09-30,28178,3,0,2,0.0,0.6667,0.0106,0.6396,0.5,finbert-ft-2026-08-09
nwbi,2021-12-31,28178,3,0,2,0.0,0.6667,0.0084,0.6306,0.5,finbert-ft-2026-08-09
nwbi,2022-03-31,28178,9,0,6,0.0,0.6667,0.0118,0.6672,0.5,finbert-ft-2026-08-09
nwbi,2022-06-30,28178,36,0,8,0.0,0.2222,0.0095,0.2833,0.5,finbert-ft-2026-08-09
nwbi,2022-09-30,28178,7,0,3,0.0,0.4286,0.0082,0.4186,0.5,finbert-ft-2026-08-09
nwbi,2022-12-31,28178,4,0,3,0.0,0.75,0.0103,0.7243,0.5,finbert-ft-2026-08-09
nwbi,2023-03-31,28178,5,0,3,0.0,0.6,0.007,0.5906,0.5,finbert-ft-2026-08-09
nwbi,2023-06-30,28178,37,0,8,0.0,0.2162,0.0233,0.2332,0.5,finbert-ft-2026-08-09
nwbi,2023-09-30,28178,18,0,7,0.0,0.3889,0.0225,0.3989,0.5,finbert-ft-2026-08-09
nwbi,2023-12-31,28178,10,0,2,0.0,0.2,0.0093,0.2352,0.5,finbert-ft-2026-08-09
nwbi,2024-03-31,28178,13,0,7,0.0,0.5385,0.0095,0.5713,0.5,finbert-ft-2026-08-09
nwbi,2024-06-30,28178,18,0,6,0.0,0.3333,0.016,0.3406,0.5,finbert-ft-2026-08-09
nwbi,2024-09-30,28178,20,0,6,0.0,0.3,0.0118,0.3053,0.5,finbert-ft-2026-08-09
nwbi,2024-12-31,28178,17,0,12,0.0,0.7059,0.0083,0.6848,0.5,finbert-ft-2026-08-09
obk,2020-03-31,12614,20,1,7,0.05,0.35,0.065,0.4023,0.5,finbert-ft-2026-08-09
obk,2020-06-30,12614,19,1,5,0.0526,0.2632,0.0633,0.3553,0.5,finbert-ft-2026-08-09
obk,2020-09-30,12614,16,0,5,0.0,0.3125,0.0123,0.345,0.5,finbert-ft-2026-08-09
obk,2020-12-31,12614,10,0,6,0.0,0.6,0.0386,0.596,0.5,finbert-ft-2026-08-09
obk,2021-03-31,12614,12,0,7,0.0,0.5833,0.0181,0.6235,0.5,finbert-ft-2026-08-09
obk,2021-06-30,12614,7,0,6,0.0,0.8571,0.0142,0.8174,0.5,finbert-ft-2026-08-09
obk,2021-09-30,12614,11,0,9,0.0,0.8182,0.0197,0.7749,0.5,finbert-ft-2026-08-09
obk,2021-12-31,12614,16,0,12,0.0,0.75,0.0236,0.7312,0.5,finbert-ft-2026-08-09
obk,2022-03-31,12614,28,0,20,0.0,0.7143,0.0141,0.6882,0.5,finbert-ft-2026-08-09
obk,2022-06-30,12614,34,1,16,0.0294,0.4706,0.0377,0.472,0.5,finbert-ft-2026-08-09
obk,2022-09-30,12614,24,0,15,0.0,0.625,0.0148,0.6303,0.5,finbert-ft-2026-08-09
obk,2022-12-31,12614,13,0,6,0.0,0.4615,0.0204,0.4738,0.5,finbert-ft-2026-08-09
obk,2023-03-31,12614,15,1,7,0.0667,0.4667,0.0783,0.3614,0.5,finbert-ft-2026-08-09
obk,2023-06-30,12614,50,3,16,0.06,0.32,0.0582,0.3915,0.5,finbert-ft-2026-08-09
obk,2023-09-30,12614,31,1,13,0.0323,0.4194,0.0485,0.3917,0.5,finbert-ft-2026-08-09
obk,2023-12-31,12614,19,1,8,0.0526,0.4211,0.0617,0.4118,0.5,finbert-ft-2026-08-09
obk,2024-03-31,12614,34,1,8,0.0294,0.2353,0.0539,0.2705,0.5,finbert-ft-2026-08-09
obk,2024-06-30,12614,31,0,8,0.0,0.2581,0.011,0.3094,0.5,finbert-ft-2026-08-09
obk,2024-09-30,12614,36,0,13,0.0,0.3611,0.0219,0.4074,0.5,finbert-ft-2026-08-09
obk,2024-12-31,12614,39,0,9,0.0,0.2308,0.0245,0.2792,0.5,finbert-ft-2026-08-09
ocfc,2020-03-31,28359,8,0,7,0.0,0.875,0.007,0.8213,0.5,finbert-ft-2026-08-09
ocfc,2020-06-30,28359,11,0,9,0.0,0.8182,0.0066,0.7767,0.5,finbert-ft-2026-08-09
ocfc,2020-09-30,28359,6,0,5,0.0,0.8333,0.0066,0.7314,0.5,finbert-ft-2026-08-09
ocfc,2020-12-31,28359,7,0,5,0.0,0.7143,0.0081,0.6742,0.5,finbert-ft-2026-08-09
ocfc,2021-03-31,28359,5,0,4,0.0,0.8,0.007,0.753,0.5,finbert-ft-2026-08-09
ocfc,2021-06-30,28359,8,0,6,0.0,0.75,0.0069,0.6821,0.5,finbert-ft-2026-08-09
ocfc,2021-09-30,28359,7,0,5,0.0,0.7143,0.0075,0.6872,0.5,finbert-ft-2026-08-09
ocfc,2021-12-31,28359,7,0,6,0.0,0.8571,0.0072,0.8087,0.5,finbert-ft-2026-08-09
ocfc,2022-03-31,28359,9,0,7,0.0,0.7778,0.0074,0.7476,0.5,finbert-ft-2026-08-09
ocfc,2022-06-30,28359,4,0,3,0.0,0.75,0.008,0.7195,0.5,finbert-ft-2026-08-09
ocfc,2022-09-30,28359,3,0,2,0.0,0.6667,0.0082,0.6413,0.5,finbert-ft-2026-08-09
ocfc,2022-12-31,28359,5,0,4,0.0,0.8,0.0078,0.7661,0.5,finbert-ft-2026-08-09
ocfc,2023-03-31,28359,6,0,4,0.0,0.6667,0.0075,0.6501,0.5,finbert-ft-2026-08-09
ocfc,2023-06-30,28359,5,0,4,0.0,0.8,0.0079,0.7664,0.5,finbert-ft-2026-08-09
ocfc,2023-09-30,28359,5,0,4,0.0,0.8,0.0079,0.7668,0.5,finbert-ft-2026-08-09
ocfc,2023-12-31,28359,3,0,2,0.0,0.6667,0.0081,0.6396,0.5,finbert-ft-2026-08-09
ocfc,2024-03-31,28359,4,0,3,0.0,0.75,0.0078,0.7188,0.5,finbert-ft-2026-08-09
ocfc,2024-06-30,28359,4,0,3,0.0,0.75,0.008,0.7189,0.5,finbert-ft-2026-08-09
ocfc,2024-09-30,28359,16,3,10,0.1875,0.625,0.1769,0.6066,0.5,finbert-ft-2026-08-09
ocfc,2024-12-31,28359,7,0,3,0.0,0.4286,0.0072,0.4329,0.5,finbert-ft-2026-08-09
ofg,2020-03-31,31469,44,2,13,0.0455,0.2955,0.0514,0.2968,0.5,finbert-ft-2026-08-09
ofg,2020-06-30,31469,18,2,4,0.1111,0.2222,0.1278,0.2342,0.5,finbert-ft-2026-08-09
ofg,2020-09-30,31469,14,2,2,0.1429,0.1429,0.1325,0.2302,0.5,finbert-ft-2026-08-09
ofg,2020-12-31,31469,17,0,5,0.0,0.2941,0.009,0.3212,0.5,finbert-ft-2026-08-09
ofg,2021-03-31,31469,17,0,5,0.0,0.2941,0.0169,0.325,0.5,finbert-ft-2026-08-09
ofg,2021-06-30,31469,10,0,5,0.0,0.5,0.0151,0.4596,0.5,finbert-ft-2026-08-09
ofg,2021-09-30,31469,21,0,8,0.0,0.381,0.0105,0.3761,0.5,finbert-ft-2026-08-09
ofg,2021-12-31,31469,10,0,4,0.0,0.4,0.0201,0.4221,0.5,finbert-ft-2026-08-09
ofg,2022-03-31,31469,15,1,1,0.0667,0.0667,0.0639,0.1344,0.5,finbert-ft-2026-08-09
ofg,2022-06-30,31469,18,1,4,0.0556,0.2222,0.0696,0.2631,0.5,finbert-ft-2026-08-09
ofg,2022-09-30,31469,6,0,1,0.0,0.1667,0.0109,0.1832,0.5,finbert-ft-2026-08-09
ofg,2022-12-31,31469,9,0,3,0.0,0.3333,0.0624,0.3759,0.5,finbert-ft-2026-08-09
ofg,2023-03-31,31469,12,2,3,0.1667,0.25,0.1518,0.293,0.5,finbert-ft-2026-08-09
ofg,2023-06-30,31469,26,1,8,0.0385,0.3077,0.0754,0.3212,0.5,finbert-ft-2026-08-09
ofg,2023-09-30,31469,31,0,7,0.0,0.2258,0.0357,0.2591,0.5,finbert-ft-2026-08-09
ofg,2023-12-31,31469,30,2,8,0.0667,0.2667,0.1061,0.2959,0.5,finbert-ft-2026-08-09
ofg,2024-03-31,31469,29,0,8,0.0,0.2759,0.025,0.2956,0.5,finbert-ft-2026-08-09
ofg,2024-06-30,31469,43,1,8,0.0233,0.186,0.0578,0.2247,0.5,finbert-ft-2026-08-09
ofg,2024-09-30,31469,45,2,10,0.0444,0.2222,0.0576,0.247,0.5,finbert-ft-2026-08-09
ofg,2024-12-31,31469,37,2,8,0.0541,0.2162,0.0765,0.2508,0.5,finbert-ft-2026-08-09
onb,2020-03-31,3832,37,11,9,0.2973,0.2432,0.3052,0.2368,0.5,finbert-ft-2026-08-09
onb,2020-06-30,3832,18,2,11,0.1111,0.6111,0.0762,0.6074,0.5,finbert-ft-2026-08-09
onb,2020-09-30,3832,20,0,8,0.0,0.4,0.0284,0.4649,0.5,finbert-ft-2026-08-09
onb,2020-12-31,3832,13,0,9,0.0,0.6923,0.0216,0.5858,0.5,finbert-ft-2026-08-09
onb,2021-03-31,3832,19,2,14,0.1053,0.7368,0.0741,0.6321,0.5,finbert-ft-2026-08-09
onb,2021-06-30,3832,36,3,20,0.0833,0.5556,0.0721,0.5273,0.5,finbert-ft-2026-08-09
onb,2021-09-30,3832,19,0,15,0.0,0.7895,0.0217,0.6278,0.5,finbert-ft-2026-08-09
onb,2021-12-31,3832,37,8,13,0.2162,0.3514,0.2254,0.322,0.5,finbert-ft-2026-08-09
onb,2022-03-31,3832,65,0,24,0.0,0.3692,0.016,0.371,0.5,finbert-ft-2026-08-09
onb,2022-06-30,3832,27,1,17,0.037,0.6296,0.0495,0.559,0.5,finbert-ft-2026-08-09
onb,2022-09-30,3832,25,3,11,0.12,0.44,0.1408,0.4193,0.5,finbert-ft-2026-08-09
onb,2022-12-31,3832,22,0,12,0.0,0.5455,0.0325,0.5537,0.5,finbert-ft-2026-08-09
onb,2023-03-31,3832,23,1,11,0.0435,0.4783,0.0499,0.5035,0.5,finbert-ft-2026-08-09
onb,2023-06-30,3832,404,21,36,0.052,0.0891,0.0894,0.1252,0.5,finbert-ft-2026-08-09
onb,2023-09-30,3832,96,1,18,0.0104,0.1875,0.0235,0.2091,0.5,finbert-ft-2026-08-09
onb,2023-12-31,3832,146,3,25,0.0205,0.1712,0.0346,0.1802,0.5,finbert-ft-2026-08-09
onb,2024-03-31,3832,205,12,32,0.0585,0.1561,0.0655,0.1804,0.5,finbert-ft-2026-08-09
onb,2024-06-30,3832,285,8,30,0.0281,0.1053,0.0316,0.1374,0.5,finbert-ft-2026-08-09
onb,2024-09-30,3832,242,1,35,0.0041,0.1446,0.0229,0.1789,0.5,finbert-ft-2026-08-09
onb,2024-12-31,3832,132,0,45,0.0,0.3409,0.0316,0.3456,0.5,finbert-ft-2026-08-09
ozk,2020-03-31,110,22,3,0,0.1364,0.0,0.1576,0.038,0.5,finbert-ft-2026-08-09
ozk,2020-06-30,110,25,2,0,0.08,0.0,0.085,0.0648,0.5,finbert-ft-2026-08-09
ozk,2020-09-30,110,35,2,20,0.0571,0.5714,0.0745,0.5128,0.5,finbert-ft-2026-08-09
ozk,2020-12-31,110,13,0,1,0.0,0.0769,0.0085,0.0754,0.5,finbert-ft-2026-08-09
ozk,2021-03-31,110,23,0,8,0.0,0.3478,0.0077,0.4097,0.5,finbert-ft-2026-08-09
ozk,2021-06-30,110,21,0,4,0.0,0.1905,0.0113,0.2246,0.5,finbert-ft-2026-08-09
ozk,2021-09-30,110,18,0,8,0.0,0.4444,0.0277,0.4674,0.5,finbert-ft-2026-08-09
ozk,2021-12-31,110,28,0,5,0.0,0.1786,0.0161,0.2098,0.5,finbert-ft-2026-08-09
ozk,2022-03-31,110,28,1,6,0.0357,0.2143,0.0366,0.2455,0.5,finbert-ft-2026-08-09
ozk,2022-06-30,110,39,0,9,0.0,0.2308,0.0151,0.2731,0.5,finbert-ft-2026-08-09
ozk,2022-09-30,110,23,1,2,0.0435,0.087,0.0518,0.1772,0.5,finbert-ft-2026-08-09
ozk,2022-12-31,110,17,0,4,0.0,0.2353,0.051,0.2442,0.5,finbert-ft-2026-08-09
ozk,2023-03-31,110,24,0,4,0.0,0.1667,0.0256,0.1923,0.5,finbert-ft-2026-08-09
ozk,2023-06-30,110,91,2,16,0.022,0.1758,0.043,0.1982,0.5,finbert-ft-2026-08-09
ozk,2023-09-30,110,83,5,10,0.0602,0.1205,0.0629,0.1315,0.5,finbert-ft-2026-08-09
ozk,2023-12-31,110,79,0,7,0.0,0.0886,0.0096,0.1335,0.5,finbert-ft-2026-08-09
ozk,2024-03-31,110,80,0,19,0.0,0.2375,0.0214,0.2441,0.5,finbert-ft-2026-08-09
ozk,2024-06-30,110,147,12,18,0.0816,0.1224,0.0823,0.1289,0.5,finbert-ft-2026-08-09
ozk,2024-09-30,110,84,0,18,0.0,0.2143,0.0172,0.2291,0.5,finbert-ft-2026-08-09
ozk,2024-12-31,110,62,0,9,0.0,0.1452,0.015,0.1587,0.5,finbert-ft-2026-08-09
pb,2020-03-31,16835,26,0,5,0.0,0.1923,0.0079,0.2077,0.5,finbert-ft-2026-08-09
pb,2020-06-30,16835,22,0,2,0.0,0.0909,0.0076,0.1133,0.5,finbert-ft-2026-08-09
pb,2020-09-30,16835,30,1,4,0.0333,0.1333,0.0323,0.1293,0.5,finbert-ft-2026-08-09
pb,2020-12-31,16835,15,0,2,0.0,0.1333,0.0072,0.136,0.5,finbert-ft-2026-08-09
pb,2021-03-31,16835,17,0,6,0.0,0.3529,0.0075,0.3408,0.5,finbert-ft-2026-08-09
pb,2021-06-30,16835,19,0,2,0.0,0.1053,0.0094,0.1461,0.5,finbert-ft-2026-08-09
pb,2021-09-30,16835,17,0,1,0.0,0.0588,0.0118,0.0998,0.5,finbert-ft-2026-08-09
pb,2021-12-31,16835,21,0,3,0.0,0.1429,0.0131,0.1707,0.5,finbert-ft-2026-08-09
pb,2022-03-31,16835,19,0,6,0.0,0.3158,0.0094,0.2844,0.5,finbert-ft-2026-08-09
pb,2022-06-30,16835,29,0,8,0.0,0.2759,0.0152,0.2513,0.5,finbert-ft-2026-08-09
pb,2022-09-30,16835,16,1,3,0.0625,0.1875,0.0666,0.192,0.5,finbert-ft-2026-08-09
pb,2022-12-31,16835,24,0,10,0.0,0.4167,0.0216,0.4226,0.5,finbert-ft-2026-08-09
pb,2023-03-31,16835,24,0,9,0.0,0.375,0.0101,0.3193,0.5,finbert-ft-2026-08-09
pb,2023-06-30,16835,88,0,12,0.0,0.1364,0.0174,0.1927,0.5,finbert-ft-2026-08-09
pb,2023-09-30,16835,37,2,4,0.0541,0.1081,0.0524,0.1007,0.5,finbert-ft-2026-08-09
pb,2023-12-31,16835,49,0,9,0.0,0.1837,0.0108,0.183,0.5,finbert-ft-2026-08-09
pb,2024-03-31,16835,62,0,12,0.0,0.1935,0.0135,0.2031,0.5,finbert-ft-2026-08-09
pb,2024-06-30,16835,58,0,14,0.0,0.2414,0.0123,0.221,0.5,finbert-ft-2026-08-09
pb,2024-09-30,16835,111,0,11,0.0,0.0991,0.0205,0.1184,0.5,finbert-ft-2026-08-09
pb,2024-12-31,16835,65,0,6,0.0,0.0923,0.0105,0.1196,0.5,finbert-ft-2026-08-09
pfs,2020-03-31,12010,52,5,7,0.0962,0.1346,0.1085,0.1509,0.5,finbert-ft-2026-08-09
pfs,2020-06-30,12010,19,0,8,0.0,0.4211,0.0371,0.4113,0.5,finbert-ft-2026-08-09
pfs,2020-09-30,12010,8,0,3,0.0,0.375,0.0162,0.3688,0.5,finbert-ft-2026-08-09
pfs,2020-12-31,12010,5,0,3,0.0,0.6,0.0162,0.5764,0.5,finbert-ft-2026-08-09
pfs,2021-03-31,12010,4,0,2,0.0,0.5,0.009,0.4845,0.5,finbert-ft-2026-08-09
pfs,2021-06-30,12010,3,0,2,0.0,0.6667,0.0103,0.6428,0.5,finbert-ft-2026-08-09
pfs,2021-09-30,12010,4,0,1,0.0,0.25,0.0262,0.2624,0.5,finbert-ft-2026-08-09
pfs,2021-12-31,12010,4,0,1,0.0,0.25,0.0248,0.2609,0.5,finbert-ft-2026-08-09
pfs,2022-03-31,12010,9,0,7,0.0,0.7778,0.0079,0.7321,0.5,finbert-ft-2026-08-09
pfs,2022-06-30,12010,13,0,4,0.0,0.3077,0.0096,0.2793,0.5,finbert-ft-2026-08-09
pfs,2022-09-30,12010,6,0,4,0.0,0.6667,0.0089,0.6445,0.5,finbert-ft-2026-08-09
pfs,2022-12-31,12010,5,0,3,0.0,0.6,0.0105,0.5811,0.5,finbert-ft-2026-08-09
pfs,2023-03-31,12010,11,0,8,0.0,0.7273,0.0344,0.7021,0.5,finbert-ft-2026-08-09
pfs,2023-06-30,12010,13,0,7,0.0,0.5385,0.0179,0.5089,0.5,finbert-ft-2026-08-09
pfs,2023-09-30,12010,13,0,5,0.0,0.3846,0.0356,0.4164,0.5,finbert-ft-2026-08-09
pfs,2023-12-31,12010,13,0,6,0.0,0.4615,0.0122,0.4461,0.5,finbert-ft-2026-08-09
pfs,2024-03-31,12010,27,0,13,0.0,0.4815,0.0101,0.4575,0.5,finbert-ft-2026-08-09
pfs,2024-06-30,12010,33,0,19,0.0,0.5758,0.0099,0.553,0.5,finbert-ft-2026-08-09
pfs,2024-09-30,12010,24,0,4,0.0,0.1667,0.0104,0.183,0.5,finbert-ft-2026-08-09
pfs,2024-12-31,12010,26,0,5,0.0,0.1923,0.0116,0.2131,0.5,finbert-ft-2026-08-09
pnc,2020-03-31,6384,102,11,9,0.1078,0.0882,0.1324,0.0957,0.5,finbert-ft-2026-08-09
pnc,2020-06-30,6384,73,9,12,0.1233,0.1644,0.1264,0.1833,0.5,finbert-ft-2026-08-09
pnc,2020-09-30,6384,66,9,11,0.1364,0.1667,0.1488,0.2017,0.5,finbert-ft-2026-08-09
pnc,2020-12-31,6384,58,5,12,0.0862,0.2069,0.0924,0.2246,0.5,finbert-ft-2026-08-09
pnc,2021-03-31,6384,80,9,22,0.1125,0.275,0.1171,0.28,0.5,finbert-ft-2026-08-09
pnc,2021-06-30,6384,95,0,39,0.0,0.4105,0.0139,0.3762,0.5,finbert-ft-2026-08-09
pnc,2021-09-30,6384,87,4,14,0.046,0.1609,0.073,0.2001,0.5,finbert-ft-2026-08-09
pnc,2021-12-31,6384,102,3,14,0.0294,0.1373,0.0606,0.148,0.5,finbert-ft-2026-08-09
pnc,2022-03-31,6384,157,13,16,0.0828,0.1019,0.1055,0.1062,0.5,finbert-ft-2026-08-09
pnc,2022-06-30,6384,115,7,17,0.0609,0.1478,0.0673,0.154,0.5,finbert-ft-2026-08-09
pnc,2022-09-30,6384,82,5,9,0.061,0.1098,0.0632,0.1536,0.5,finbert-ft-2026-08-09
pnc,2022-12-31,6384,90,12,12,0.1333,0.1333,0.1204,0.1552,0.5,finbert-ft-2026-08-09
pnc,2023-03-31,6384,147,13,18,0.0884,0.1224,0.1001,0.1402,0.5,finbert-ft-2026-08-09
pnc,2023-06-30,6384,581,21,27,0.0361,0.0465,0.0469,0.077,0.5,finbert-ft-2026-08-09
pnc,2023-09-30,6384,289,14,20,0.0484,0.0692,0.0571,0.0911,0.5,finbert-ft-2026-08-09
pnc,2023-12-31,6384,299,17,29,0.0569,0.097,0.0691,0.1143,0.5,finbert-ft-2026-08-09
pnc,2024-03-31,6384,508,11,29,0.0217,0.0571,0.0353,0.0803,0.5,finbert-ft-2026-08-09
pnc,2024-06-30,6384,532,14,34,0.0263,0.0639,0.0355,0.0827,0.5,finbert-ft-2026-08-09
pnc,2024-09-30,6384,348,4,18,0.0115,0.0517,0.0249,0.0788,0.5,finbert-ft-2026-08-09
pnc,2024-12-31,6384,337,8,21,0.0237,0.0623,0.0362,0.0833,0.5,finbert-ft-2026-08-09
pnfp,2020-03-31,35583,47,0,4,0.0,0.0851,0.0143,0.1009,0.5,finbert-ft-2026-08-09
pnfp,2020-06-30,35583,38,0,12,0.0,0.3158,0.0114,0.367,0.5,finbert-ft-2026-08-09
pnfp,2020-09-30,35583,32,0,3,0.0,0.0938,0.0129,0.1049,0.5,finbert-ft-2026-08-09
pnfp,2020-12-31,35583,14,1,1,0.0714,0.0714,0.0938,0.0983,0.5,finbert-ft-2026-08-09
pnfp,2021-03-31,35583,36,0,4,0.0,0.1111,0.0145,0.1346,0.5,finbert-ft-2026-08-09
pnfp,2021-06-30,35583,29,0,4,0.0,0.1379,0.0144,0.1711,0.5,finbert-ft-2026-08-09
pnfp,2021-09-30,35583,20,0,1,0.0,0.05,0.0196,0.0759,0.5,finbert-ft-2026-08-09
pnfp,2021-12-31,35583,28,0,3,0.0,0.1071,0.0208,0.126,0.5,finbert-ft-2026-08-09
pnfp,2022-03-31,35583,28,0,7,0.0,0.25,0.0103,0.2688,0.5,finbert-ft-2026-08-09
pnfp,2022-06-30,35583,44,2,10,0.0455,0.2273,0.0587,0.1954,0.5,finbert-ft-2026-08-09
pnfp,2022-09-30,35583,38,0,7,0.0,0.1842,0.0166,0.1818,0.5,finbert-ft-2026-08-09
pnfp,2022-12-31,35583,50,0,8,0.0,0.16,0.0434,0.173,0.5,finbert-ft-2026-08-09
pnfp,2023-03-31,35583,60,0,8,0.0,0.1333,0.0143,0.1501,0.5,finbert-ft-2026-08-09
pnfp,2023-06-30,35583,131,4,12,0.0305,0.0916,0.0327,0.0943,0.5,finbert-ft-2026-08-09
pnfp,2023-09-30,35583,152,0,12,0.0,0.0789,0.0088,0.095,0.5,finbert-ft-2026-08-09
pnfp,2023-12-31,35583,151,2,5,0.0132,0.0331,0.0226,0.0509,0.5,finbert-ft-2026-08-09
pnfp,2024-03-31,35583,207,1,13,0.0048,0.0628,0.0158,0.0814,0.5,finbert-ft-2026-08-09
pnfp,2024-06-30,35583,236,5,12,0.0212,0.0508,0.0288,0.0684,0.5,finbert-ft-2026-08-09
pnfp,2024-09-30,35583,102,1,13,0.0098,0.1275,0.0182,0.1217,0.5,finbert-ft-2026-08-09
pnfp,2024-12-31,35583,149,4,19,0.0268,0.1275,0.0473,0.1224,0.5,finbert-ft-2026-08-09
prk,2020-03-31,6653,9,0,3,0.0,0.3333,0.0115,0.3206,0.5,finbert-ft-2026-08-09
prk,2020-06-30,6653,9,0,4,0.0,0.4444,0.0399,0.5719,0.5,finbert-ft-2026-08-09
prk,2020-09-30,6653,8,0,4,0.0,0.5,0.006,0.4823,0.5,finbert-ft-2026-08-09
prk,2020-12-31,6653,7,0,5,0.0,0.7143,0.0067,0.672,0.5,finbert-ft-2026-08-09
prk,2021-03-31,6653,4,0,2,0.0,0.5,0.0067,0.4795,0.5,finbert-ft-2026-08-09
prk,2021-06-30,6653,8,0,4,0.0,0.5,0.0087,0.4758,0.5,finbert-ft-2026-08-09
prk,2021-09-30,6653,7,0,5,0.0,0.7143,0.0063,0.6774,0.5,finbert-ft-2026-08-09
prk,2021-12-31,6653,5,0,3,0.0,0.6,0.0064,0.571,0.5,finbert-ft-2026-08-09
prk,2022-03-31,6653,5,0,3,0.0,0.6,0.0183,0.5702,0.5,finbert-ft-2026-08-09
prk,2022-06-30,6653,8,0,3,0.0,0.375,0.0224,0.394,0.5,finbert-ft-2026-08-09
prk,2022-09-30,6653,4,0,2,0.0,0.5,0.033,0.5331,0.5,finbert-ft-2026-08-09
prk,2022-12-31,6653,2,0,1,0.0,0.5,0.0078,0.4774,0.5,finbert-ft-2026-08-09
prk,2023-03-31,6653,6,0,3,0.0,0.5,0.0113,0.4829,0.5,finbert-ft-2026-08-09
prk,2023-06-30,6653,8,0,3,0.0,0.375,0.0662,0.4442,0.5,finbert-ft-2026-08-09
prk,2023-09-30,6653,4,0,2,0.0,0.5,0.065,0.5319,0.5,finbert-ft-2026-08-09
prk,2023-12-31,6653,9,0,4,0.0,0.4444,0.0406,0.4967,0.5,finbert-ft-2026-08-09
prk,2024-03-31,6653,3,0,2,0.0,0.6667,0.0073,0.6332,0.5,finbert-ft-2026-08-09
prk,2024-06-30,6653,8,0,4,0.0,0.5,0.0294,0.5156,0.5,finbert-ft-2026-08-09
prk,2024-09-30,6653,4,0,2,0.0,0.5,0.0236,0.4912,0.5,finbert-ft-2026-08-09
prk,2024-12-31,6653,4,0,2,0.0,0.5,0.026,0.5148,0.5,finbert-ft-2026-08-09
rf,2020-03-31,12368,74,2,11,0.027,0.1486,0.0609,0.1738,0.5,finbert-ft-2026-08-09
rf,2020-06-30,12368,50,2,16,0.04,0.32,0.0653,0.3117,0.5,finbert-ft-2026-08-09
rf,2020-09-30,12368,56,0,14,0.0,0.25,0.0179,0.2323,0.5,finbert-ft-2026-08-09
rf,2020-12-31,12368,33,0,10,0.0,0.303,0.011,0.3017,0.5,finbert-ft-2026-08-09
rf,2021-03-31,12368,47,0,12,0.0,0.2553,0.0179,0.2612,0.5,finbert-ft-2026-08-09
rf,2021-06-30,12368,70,1,21,0.0143,0.3,0.0275,0.314,0.5,finbert-ft-2026-08-09
rf,2021-09-30,12368,47,4,8,0.0851,0.1702,0.0911,0.1868,0.5,finbert-ft-2026-08-09
rf,2021-12-31,12368,86,3,26,0.0349,0.3023,0.0499,0.3081,0.5,finbert-ft-2026-08-09
rf,2022-03-31,12368,67,4,8,0.0597,0.1194,0.077,0.1489,0.5,finbert-ft-2026-08-09
rf,2022-06-30,12368,57,4,12,0.0702,0.2105,0.076,0.2213,0.5,finbert-ft-2026-08-09
rf,2022-09-30,12368,76,7,39,0.0921,0.5132,0.1229,0.4726,0.5,finbert-ft-2026-08-09
rf,2022-12-31,12368,56,5,10,0.0893,0.1786,0.0965,0.1631,0.5,finbert-ft-2026-08-09
rf,2023-03-31,12368,85,4,18,0.0471,0.2118,0.0537,0.2032,0.5,finbert-ft-2026-08-09
rf,2023-06-30,12368,232,10,45,0.0431,0.194,0.0498,0.1858,0.5,finbert-ft-2026-08-09
rf,2023-09-30,12368,176,7,18,0.0398,0.1023,0.0531,0.1242,0.5,finbert-ft-2026-08-09
rf,2023-12-31,12368,176,37,13,0.2102,0.0739,0.2177,0.0986,0.5,finbert-ft-2026-08-09
rf,2024-03-31,12368,216,24,24,0.1111,0.1111,0.1088,0.1308,0.5,finbert-ft-2026-08-09
rf,2024-06-30,12368,183,10,22,0.0546,0.1202,0.0661,0.1211,0.5,finbert-ft-2026-08-09
rf,2024-09-30,12368,199,6,27,0.0302,0.1357,0.0484,0.1588,0.5,finbert-ft-2026-08-09
rf,2024-12-31,12368,145,8,18,0.0552,0.1241,0.0562,0.1386,0.5,finbert-ft-2026-08-09
rjf,2020-03-31,33893,18,1,5,0.0556,0.2778,0.0597,0.2762,0.5,finbert-ft-2026-08-09
rjf,2020-06-30,33893,11,2,3,0.1818,0.2727,0.1431,0.293,0.5,finbert-ft-2026-08-09
rjf,2020-09-30,33893,14,0,5,0.0,0.3571,0.0114,0.3553,0.5,finbert-ft-2026-08-09
rjf,2020-12-31,33893,12,0,8,0.0,0.6667,0.0066,0.6019,0.5,finbert-ft-2026-08-09
rjf,2021-03-31,33893,16,0,5,0.0,0.3125,0.0082,0.3304,0.5,finbert-ft-2026-08-09
rjf,2021-06-30,33893,12,0,9,0.0,0.75,0.0095,0.7104,0.5,finbert-ft-2026-08-09
rjf,2021-09-30,33893,13,0,6,0.0,0.4615,0.0107,0.4421,0.5,finbert-ft-2026-08-09
rjf,2021-12-31,33893,34,0,13,0.0,0.3824,0.014,0.3994,0.5,finbert-ft-2026-08-09
rjf,2022-03-31,33893,56,0,11,0.0,0.1964,0.0143,0.1934,0.5,finbert-ft-2026-08-09
rjf,2022-06-30,33893,23,1,13,0.0435,0.5652,0.061,0.5329,0.5,finbert-ft-2026-08-09
rjf,2022-09-30,33893,20,1,6,0.05,0.3,0.0806,0.2884,0.5,finbert-ft-2026-08-09
rjf,2022-12-31,33893,16,0,10,0.0,0.625,0.0157,0.5747,0.5,finbert-ft-2026-08-09
rjf,2023-03-31,33893,80,0,7,0.0,0.0875,0.0149,0.0976,0.5,finbert-ft-2026-08-09
rjf,2023-06-30,33893,205,1,13,0.0049,0.0634,0.0203,0.0748,0.5,finbert-ft-2026-08-09
rjf,2023-09-30,33893,50,2,6,0.04,0.12,0.0497,0.1424,0.5,finbert-ft-2026-08-09
rjf,2023-12-31,33893,133,0,8,0.0,0.0602,0.0139,0.0805,0.5,finbert-ft-2026-08-09
rjf,2024-03-31,33893,153,1,10,0.0065,0.0654,0.018,0.0806,0.5,finbert-ft-2026-08-09
rjf,2024-06-30,33893,76,0,11,0.0,0.1447,0.0151,0.1585,0.5,finbert-ft-2026-08-09
rjf,2024-09-30,33893,244,1,6,0.0041,0.0246,0.0153,0.0477,0.5,finbert-ft-2026-08-09
rjf,2024-12-31,33893,18,0,11,0.0,0.6111,0.012,0.5913,0.5,finbert-ft-2026-08-09
rnst,2020-03-31,12437,11,0,5,0.0,0.4545,0.019,0.3933,0.5,finbert-ft-2026-08-09
rnst,2020-06-30,12437,15,0,6,0.0,0.4,0.0095,0.3872,0.5,finbert-ft-2026-08-09
rnst,2020-09-30,12437,17,0,11,0.0,0.6471,0.0091,0.5528,0.5,finbert-ft-2026-08-09
rnst,2020-12-31,12437,7,0,3,0.0,0.4286,0.0058,0.4232,0.5,finbert-ft-2026-08-09
rnst,2021-03-31,12437,5,0,3,0.0,0.6,0.0063,0.5696,0.5,finbert-ft-2026-08-09
rnst,2021-06-30,12437,8,1,5,0.125,0.625,0.1374,0.5752,0.5,finbert-ft-2026-08-09
rnst,2021-09-30,12437,14,0,4,0.0,0.2857,0.0395,0.3476,0.5,finbert-ft-2026-08-09
rnst,2021-12-31,12437,13,0,8,0.0,0.6154,0.0135,0.5451,0.5,finbert-ft-2026-08-09
rnst,2022-03-31,12437,5,0,4,0.0,0.8,0.0148,0.7404,0.5,finbert-ft-2026-08-09
rnst,2022-06-30,12437,6,0,4,0.0,0.6667,0.0139,0.6187,0.5,finbert-ft-2026-08-09
rnst,2022-09-30,12437,7,0,4,0.0,0.5714,0.0536,0.5358,0.5,finbert-ft-2026-08-09
rnst,2022-12-31,12437,5,0,3,0.0,0.6,0.0151,0.5605,0.5,finbert-ft-2026-08-09
rnst,2023-03-31,12437,18,0,9,0.0,0.5,0.0193,0.4595,0.5,finbert-ft-2026-08-09
rnst,2023-06-30,12437,72,0,7,0.0,0.0972,0.0099,0.1253,0.5,finbert-ft-2026-08-09
rnst,2023-09-30,12437,77,0,5,0.0,0.0649,0.0139,0.0797,0.5,finbert-ft-2026-08-09
rnst,2023-12-31,12437,39,0,6,0.0,0.1538,0.0175,0.1736,0.5,finbert-ft-2026-08-09
rnst,2024-03-31,12437,10,0,6,0.0,0.6,0.0191,0.5486,0.5,finbert-ft-2026-08-09
rnst,2024-06-30,12437,6,0,4,0.0,0.6667,0.0136,0.623,0.5,finbert-ft-2026-08-09
rnst,2024-09-30,12437,19,0,7,0.0,0.3684,0.0532,0.363,0.5,finbert-ft-2026-08-09
rnst,2024-12-31,12437,8,0,6,0.0,0.75,0.0675,0.749,0.5,finbert-ft-2026-08-09
sbcf,2020-03-31,131,11,0,6,0.0,0.5455,0.0082,0.5306,0.5,finbert-ft-2026-08-09
sbcf,2020-06-30,131,8,0,3,0.0,0.375,0.0063,0.3701,0.5,finbert-ft-2026-08-09
sbcf,2020-09-30,131,11,0,7,0.0,0.6364,0.0072,0.624,0.5,finbert-ft-2026-08-09
sbcf,2020-12-31,131,9,0,8,0.0,0.8889,0.0067,0.8124,0.5,finbert-ft-2026-08-09
sbcf,2021-03-31,131,11,0,7,0.0,0.6364,0.0092,0.6149,0.5,finbert-ft-2026-08-09
sbcf,2021-06-30,131,5,0,3,0.0,0.6,0.0067,0.5765,0.5,finbert-ft-2026-08-09
sbcf,2021-09-30,131,9,0,6,0.0,0.6667,0.0092,0.6593,0.5,finbert-ft-2026-08-09
sbcf,2021-12-31,131,9,0,5,0.0,0.5556,0.0089,0.5556,0.5,finbert-ft-2026-08-09
sbcf,2022-03-31,131,7,0,5,0.0,0.7143,0.0065,0.6901,0.5,finbert-ft-2026-08-09
sbcf,2022-06-30,131,11,0,8,0.0,0.7273,0.0078,0.6756,0.5,finbert-ft-2026-08-09
sbcf,2022-09-30,131,12,0,3,0.0,0.25,0.0272,0.2665,0.5,finbert-ft-2026-08-09
sbcf,2022-12-31,131,11,0,10,0.0,0.9091,0.0071,0.8717,0.5,finbert-ft-2026-08-09
sbcf,2023-03-31,131,7,0,5,0.0,0.7143,0.0064,0.6866,0.5,finbert-ft-2026-08-09
sbcf,2023-06-30,131,14,0,2,0.0,0.1429,0.0122,0.2272,0.5,finbert-ft-2026-08-09
sbcf,2023-09-30,131,9,1,5,0.1111,0.5556,0.0671,0.5447,0.5,finbert-ft-2026-08-09
sbcf,2023-12-31,131,18,0,11,0.0,0.6111,0.0118,0.6196,0.5,finbert-ft-2026-08-09
sbcf,2024-03-31,131,14,1,4,0.0714,0.2857,0.0705,0.3448,0.5,finbert-ft-2026-08-09
sbcf,2024-06-30,131,9,0,6,0.0,0.6667,0.0089,0.6378,0.5,finbert-ft-2026-08-09
sbcf,2024-09-30,131,8,0,4,0.0,0.5,0.0102,0.4715,0.5,finbert-ft-2026-08-09
sbcf,2024-12-31,131,11,0,6,0.0,0.5455,0.0104,0.5332,0.5,finbert-ft-2026-08-09
schw,2020-03-31,57450,299,8,21,0.0268,0.0702,0.0449,0.0806,0.5,finbert-ft-2026-08-09
schw,2020-06-30,57450,490,3,19,0.0061,0.0388,0.0219,0.0525,0.5,finbert-ft-2026-08-09
schw,2020-09-30,57450,219,3,12,0.0137,0.0548,0.0266,0.0711,0.5,finbert-ft-2026-08-09
schw,2020-12-31,57450,290,47,15,0.1621,0.0517,0.1637,0.0681,0.5,finbert-ft-2026-08-09
schw,2021-03-31,57450,252,8,11,0.0317,0.0437,0.0465,0.0644,0.5,finbert-ft-2026-08-09
schw,2021-06-30,57450,323,7,16,0.0217,0.0495,0.0354,0.0676,0.5,finbert-ft-2026-08-09
schw,2021-09-30,57450,235,6,15,0.0255,0.0638,0.0413,0.0795,0.5,finbert-ft-2026-08-09
schw,2021-12-31,57450,315,6,14,0.019,0.0444,0.0241,0.0596,0.5,finbert-ft-2026-08-09
schw,2022-03-31,57450,372,3,3,0.0081,0.0081,0.0185,0.0312,0.5,finbert-ft-2026-08-09
schw,2022-06-30,57450,449,13,12,0.029,0.0267,0.0406,0.0431,0.5,finbert-ft-2026-08-09
schw,2022-09-30,57450,263,2,17,0.0076,0.0646,0.0195,0.079,0.5,finbert-ft-2026-08-09
schw,2022-12-31,57450,312,0,17,0.0,0.0545,0.0112,0.0738,0.5,finbert-ft-2026-08-09
schw,2023-03-31,57450,938,32,41,0.0341,0.0437,0.0427,0.0662,0.5,finbert-ft-2026-08-09
schw,2023-06-30,57450,3053,30,67,0.0098,0.0219,0.0191,0.0431,0.5,finbert-ft-2026-08-09
schw,2023-09-30,57450,2361,49,57,0.0208,0.0241,0.0309,0.0419,0.5,finbert-ft-2026-08-09
schw,2023-12-31,57450,1835,36,32,0.0196,0.0174,0.0279,0.0384,0.5,finbert-ft-2026-08-09
schw,2024-03-31,57450,3031,10,63,0.0033,0.0208,0.0132,0.0407,0.5,finbert-ft-2026-08-09
schw,2024-06-30,57450,3736,15,38,0.004,0.0102,0.0158,0.0309,0.5,finbert-ft-2026-08-09
schw,2024-09-30,57450,2611,21,76,0.008,0.0291,0.0181,0.044,0.5,finbert-ft-2026-08-09
schw,2024-12-31,57450,955,4,31,0.0042,0.0325,0.0154,0.0545,0.5,finbert-ft-2026-08-09
sfbs,2020-03-31,57993,12,0,2,0.0,0.1667,0.0079,0.1707,0.5,finbert-ft-2026-08-09
sfbs,2020-06-30,57993,12,0,5,0.0,0.4167,0.0079,0.4158,0.5,finbert-ft-2026-08-09
sfbs,2020-09-30,57993,10,0,5,0.0,0.5,0.0074,0.4279,0.5,finbert-ft-2026-08-09
sfbs,2020-12-31,57993,10,0,6,0.0,0.6,0.0074,0.6034,0.5,finbert-ft-2026-08-09
sfbs,2021-03-31,57993,12,0,6,0.0,0.5,0.0076,0.4997,0.5,finbert-ft-2026-08-09
sfbs,2021-06-30,57993,22,0,6,0.0,0.2727,0.0084,0.2967,0.5,finbert-ft-2026-08-09
sfbs,2021-09-30,57993,12,0,3,0.0,0.25,0.0083,0.2741,0.5,finbert-ft-2026-08-09
sfbs,2021-12-31,57993,10,0,3,0.0,0.3,0.0127,0.3642,0.5,finbert-ft-2026-08-09
sfbs,2022-03-31,57993,15,0,6,0.0,0.4,0.0066,0.4248,0.5,finbert-ft-2026-08-09
sfbs,2022-06-30,57993,28,2,7,0.0714,0.25,0.0689,0.2708,0.5,finbert-ft-2026-08-09
sfbs,2022-09-30,57993,14,0,3,0.0,0.2143,0.011,0.2241,0.5,finbert-ft-2026-08-09
sfbs,2022-12-31,57993,9,3,3,0.3333,0.3333,0.3248,0.328,0.5,finbert-ft-2026-08-09
sfbs,2023-03-31,57993,19,0,10,0.0,0.5263,0.0073,0.5076,0.5,finbert-ft-2026-08-09
sfbs,2023-06-30,57993,48,2,8,0.0417,0.1667,0.0523,0.1984,0.5,finbert-ft-2026-08-09
sfbs,2023-09-30,57993,47,1,9,0.0213,0.1915,0.0235,0.2242,0.5,finbert-ft-2026-08-09
sfbs,2023-12-31,57993,34,1,8,0.0294,0.2353,0.0438,0.2555,0.5,finbert-ft-2026-08-09
sfbs,2024-03-31,57993,27,0,4,0.0,0.1481,0.0088,0.1883,0.5,finbert-ft-2026-08-09
sfbs,2024-06-30,57993,33,1,8,0.0303,0.2424,0.0324,0.2431,0.5,finbert-ft-2026-08-09
sfbs,2024-09-30,57993,38,0,9,0.0,0.2368,0.0108,0.2546,0.5,finbert-ft-2026-08-09
sfbs,2024-12-31,57993,37,0,5,0.0,0.1351,0.0103,0.175,0.5,finbert-ft-2026-08-09
sfnc,2020-03-31,3890,39,2,12,0.0513,0.3077,0.0568,0.3078,0.5,finbert-ft-2026-08-09
sfnc,2020-06-30,3890,28,1,16,0.0357,0.5714,0.0416,0.5252,0.5,finbert-ft-2026-08-09
sfnc,2020-09-30,3890,21,0,4,0.0,0.1905,0.008,0.2643,0.5,finbert-ft-2026-08-09
sfnc,2020-12-31,3890,13,0,8,0.0,0.6154,0.0119,0.5155,0.5,finbert-ft-2026-08-09
sfnc,2021-03-31,3890,27,1,9,0.037,0.3333,0.0447,0.3225,0.5,finbert-ft-2026-08-09
sfnc,2021-06-30,3890,27,0,12,0.0,0.4444,0.0091,0.3829,0.5,finbert-ft-2026-08-09
sfnc,2021-09-30,3890,32,1,9,0.0312,0.2812,0.0406,0.2949,0.5,finbert-ft-2026-08-09
sfnc,2021-12-31,3890,69,1,11,0.0145,0.1594,0.0237,0.1764,0.5,finbert-ft-2026-08-09
sfnc,2022-03-31,3890,26,0,3,0.0,0.1154,0.0138,0.1207,0.5,finbert-ft-2026-08-09
sfnc,2022-06-30,3890,61,0,9,0.0,0.1475,0.0122,0.1555,0.5,finbert-ft-2026-08-09
sfnc,2022-09-30,3890,44,0,6,0.0,0.1364,0.0133,0.1209,0.5,finbert-ft-2026-08-09
sfnc,2022-12-31,3890,50,0,12,0.0,0.24,0.0093,0.2434,0.5,finbert-ft-2026-08-09
sfnc,2023-03-31,3890,42,0,7,0.0,0.1667,0.0092,0.2065,0.5,finbert-ft-2026-08-09
sfnc,2023-06-30,3890,99,1,20,0.0101,0.202,0.0208,0.2007,0.5,finbert-ft-2026-08-09
sfnc,2023-09-30,3890,77,0,11,0.0,0.1429,0.015,0.1585,0.5,finbert-ft-2026-08-09
sfnc,2023-12-31,3890,132,1,10,0.0076,0.0758,0.0186,0.1162,0.5,finbert-ft-2026-08-09
sfnc,2024-03-31,3890,104,1,15,0.0096,0.1442,0.0236,0.161,0.5,finbert-ft-2026-08-09
sfnc,2024-06-30,3890,147,2,6,0.0136,0.0408,0.0183,0.0791,0.5,finbert-ft-2026-08-09
sfnc,2024-09-30,3890,83,0,13,0.0,0.1566,0.0139,0.141,0.5,finbert-ft-2026-08-09
sfnc,2024-12-31,3890,93,1,5,0.0108,0.0538,0.0254,0.0819,0.5,finbert-ft-2026-08-09
slm,2020-03-31,58177,16,0,6,0.0,0.375,0.0065,0.368,0.5,finbert-ft-2026-08-09
slm,2020-06-30,58177,10,0,6,0.0,0.6,0.0459,0.5645,0.5,finbert-ft-2026-08-09
slm,2020-09-30,58177,12,0,8,0.0,0.6667,0.0069,0.6205,0.5,finbert-ft-2026-08-09
slm,2020-12-31,58177,14,3,10,0.2143,0.7143,0.1964,0.6745,0.5,finbert-ft-2026-08-09
slm,2021-03-31,58177,12,2,8,0.1667,0.6667,0.1545,0.6366,0.5,finbert-ft-2026-08-09
slm,2021-06-30,58177,7,0,5,0.0,0.7143,0.0068,0.6987,0.5,finbert-ft-2026-08-09
slm,2021-09-30,58177,5,0,3,0.0,0.6,0.0071,0.6124,0.5,finbert-ft-2026-08-09
slm,2021-12-31,58177,10,0,8,0.0,0.8,0.0069,0.7614,0.5,finbert-ft-2026-08-09
slm,2022-03-31,58177,9,0,6,0.0,0.6667,0.0076,0.6326,0.5,finbert-ft-2026-08-09
slm,2022-06-30,58177,6,0,5,0.0,0.8333,0.0072,0.7892,0.5,finbert-ft-2026-08-09
slm,2022-09-30,58177,6,0,4,0.0,0.6667,0.008,0.6334,0.5,finbert-ft-2026-08-09
slm,2022-12-31,58177,7,0,4,0.0,0.5714,0.007,0.5459,0.5,finbert-ft-2026-08-09
slm,2023-03-31,58177,15,0,8,0.0,0.5333,0.0073,0.5137,0.5,finbert-ft-2026-08-09
slm,2023-06-30,58177,8,0,5,0.0,0.625,0.0087,0.593,0.5,finbert-ft-2026-08-09
slm,2023-09-30,58177,7,0,4,0.0,0.5714,0.0079,0.544,0.5,finbert-ft-2026-08-09
slm,2023-12-31,58177,12,0,6,0.0,0.5,0.0132,0.4764,0.5,finbert-ft-2026-08-09
slm,2024-03-31,58177,10,0,6,0.0,0.6,0.0086,0.5702,0.5,finbert-ft-2026-08-09
slm,2024-06-30,58177,8,0,5,0.0,0.625,0.0079,0.5929,0.5,finbert-ft-2026-08-09
slm,2024-09-30,58177,8,0,5,0.0,0.625,0.0077,0.594,0.5,finbert-ft-2026-08-09
slm,2024-12-31,58177,5,0,3,0.0,0.6,0.0071,0.577,0.5,finbert-ft-2026-08-09
sofi,2020-12-31,26881,5,0,4,0.0,0.8,0.0073,0.746,0.5,finbert-ft-2026-08-09
sofi,2021-03-31,26881,5,0,4,0.0,0.8,0.0073,0.7482,0.5,finbert-ft-2026-08-09
sofi,2021-06-30,26881,17,0,5,0.0,0.2941,0.0087,0.2721,0.5,finbert-ft-2026-08-09
sofi,2021-09-30,26881,35,2,3,0.0571,0.0857,0.0521,0.0953,0.5,finbert-ft-2026-08-09
sofi,2021-12-31,26881,42,0,9,0.0,0.2143,0.0157,0.2022,0.5,finbert-ft-2026-08-09
sofi,2022-03-31,26881,69,0,8,0.0,0.1159,0.0103,0.123,0.5,finbert-ft-2026-08-09
sofi,2022-06-30,26881,67,2,3,0.0299,0.0448,0.0362,0.0524,0.5,finbert-ft-2026-08-09
sofi,2022-09-30,26881,42,0,3,0.0,0.0714,0.0088,0.0756,0.5,finbert-ft-2026-08-09
sofi,2022-12-31,26881,38,0,4,0.0,0.1053,0.0221,0.0951,0.5,finbert-ft-2026-08-09
sofi,2023-03-31,26881,151,113,3,0.7483,0.0199,0.7333,0.0217,0.5,finbert-ft-2026-08-09
sofi,2023-06-30,26881,191,4,7,0.0209,0.0366,0.0387,0.0458,0.5,finbert-ft-2026-08-09
sofi,2023-09-30,26881,96,3,9,0.0312,0.0938,0.0422,0.1002,0.5,finbert-ft-2026-08-09
sofi,2023-12-31,26881,77,1,5,0.013,0.0649,0.0249,0.0913,0.5,finbert-ft-2026-08-09
sofi,2024-03-31,26881,164,9,18,0.0549,0.1098,0.0662,0.1034,0.5,finbert-ft-2026-08-09
sofi,2024-06-30,26881,176,6,6,0.0341,0.0341,0.0453,0.0388,0.5,finbert-ft-2026-08-09
sofi,2024-09-30,26881,178,0,2,0.0,0.0112,0.0107,0.0209,0.5,finbert-ft-2026-08-09
sofi,2024-12-31,26881,187,0,5,0.0,0.0267,0.0124,0.0362,0.5,finbert-ft-2026-08-09
ssb,2020-03-31,33555,5,0,3,0.0,0.6,0.0085,0.5651,0.5,finbert-ft-2026-08-09
ssb,2020-06-30,33555,11,0,10,0.0,0.9091,0.0062,0.8512,0.5,finbert-ft-2026-08-09
ssb,2020-09-30,33555,4,0,3,0.0,0.75,0.0069,0.706,0.5,finbert-ft-2026-08-09
ssb,2020-12-31,33555,11,0,7,0.0,0.6364,0.0058,0.5997,0.5,finbert-ft-2026-08-09
ssb,2021-03-31,33555,5,0,4,0.0,0.8,0.0084,0.7349,0.5,finbert-ft-2026-08-09
ssb,2021-06-30,33555,5,0,3,0.0,0.6,0.0062,0.5808,0.5,finbert-ft-2026-08-09
ssb,2021-09-30,33555,10,0,8,0.0,0.8,0.0143,0.7485,0.5,finbert-ft-2026-08-09
ssb,2021-12-31,33555,5,0,4,0.0,0.8,0.0077,0.7606,0.5,finbert-ft-2026-08-09
ssb,2022-03-31,33555,9,0,8,0.0,0.8889,0.0071,0.8054,0.5,finbert-ft-2026-08-09
ssb,2022-06-30,33555,13,1,10,0.0769,0.7692,0.0816,0.7274,0.5,finbert-ft-2026-08-09
ssb,2022-09-30,33555,7,1,3,0.1429,0.4286,0.1472,0.4207,0.5,finbert-ft-2026-08-09
ssb,2022-12-31,33555,14,0,7,0.0,0.5,0.0089,0.4882,0.5,finbert-ft-2026-08-09
ssb,2023-03-31,33555,10,0,5,0.0,0.5,0.0092,0.4842,0.5,finbert-ft-2026-08-09
ssb,2023-06-30,33555,18,0,6,0.0,0.3333,0.0096,0.341,0.5,finbert-ft-2026-08-09
ssb,2023-09-30,33555,7,0,1,0.0,0.1429,0.0134,0.1554,0.5,finbert-ft-2026-08-09
ssb,2023-12-31,33555,8,1,4,0.125,0.5,0.1231,0.4626,0.5,finbert-ft-2026-08-09
ssb,2024-03-31,33555,21,3,6,0.1429,0.2857,0.1304,0.2945,0.5,finbert-ft-2026-08-09
ssb,2024-06-30,33555,14,2,4,0.1429,0.2857,0.1073,0.3188,0.5,finbert-ft-2026-08-09
ssb,2024-09-30,33555,7,0,5,0.0,0.7143,0.0074,0.6777,0.5,finbert-ft-2026-08-09
ssb,2024-12-31,33555,15,0,6,0.0,0.4,0.0079,0.4255,0.5,finbert-ft-2026-08-09
stba,2020-03-31,11124,50,0,12,0.0,0.24,0.0163,0.2508,0.5,finbert-ft-2026-08-09
stba,2020-06-30,11124,27,0,17,0.0,0.6296,0.0137,0.6216,0.5,finbert-ft-2026-08-09
stba,2020-09-30,11124,28,0,13,0.0,0.4643,0.0564,0.4039,0.5,finbert-ft-2026-08-09
stba,2020-12-31,11124,29,0,15,0.0,0.5172,0.057,0.4287,0.5,finbert-ft-2026-08-09
stba,2021-03-31,11124,21,2,11,0.0952,0.5238,0.1029,0.5274,0.5,finbert-ft-2026-08-09
stba,2021-06-30,11124,22,0,15,0.0,0.6818,0.0107,0.6978,0.5,finbert-ft-2026-08-09
stba,2021-09-30,11124,23,0,12,0.0,0.5217,0.0198,0.5682,0.5,finbert-ft-2026-08-09
stba,2021-12-31,11124,22,2,11,0.0909,0.5,0.0914,0.5428,0.5,finbert-ft-2026-08-09
stba,2022-03-31,11124,31,1,18,0.0323,0.5806,0.0599,0.6045,0.5,finbert-ft-2026-08-09
stba,2022-06-30,11124,43,1,23,0.0233,0.5349,0.0321,0.5655,0.5,finbert-ft-2026-08-09
stba,2022-09-30,11124,24,0,15,0.0,0.625,0.0137,0.6592,0.5,finbert-ft-2026-08-09
stba,2022-12-31,11124,25,0,14,0.0,0.56,0.0099,0.6141,0.5,finbert-ft-2026-08-09
stba,2023-03-31,11124,21,0,9,0.0,0.4286,0.0129,0.4863,0.5,finbert-ft-2026-08-09
stba,2023-06-30,11124,115,3,34,0.0261,0.2957,0.0374,0.3268,0.5,finbert-ft-2026-08-09
stba,2023-09-30,11124,60,0,16,0.0,0.2667,0.0337,0.3045,0.5,finbert-ft-2026-08-09
stba,2023-12-31,11124,44,3,9,0.0682,0.2045,0.1038,0.2462,0.5,finbert-ft-2026-08-09
stba,2024-03-31,11124,39,2,13,0.0513,0.3333,0.0633,0.3605,0.5,finbert-ft-2026-08-09
stba,2024-06-30,11124,47,1,20,0.0213,0.4255,0.0877,0.4108,0.5,finbert-ft-2026-08-09
stba,2024-09-30,11124,51,1,17,0.0196,0.3333,0.0621,0.3292,0.5,finbert-ft-2026-08-09
stba,2024-12-31,11124,36,0,6,0.0,0.1667,0.0341,0.2268,0.5,finbert-ft-2026-08-09
stel,2020-03-31,58629,5,0,4,0.0,0.8,0.0077,0.7639,0.5,finbert-ft-2026-08-09
stel,2020-06-30,58629,6,0,4,0.0,0.6667,0.008,0.6428,0.5,finbert-ft-2026-08-09
stel,2020-09-30,58629,6,0,5,0.0,0.8333,0.0076,0.8029,0.5,finbert-ft-2026-08-09
stel,2020-12-31,58629,4,0,3,0.0,0.75,0.0084,0.7296,0.5,finbert-ft-2026-08-09
stel,2021-03-31,58629,4,0,3,0.0,0.75,0.0085,0.7302,0.5,finbert-ft-2026-08-09
stel,2021-06-30,58629,7,0,5,0.0,0.7143,0.0158,0.6627,0.5,finbert-ft-2026-08-09
stel,2021-09-30,58629,5,0,4,0.0,0.8,0.008,0.776,0.5,finbert-ft-2026-08-09
stel,2021-12-31,58629,8,0,7,0.0,0.875,0.0072,0.8407,0.5,finbert-ft-2026-08-09
stel,2022-03-31,58629,5,0,4,0.0,0.8,0.008,0.7731,0.5,finbert-ft-2026-08-09
stel,2022-06-30,58629,8,0,7,0.0,0.875,0.0071,0.7943,0.5,finbert-ft-2026-08-09
stel,2022-09-30,58629,13,0,12,0.0,0.9231,0.0065,0.8632,0.5,finbert-ft-2026-08-09
stel,2022-12-31,58629,14,1,7,0.0714,0.5,0.0822,0.5143,0.5,finbert-ft-2026-08-09
stel,2023-03-31,58629,11,0,8,0.0,0.7273,0.0126,0.597,0.5,finbert-ft-2026-08-09
stel,2023-06-30,58629,19,0,9,0.0,0.4737,0.0148,0.5217,0.5,finbert-ft-2026-08-09
stel,2023-09-30,58629,16,0,6,0.0,0.375,0.0166,0.4228,0.5,finbert-ft-2026-08-09
stel,2023-12-31,58629,31,0,7,0.0,0.2258,0.0148,0.2415,0.5,finbert-ft-2026-08-09
stel,2024-03-31,58629,27,1,15,0.037,0.5556,0.0467,0.5044,0.5,finbert-ft-2026-08-09
stel,2024-06-30,58629,17,0,11,0.0,0.6471,0.0145,0.6615,0.5,finbert-ft-2026-08-09
stel,2024-09-30,58629,10,0,4,0.0,0.4,0.0241,0.4435,0.5,finbert-ft-2026-08-09
stel,2024-12-31,58629,14,0,9,0.0,0.6429,0.0139,0.6495,0.5,finbert-ft-2026-08-09
stt,2020-03-31,14,412,9,18,0.0218,0.0437,0.0437,0.0672,0.5,finbert-ft-2026-08-09
stt,2020-06-30,14,494,25,14,0.0506,0.0283,0.0639,0.0435,0.5,finbert-ft-2026-08-09
stt,2020-09-30,14,378,16,10,0.0423,0.0265,0.0523,0.0391,0.5,finbert-ft-2026-08-09
stt,2020-12-31,14,317,13,15,0.041,0.0473,0.0558,0.0594,0.5,finbert-ft-2026-08-09
stt,2021-03-31,14,494,14,13,0.0283,0.0263,0.0372,0.0501,0.5,finbert-ft-2026-08-09
stt,2021-06-30,14,584,34,21,0.0582,0.036,0.0598,0.0597,0.5,finbert-ft-2026-08-09
stt,2021-09-30,14,546,14,38,0.0256,0.0696,0.0387,0.0889,0.5,finbert-ft-2026-08-09
stt,2021-12-31,14,458,3,7,0.0066,0.0153,0.0232,0.0312,0.5,finbert-ft-2026-08-09
stt,2022-03-31,14,405,10,15,0.0247,0.037,0.0502,0.0528,0.5,finbert-ft-2026-08-09
stt,2022-06-30,14,466,16,12,0.0343,0.0258,0.0475,0.0406,0.5,finbert-ft-2026-08-09
stt,2022-09-30,14,427,13,10,0.0304,0.0234,0.0456,0.0389,0.5,finbert-ft-2026-08-09
stt,2022-12-31,14,401,14,11,0.0349,0.0274,0.045,0.0469,0.5,finbert-ft-2026-08-09
stt,2023-03-31,14,325,11,14,0.0338,0.0431,0.0436,0.0598,0.5,finbert-ft-2026-08-09
stt,2023-06-30,14,509,39,20,0.0766,0.0393,0.0915,0.0553,0.5,finbert-ft-2026-08-09
stt,2023-09-30,14,433,29,20,0.067,0.0462,0.0822,0.0587,0.5,finbert-ft-2026-08-09
stt,2023-12-31,14,426,15,19,0.0352,0.0446,0.0569,0.0603,0.5,finbert-ft-2026-08-09
stt,2024-03-31,14,408,13,37,0.0319,0.0907,0.0503,0.0945,0.5,finbert-ft-2026-08-09
stt,2024-06-30,14,569,13,20,0.0228,0.0351,0.0398,0.0561,0.5,finbert-ft-2026-08-09
stt,2024-09-30,14,471,7,41,0.0149,0.087,0.0371,0.095,0.5,finbert-ft-2026-08-09
stt,2024-12-31,14,576,17,26,0.0295,0.0451,0.048,0.0649,0.5,finbert-ft-2026-08-09
syf,2020-03-31,27314,28,2,5,0.0714,0.1786,0.0506,0.1914,0.5,finbert-ft-2026-08-09
syf,2020-06-30,27314,26,1,5,0.0385,0.1923,0.0548,0.1925,0.5,finbert-ft-2026-08-09
syf,2020-09-30,27314,12,2,5,0.1667,0.4167,0.1702,0.3894,0.5,finbert-ft-2026-08-09
syf,2020-12-31,27314,16,2,5,0.125,0.3125,0.1311,0.3204,0.5,finbert-ft-2026-08-09
syf,2021-03-31,27314,29,0,8,0.0,0.2759,0.0113,0.2618,0.5,finbert-ft-2026-08-09
syf,2021-06-30,27314,21,0,11,0.0,0.5238,0.0093,0.5004,0.5,finbert-ft-2026-08-09
syf,2021-09-30,27314,17,1,6,0.0588,0.3529,0.0562,0.3438,0.5,finbert-ft-2026-08-09
syf,2021-12-31,27314,41,4,9,0.0976,0.2195,0.113,0.2118,0.5,finbert-ft-2026-08-09
syf,2022-03-31,27314,28,0,6,0.0,0.2143,0.0127,0.2125,0.5,finbert-ft-2026-08-09
syf,2022-06-30,27314,43,0,9,0.0,0.2093,0.0155,0.2343,0.5,finbert-ft-2026-08-09
syf,2022-09-30,27314,17,2,5,0.1176,0.2941,0.1245,0.2857,0.5,finbert-ft-2026-08-09
syf,2022-12-31,27314,21,1,7,0.0476,0.3333,0.0986,0.3556,0.5,finbert-ft-2026-08-09
syf,2023-03-31,27314,24,0,7,0.0,0.2917,0.013,0.2847,0.5,finbert-ft-2026-08-09
syf,2023-06-30,27314,101,2,6,0.0198,0.0594,0.0311,0.0706,0.5,finbert-ft-2026-08-09
syf,2023-09-30,27314,72,2,8,0.0278,0.1111,0.0437,0.1432,0.5,finbert-ft-2026-08-09
syf,2023-12-31,27314,73,0,8,0.0,0.1096,0.0101,0.1139,0.5,finbert-ft-2026-08-09
syf,2024-03-31,27314,116,5,14,0.0431,0.1207,0.0399,0.1325,0.5,finbert-ft-2026-08-09
syf,2024-06-30,27314,97,1,10,0.0103,0.1031,0.0222,0.1105,0.5,finbert-ft-2026-08-09
syf,2024-09-30,27314,172,0,25,0.0,0.1453,0.0112,0.1515,0.5,finbert-ft-2026-08-09
syf,2024-12-31,27314,92,0,9,0.0,0.0978,0.0082,0.1189,0.5,finbert-ft-2026-08-09
tcbi,2020-03-31,34383,50,0,2,0.0,0.04,0.0104,0.1251,0.5,finbert-ft-2026-08-09
tcbi,2020-06-30,34383,20,1,8,0.05,0.4,0.1053,0.4075,0.5,finbert-ft-2026-08-09
tcbi,2020-09-30,34383,7,1,3,0.1429,0.4286,0.1627,0.3942,0.5,finbert-ft-2026-08-09
tcbi,2020-12-31,34383,7,0,5,0.0,0.7143,0.0084,0.6791,0.5,finbert-ft-2026-08-09
tcbi,2021-03-31,34383,17,0,7,0.0,0.4118,0.0116,0.425,0.5,finbert-ft-2026-08-09
tcbi,2021-06-30,34383,28,1,14,0.0357,0.5,0.0424,0.5348,0.5,finbert-ft-2026-08-09
tcbi,2021-09-30,34383,11,2,3,0.1818,0.2727,0.1856,0.3029,0.5,finbert-ft-2026-08-09
tcbi,2021-12-31,34383,35,0,5,0.0,0.1429,0.0251,0.1779,0.5,finbert-ft-2026-08-09
tcbi,2022-03-31,34383,42,0,7,0.0,0.1667,0.0252,0.1827,0.5,finbert-ft-2026-08-09
tcbi,2022-06-30,34383,43,0,7,0.0,0.1628,0.0246,0.158,0.5,finbert-ft-2026-08-09
tcbi,2022-09-30,34383,20,0,5,0.0,0.25,0.0088,0.2882,0.5,finbert-ft-2026-08-09
tcbi,2022-12-31,34383,38,0,10,0.0,0.2632,0.0077,0.3002,0.5,finbert-ft-2026-08-09
tcbi,2023-03-31,34383,66,2,2,0.0303,0.0303,0.0398,0.056,0.5,finbert-ft-2026-08-09
tcbi,2023-06-30,34383,187,17,19,0.0909,0.1016,0.0897,0.1168,0.5,finbert-ft-2026-08-09
tcbi,2023-09-30,34383,55,1,7,0.0182,0.1273,0.022,0.1731,0.5,finbert-ft-2026-08-09
tcbi,2023-12-31,34383,96,2,6,0.0208,0.0625,0.0414,0.0908,0.5,finbert-ft-2026-08-09
tcbi,2024-03-31,34383,67,6,5,0.0896,0.0746,0.1092,0.1331,0.5,finbert-ft-2026-08-09
tcbi,2024-06-30,34383,75,3,11,0.04,0.1467,0.0535,0.1546,0.5,finbert-ft-2026-08-09
tcbi,2024-09-30,34383,114,4,10,0.0351,0.0877,0.0464,0.1126,0.5,finbert-ft-2026-08-09
tcbi,2024-12-31,34383,98,1,9,0.0102,0.0918,0.0218,0.1176,0.5,finbert-ft-2026-08-09
tcbk,2020-03-31,21943,15,2,7,0.1333,0.4667,0.1425,0.4455,0.5,finbert-ft-2026-08-09
tcbk,2020-06-30,21943,11,0,6,0.0,0.5455,0.0215,0.4655,0.5,finbert-ft-2026-08-09
tcbk,2020-09-30,21943,7,0,4,0.0,0.5714,0.0094,0.5095,0.5,finbert-ft-2026-08-09
tcbk,2020-12-31,21943,6,1,4,0.1667,0.6667,0.1716,0.5836,0.5,finbert-ft-2026-08-09
tcbk,2021-03-31,21943,4,0,3,0.0,0.75,0.0096,0.6614,0.5,finbert-ft-2026-08-09
tcbk,2021-06-30,21943,11,1,7,0.0909,0.6364,0.0993,0.5459,0.5,finbert-ft-2026-08-09
tcbk,2021-09-30,21943,8,0,6,0.0,0.75,0.0131,0.6861,0.5,finbert-ft-2026-08-09
tcbk,2021-12-31,21943,8,1,3,0.125,0.375,0.0835,0.3369,0.5,finbert-ft-2026-08-09
tcbk,2022-03-31,21943,17,0,11,0.0,0.6471,0.0109,0.5759,0.5,finbert-ft-2026-08-09
tcbk,2022-06-30,21943,20,0,9,0.0,0.45,0.0155,0.4216,0.5,finbert-ft-2026-08-09
tcbk,2022-09-30,21943,11,0,7,0.0,0.6364,0.01,0.5556,0.5,finbert-ft-2026-08-09
tcbk,2022-12-31,21943,7,0,5,0.0,0.7143,0.0119,0.619,0.5,finbert-ft-2026-08-09
tcbk,2023-03-31,21943,11,2,6,0.1818,0.5455,0.1668,0.4057,0.5,finbert-ft-2026-08-09
tcbk,2023-06-30,21943,51,0,6,0.0,0.1176,0.0909,0.1311,0.5,finbert-ft-2026-08-09
tcbk,2023-09-30,21943,25,2,9,0.08,0.36,0.0666,0.3282,0.5,finbert-ft-2026-08-09
tcbk,2023-12-31,21943,34,1,14,0.0294,0.4118,0.0378,0.3981,0.5,finbert-ft-2026-08-09
tcbk,2024-03-31,21943,62,7,11,0.1129,0.1774,0.1227,0.2393,0.5,finbert-ft-2026-08-09
tcbk,2024-06-30,21943,31,0,6,0.0,0.1935,0.0322,0.1954,0.5,finbert-ft-2026-08-09
tcbk,2024-09-30,21943,44,0,12,0.0,0.2727,0.0106,0.2734,0.5,finbert-ft-2026-08-09
tcbk,2024-12-31,21943,30,0,9,0.0,0.3,0.0116,0.2947,0.5,finbert-ft-2026-08-09
tfc,2020-03-31,9846,201,2,24,0.01,0.1194,0.0268,0.1357,0.5,finbert-ft-2026-08-09
tfc,2020-06-30,9846,126,3,23,0.0238,0.1825,0.03,0.2155,0.5,finbert-ft-2026-08-09
tfc,2020-09-30,9846,136,2,12,0.0147,0.0882,0.0251,0.11,0.5,finbert-ft-2026-08-09
tfc,2020-12-31,9846,87,0,20,0.0,0.2299,0.0081,0.2208,0.5,finbert-ft-2026-08-09
tfc,2021-03-31,9846,195,3,24,0.0154,0.1231,0.0235,0.1405,0.5,finbert-ft-2026-08-09
tfc,2021-06-30,9846,186,5,25,0.0269,0.1344,0.029,0.1606,0.5,finbert-ft-2026-08-09
tfc,2021-09-30,9846,135,0,19,0.0,0.1407,0.0132,0.1597,0.5,finbert-ft-2026-08-09
tfc,2021-12-31,9846,149,3,18,0.0201,0.1208,0.0305,0.1505,0.5,finbert-ft-2026-08-09
tfc,2022-03-31,9846,319,11,12,0.0345,0.0376,0.0458,0.0756,0.5,finbert-ft-2026-08-09
tfc,2022-06-30,9846,313,12,18,0.0383,0.0575,0.0482,0.0656,0.5,finbert-ft-2026-08-09
tfc,2022-09-30,9846,332,4,13,0.012,0.0392,0.024,0.0726,0.5,finbert-ft-2026-08-09
tfc,2022-12-31,9846,182,7,21,0.0385,0.1154,0.0525,0.1252,0.5,finbert-ft-2026-08-09
tfc,2023-03-31,9846,272,2,16,0.0074,0.0588,0.0294,0.0873,0.5,finbert-ft-2026-08-09
tfc,2023-06-30,9846,1122,22,16,0.0196,0.0143,0.0295,0.0323,0.5,finbert-ft-2026-08-09
tfc,2023-09-30,9846,1244,29,39,0.0233,0.0314,0.0341,0.0483,0.5,finbert-ft-2026-08-09
tfc,2023-12-31,9846,785,24,32,0.0306,0.0408,0.0397,0.053,0.5,finbert-ft-2026-08-09
tfc,2024-03-31,9846,1151,19,32,0.0165,0.0278,0.0269,0.0441,0.5,finbert-ft-2026-08-09
tfc,2024-06-30,9846,1358,19,36,0.014,0.0265,0.0236,0.0374,0.5,finbert-ft-2026-08-09
tfc,2024-09-30,9846,1296,7,16,0.0054,0.0123,0.0169,0.0259,0.5,finbert-ft-2026-08-09
tfc,2024-12-31,9846,976,8,22,0.0082,0.0225,0.0195,0.0362,0.5,finbert-ft-2026-08-09
tfsl,2020-03-31,30012,10,0,6,0.0,0.6,0.0088,0.5761,0.5,finbert-ft-2026-08-09
tfsl,2020-06-30,30012,8,0,6,0.0,0.75,0.012,0.6332,0.5,finbert-ft-2026-08-09
tfsl,2020-09-30,30012,6,0,4,0.0,0.6667,0.0062,0.6318,0.5,finbert-ft-2026-08-09
tfsl,2020-12-31,30012,3,0,2,0.0,0.6667,0.0072,0.6244,0.5,finbert-ft-2026-08-09
tfsl,2021-03-31,30012,6,0,3,0.0,0.5,0.0058,0.4973,0.5,finbert-ft-2026-08-09
tfsl,2021-06-30,30012,7,0,4,0.0,0.5714,0.0119,0.5177,0.5,finbert-ft-2026-08-09
tfsl,2021-09-30,30012,5,0,4,0.0,0.8,0.0136,0.7073,0.5,finbert-ft-2026-08-09
tfsl,2021-12-31,30012,3,0,2,0.0,0.6667,0.0073,0.6284,0.5,finbert-ft-2026-08-09
tfsl,2022-03-31,30012,6,0,3,0.0,0.5,0.0081,0.4877,0.5,finbert-ft-2026-08-09
tfsl,2022-06-30,30012,6,0,5,0.0,0.8333,0.0132,0.744,0.5,finbert-ft-2026-08-09
tfsl,2022-09-30,30012,6,0,5,0.0,0.8333,0.0059,0.7837,0.5,finbert-ft-2026-08-09
tfsl,2022-12-31,30012,5,0,4,0.0,0.8,0.0141,0.7135,0.5,finbert-ft-2026-08-09
tfsl,2023-03-31,30012,4,0,3,0.0,0.75,0.0068,0.7056,0.5,finbert-ft-2026-08-09
tfsl,2023-06-30,30012,13,0,6,0.0,0.4615,0.0137,0.3831,0.5,finbert-ft-2026-08-09
tfsl,2023-09-30,30012,8,0,6,0.0,0.75,0.0351,0.6344,0.5,finbert-ft-2026-08-09
tfsl,2023-12-31,30012,7,0,6,0.0,0.8571,0.0214,0.723,0.5,finbert-ft-2026-08-09
tfsl,2024-03-31,30012,8,0,5,0.0,0.625,0.017,0.5761,0.5,finbert-ft-2026-08-09
tfsl,2024-06-30,30012,9,0,8,0.0,0.8889,0.0183,0.6833,0.5,finbert-ft-2026-08-09
tfsl,2024-09-30,30012,8,0,7,0.0,0.875,0.0151,0.7618,0.5,finbert-ft-2026-08-09
tfsl,2024-12-31,30012,6,0,4,0.0,0.6667,0.0135,0.6333,0.5,finbert-ft-2026-08-09
trmk,2020-03-31,4988,4,0,1,0.0,0.25,0.0069,0.2465,0.5,finbert-ft-2026-08-09
trmk,2020-06-30,4988,7,0,4,0.0,0.5714,0.0139,0.506,0.5,finbert-ft-2026-08-09
trmk,2020-09-30,4988,5,0,1,0.0,0.2,0.0083,0.2008,0.5,finbert-ft-2026-08-09
trmk,2020-12-31,4988,5,0,3,0.0,0.6,0.0062,0.5709,0.5,finbert-ft-2026-08-09
trmk,2021-03-31,4988,8,0,1,0.0,0.125,0.0075,0.1422,0.5,finbert-ft-2026-08-09
trmk,2021-06-30,4988,5,0,3,0.0,0.6,0.0058,0.5791,0.5,finbert-ft-2026-08-09
trmk,2021-09-30,4988,7,0,1,0.0,0.1429,0.0108,0.2182,0.5,finbert-ft-2026-08-09
trmk,2021-12-31,4988,8,0,5,0.0,0.625,0.0135,0.5968,0.5,finbert-ft-2026-08-09
trmk,2022-03-31,4988,6,1,2,0.1667,0.3333,0.1199,0.3255,0.5,finbert-ft-2026-08-09
trmk,2022-06-30,4988,3,0,2,0.0,0.6667,0.0065,0.6317,0.5,finbert-ft-2026-08-09
trmk,2022-09-30,4988,4,0,1,0.0,0.25,0.0083,0.2488,0.5,finbert-ft-2026-08-09
trmk,2022-12-31,4988,3,0,2,0.0,0.6667,0.0064,0.6323,0.5,finbert-ft-2026-08-09
trmk,2023-03-31,4988,7,0,3,0.0,0.4286,0.0067,0.4284,0.5,finbert-ft-2026-08-09
trmk,2023-06-30,4988,9,0,2,0.0,0.2222,0.0082,0.231,0.5,finbert-ft-2026-08-09
trmk,2023-09-30,4988,11,0,2,0.0,0.1818,0.0135,0.1846,0.5,finbert-ft-2026-08-09
trmk,2023-12-31,4988,11,0,2,0.0,0.1818,0.0071,0.1846,0.5,finbert-ft-2026-08-09
trmk,2024-03-31,4988,6,0,2,0.0,0.3333,0.0072,0.3453,0.5,finbert-ft-2026-08-09
trmk,2024-06-30,4988,12,0,3,0.0,0.25,0.0139,0.252,0.5,finbert-ft-2026-08-09
trmk,2024-09-30,4988,5,0,1,0.0,0.2,0.024,0.2002,0.5,finbert-ft-2026-08-09
trmk,2024-12-31,4988,7,0,4,0.0,0.5714,0.0072,0.5448,0.5,finbert-ft-2026-08-09
ubsi,2020-03-31,22858,10,0,5,0.0,0.5,0.0348,0.4874,0.5,finbert-ft-2026-08-09
ubsi,2020-06-30,22858,14,0,8,0.0,0.5714,0.0118,0.5504,0.5,finbert-ft-2026-08-09
ubsi,2020-09-30,22858,9,0,3,0.0,0.3333,0.0111,0.3523,0.5,finbert-ft-2026-08-09
ubsi,2020-12-31,22858,8,0,5,0.0,0.625,0.0108,0.6063,0.5,finbert-ft-2026-08-09
ubsi,2021-03-31,22858,6,0,2,0.0,0.3333,0.0104,0.3395,0.5,finbert-ft-2026-08-09
ubsi,2021-06-30,22858,14,0,3,0.0,0.2143,0.0145,0.4341,0.5,finbert-ft-2026-08-09
ubsi,2021-09-30,22858,3,0,1,0.0,0.3333,0.0156,0.3325,0.5,finbert-ft-2026-08-09
ubsi,2021-12-31,22858,10,0,7,0.0,0.7,0.0178,0.6861,0.5,finbert-ft-2026-08-09
ubsi,2022-03-31,22858,8,0,3,0.0,0.375,0.0094,0.375,0.5,finbert-ft-2026-08-09
ubsi,2022-06-30,22858,15,0,2,0.0,0.1333,0.0114,0.1628,0.5,finbert-ft-2026-08-09
ubsi,2022-09-30,22858,4,0,1,0.0,0.25,0.0121,0.2641,0.5,finbert-ft-2026-08-09
ubsi,2022-12-31,22858,7,0,3,0.0,0.4286,0.0199,0.4453,0.5,finbert-ft-2026-08-09
ubsi,2023-03-31,22858,7,0,3,0.0,0.4286,0.009,0.4518,0.5,finbert-ft-2026-08-09
ubsi,2023-06-30,22858,44,0,5,0.0,0.1136,0.0206,0.1216,0.5,finbert-ft-2026-08-09
ubsi,2023-09-30,22858,24,0,2,0.0,0.0833,0.0209,0.1115,0.5,finbert-ft-2026-08-09
ubsi,2023-12-31,22858,21,0,8,0.0,0.381,0.013,0.3865,0.5,finbert-ft-2026-08-09
ubsi,2024-03-31,22858,25,0,4,0.0,0.16,0.0309,0.1637,0.5,finbert-ft-2026-08-09
ubsi,2024-06-30,22858,22,0,6,0.0,0.2727,0.0121,0.2578,0.5,finbert-ft-2026-08-09
ubsi,2024-09-30,22858,26,0,7,0.0,0.2692,0.0144,0.3046,0.5,finbert-ft-2026-08-09
ubsi,2024-12-31,22858,29,0,6,0.0,0.2069,0.0176,0.2336,0.5,finbert-ft-2026-08-09
ucb,2020-03-31,16889,11,0,7,0.0,0.6364,0.0342,0.595,0.5,finbert-ft-2026-08-09
ucb,2020-06-30,16889,20,0,14,0.0,0.7,0.0161,0.7049,0.5,finbert-ft-2026-08-09
ucb,2020-09-30,16889,9,0,8,0.0,0.8889,0.0126,0.8112,0.5,finbert-ft-2026-08-09
ucb,2020-12-31,16889,5,0,4,0.0,0.8,0.0086,0.7613,0.5,finbert-ft-2026-08-09
ucb,2021-03-31,16889,8,0,2,0.0,0.25,0.0138,0.3045,0.5,finbert-ft-2026-08-09
ucb,2021-06-30,16889,11,0,10,0.0,0.9091,0.0126,0.8105,0.5,finbert-ft-2026-08-09
ucb,2021-09-30,16889,15,2,7,0.1333,0.4667,0.1102,0.4842,0.5,finbert-ft-2026-08-09
ucb,2021-12-31,16889,8,0,4,0.0,0.5,0.0188,0.5011,0.5,finbert-ft-2026-08-09
ucb,2022-03-31,16889,9,0,4,0.0,0.4444,0.0105,0.4502,0.5,finbert-ft-2026-08-09
ucb,2022-06-30,16889,17,0,9,0.0,0.5294,0.0098,0.5108,0.5,finbert-ft-2026-08-09
ucb,2022-09-30,16889,10,0,3,0.0,0.3,0.0129,0.3281,0.5,finbert-ft-2026-08-09
ucb,2022-12-31,16889,3,0,1,0.0,0.3333,0.0102,0.3625,0.5,finbert-ft-2026-08-09
ucb,2023-03-31,16889,22,0,10,0.0,0.4545,0.0166,0.4582,0.5,finbert-ft-2026-08-09
ucb,2023-06-30,16889,31,0,8,0.0,0.2581,0.0147,0.268,0.5,finbert-ft-2026-08-09
ucb,2023-09-30,16889,21,0,4,0.0,0.1905,0.0223,0.2004,0.5,finbert-ft-2026-08-09
ucb,2023-12-31,16889,19,0,9,0.0,0.4737,0.0286,0.4392,0.5,finbert-ft-2026-08-09
ucb,2024-03-31,16889,34,1,13,0.0294,0.3824,0.0476,0.3466,0.5,finbert-ft-2026-08-09
ucb,2024-06-30,16889,31,0,5,0.0,0.1613,0.0246,0.191,0.5,finbert-ft-2026-08-09
ucb,2024-09-30,16889,29,0,8,0.0,0.2759,0.0245,0.31,0.5,finbert-ft-2026-08-09
ucb,2024-12-31,16889,13,0,7,0.0,0.5385,0.0442,0.5033,0.5,finbert-ft-2026-08-09
umbf,2020-03-31,8273,13,3,3,0.2308,0.2308,0.211,0.2393,0.5,finbert-ft-2026-08-09
umbf,2020-06-30,8273,11,0,4,0.0,0.3636,0.0079,0.3584,0.5,finbert-ft-2026-08-09
umbf,2020-09-30,8273,14,2,8,0.1429,0.5714,0.1352,0.5563,0.5,finbert-ft-2026-08-09
umbf,2020-12-31,8273,4,0,2,0.0,0.5,0.0068,0.4824,0.5,finbert-ft-2026-08-09
umbf,2021-03-31,8273,12,0,5,0.0,0.4167,0.0056,0.5185,0.5,finbert-ft-2026-08-09
umbf,2021-06-30,8273,6,0,5,0.0,0.8333,0.0065,0.7606,0.5,finbert-ft-2026-08-09
umbf,2021-09-30,8273,3,0,2,0.0,0.6667,0.0068,0.6373,0.5,finbert-ft-2026-08-09
umbf,2021-12-31,8273,8,0,2,0.0,0.25,0.0056,0.2863,0.5,finbert-ft-2026-08-09
umbf,2022-03-31,8273,9,0,2,0.0,0.2222,0.0081,0.356,0.5,finbert-ft-2026-08-09
umbf,2022-06-30,8273,8,0,4,0.0,0.5,0.0618,0.4605,0.5,finbert-ft-2026-08-09
umbf,2022-09-30,8273,12,0,6,0.0,0.5,0.0075,0.4833,0.5,finbert-ft-2026-08-09
umbf,2022-12-31,8273,19,0,2,0.0,0.1053,0.0118,0.1141,0.5,finbert-ft-2026-08-09
umbf,2023-03-31,8273,27,0,5,0.0,0.1852,0.0459,0.1935,0.5,finbert-ft-2026-08-09
umbf,2023-06-30,8273,73,1,7,0.0137,0.0959,0.0249,0.1117,0.5,finbert-ft-2026-08-09
umbf,2023-09-30,8273,15,1,3,0.0667,0.2,0.147,0.2233,0.5,finbert-ft-2026-08-09
umbf,2023-12-31,8273,103,0,2,0.0,0.0194,0.0439,0.0416,0.5,finbert-ft-2026-08-09
umbf,2024-03-31,8273,11,1,3,0.0909,0.2727,0.0733,0.2797,0.5,finbert-ft-2026-08-09
umbf,2024-06-30,8273,185,2,6,0.0108,0.0324,0.0309,0.0603,0.5,finbert-ft-2026-08-09
umbf,2024-09-30,8273,158,0,3,0.0,0.019,0.0223,0.0459,0.5,finbert-ft-2026-08-09
umbf,2024-12-31,8273,106,0,3,0.0,0.0283,0.0192,0.0536,0.5,finbert-ft-2026-08-09
usb,2020-03-31,6548,50,4,21,0.08,0.42,0.1315,0.416,0.5,finbert-ft-2026-08-09
usb,2020-06-30,6548,45,3,23,0.0667,0.5111,0.0947,0.515,0.5,finbert-ft-2026-08-09
usb,2020-09-30,6548,23,0,10,0.0,0.4348,0.0321,0.4118,0.5,finbert-ft-2026-08-09
usb,2020-12-31,6548,24,2,13,0.0833,0.5417,0.1081,0.5253,0.5,finbert-ft-2026-08-09
usb,2021-03-31,6548,46,1,18,0.0217,0.3913,0.0403,0.3924,0.5,finbert-ft-2026-08-09
usb,2021-06-30,6548,37,2,18,0.0541,0.4865,0.0729,0.4854,0.5,finbert-ft-2026-08-09
usb,2021-09-30,6548,46,0,34,0.0,0.7391,0.041,0.7273,0.5,finbert-ft-2026-08-09
usb,2021-12-31,6548,43,3,14,0.0698,0.3256,0.0724,0.3506,0.5,finbert-ft-2026-08-09
usb,2022-03-31,6548,49,5,18,0.102,0.3673,0.106,0.3807,0.5,finbert-ft-2026-08-09
usb,2022-06-30,6548,33,1,17,0.0303,0.5152,0.0438,0.504,0.5,finbert-ft-2026-08-09
usb,2022-09-30,6548,98,6,13,0.0612,0.1327,0.0873,0.1491,0.5,finbert-ft-2026-08-09
usb,2022-12-31,6548,854,13,143,0.0152,0.1674,0.0854,0.1969,0.5,finbert-ft-2026-08-09
usb,2023-03-31,6548,114,7,23,0.0614,0.2018,0.0746,0.2059,0.5,finbert-ft-2026-08-09
usb,2023-06-30,6548,416,17,47,0.0409,0.113,0.0559,0.1492,0.5,finbert-ft-2026-08-09
usb,2023-09-30,6548,352,23,52,0.0653,0.1477,0.0753,0.1703,0.5,finbert-ft-2026-08-09
usb,2023-12-31,6548,258,15,39,0.0581,0.1512,0.0593,0.1741,0.5,finbert-ft-2026-08-09
usb,2024-03-31,6548,362,11,49,0.0304,0.1354,0.0404,0.1616,0.5,finbert-ft-2026-08-09
usb,2024-06-30,6548,458,18,51,0.0393,0.1114,0.0558,0.1474,0.5,finbert-ft-2026-08-09
usb,2024-09-30,6548,293,14,49,0.0478,0.1672,0.0626,0.2044,0.5,finbert-ft-2026-08-09
usb,2024-12-31,6548,218,1,38,0.0046,0.1743,0.0248,0.1992,0.5,finbert-ft-2026-08-09
vly,2020-03-31,9396,15,1,5,0.0667,0.3333,0.0654,0.3488,0.5,finbert-ft-2026-08-09
vly,2020-06-30,9396,18,0,10,0.0,0.5556,0.0103,0.5454,0.5,finbert-ft-2026-08-09
vly,2020-09-30,9396,5,0,2,0.0,0.4,0.0115,0.4313,0.5,finbert-ft-2026-08-09
vly,2020-12-31,9396,4,0,3,0.0,0.75,0.0121,0.6776,0.5,finbert-ft-2026-08-09
vly,2021-03-31,9396,9,0,2,0.0,0.2222,0.0103,0.2768,0.5,finbert-ft-2026-08-09
vly,2021-06-30,9396,12,1,8,0.0833,0.6667,0.0992,0.645,0.5,finbert-ft-2026-08-09
vly,2021-09-30,9396,30,1,12,0.0333,0.4,0.0381,0.4306,0.5,finbert-ft-2026-08-09
vly,2021-12-31,9396,17,0,7,0.0,0.4118,0.0642,0.3933,0.5,finbert-ft-2026-08-09
vly,2022-03-31,9396,24,0,13,0.0,0.5417,0.0149,0.5587,0.5,finbert-ft-2026-08-09
vly,2022-06-30,9396,26,0,15,0.0,0.5769,0.0149,0.5543,0.5,finbert-ft-2026-08-09
vly,2022-09-30,9396,23,1,13,0.0435,0.5652,0.0505,0.5677,0.5,finbert-ft-2026-08-09
vly,2022-12-31,9396,10,0,3,0.0,0.3,0.0099,0.3747,0.5,finbert-ft-2026-08-09
vly,2023-03-31,9396,21,0,10,0.0,0.4762,0.0291,0.4576,0.5,finbert-ft-2026-08-09
vly,2023-06-30,9396,95,6,10,0.0632,0.1053,0.1101,0.1363,0.5,finbert-ft-2026-08-09
vly,2023-09-30,9396,58,4,16,0.069,0.2759,0.0885,0.298,0.5,finbert-ft-2026-08-09
vly,2023-12-31,9396,40,0,18,0.0,0.45,0.0126,0.4477,0.5,finbert-ft-2026-08-09
vly,2024-03-31,9396,79,4,15,0.0506,0.1899,0.0886,0.2048,0.5,finbert-ft-2026-08-09
vly,2024-06-30,9396,87,4,19,0.046,0.2184,0.0609,0.2277,0.5,finbert-ft-2026-08-09
vly,2024-09-30,9396,101,5,23,0.0495,0.2277,0.0636,0.2416,0.5,finbert-ft-2026-08-09
vly,2024-12-31,9396,64,6,15,0.0938,0.2344,0.1072,0.2685,0.5,finbert-ft-2026-08-09
wafd,2020-03-31,28088,15,1,0,0.0667,0.0,0.0972,0.0874,0.5,finbert-ft-2026-08-09
wafd,2020-06-30,28088,19,0,0,0.0,0.0,0.0073,0.0464,0.5,finbert-ft-2026-08-09
wafd,2020-09-30,28088,17,0,0,0.0,0.0,0.0455,0.0382,0.5,finbert-ft-2026-08-09
wafd,2020-12-31,28088,6,0,0,0.0,0.0,0.0099,0.0385,0.5,finbert-ft-2026-08-09
wafd,2021-03-31,28088,23,0,1,0.0,0.0435,0.0249,0.0838,0.5,finbert-ft-2026-08-09
wafd,2021-06-30,28088,15,1,4,0.0667,0.2667,0.0736,0.2178,0.5,finbert-ft-2026-08-09
wafd,2021-09-30,28088,18,0,6,0.0,0.3333,0.0111,0.2413,0.5,finbert-ft-2026-08-09
wafd,2021-12-31,28088,28,2,6,0.0714,0.2143,0.0523,0.1992,0.5,finbert-ft-2026-08-09
wafd,2022-03-31,28088,22,0,8,0.0,0.3636,0.0137,0.3324,0.5,finbert-ft-2026-08-09
wafd,2022-06-30,28088,21,0,5,0.0,0.2381,0.0089,0.219,0.5,finbert-ft-2026-08-09
wafd,2022-09-30,28088,32,0,5,0.0,0.1562,0.0125,0.1993,0.5,finbert-ft-2026-08-09
wafd,2022-12-31,28088,134,0,9,0.0,0.0672,0.033,0.0666,0.5,finbert-ft-2026-08-09
wafd,2023-03-31,28088,38,0,12,0.0,0.3158,0.0155,0.3052,0.5,finbert-ft-2026-08-09
wafd,2023-06-30,28088,48,0,8,0.0,0.1667,0.0134,0.1549,0.5,finbert-ft-2026-08-09
wafd,2023-09-30,28088,44,4,8,0.0909,0.1818,0.099,0.1778,0.5,finbert-ft-2026-08-09
wafd,2023-12-31,28088,40,3,8,0.075,0.2,0.0864,0.201,0.5,finbert-ft-2026-08-09
wafd,2024-03-31,28088,45,0,22,0.0,0.4889,0.0128,0.4166,0.5,finbert-ft-2026-08-09
wafd,2024-06-30,28088,53,0,22,0.0,0.4151,0.0099,0.389,0.5,finbert-ft-2026-08-09
wafd,2024-09-30,28088,61,0,16,0.0,0.2623,0.0115,0.2585,0.5,finbert-ft-2026-08-09
wafd,2024-12-31,28088,44,0,11,0.0,0.25,0.0109,0.2469,0.5,finbert-ft-2026-08-09
wal,2020-03-31,57512,32,1,10,0.0312,0.3125,0.0517,0.3244,0.5,finbert-ft-2026-08-09
wal,2020-06-30,57512,33,2,16,0.0606,0.4848,0.0651,0.4309,0.5,finbert-ft-2026-08-09
wal,2020-09-30,57512,32,2,12,0.0625,0.375,0.0804,0.3318,0.5,finbert-ft-2026-08-09
wal,2020-12-31,57512,9,0,2,0.0,0.2222,0.0115,0.2911,0.5,finbert-ft-2026-08-09
wal,2021-03-31,57512,37,1,12,0.027,0.3243,0.039,0.3039,0.5,finbert-ft-2026-08-09
wal,2021-06-30,57512,35,0,12,0.0,0.3429,0.0135,0.3306,0.5,finbert-ft-2026-08-09
wal,2021-09-30,57512,34,0,8,0.0,0.2353,0.0182,0.2258,0.5,finbert-ft-2026-08-09
wal,2021-12-31,57512,25,0,6,0.0,0.24,0.0188,0.2559,0.5,finbert-ft-2026-08-09
wal,2022-03-31,57512,51,0,5,0.0,0.098,0.0163,0.1129,0.5,finbert-ft-2026-08-09
wal,2022-06-30,57512,47,3,9,0.0638,0.1915,0.0703,0.2264,0.5,finbert-ft-2026-08-09
wal,2022-09-30,57512,32,2,7,0.0625,0.2188,0.0758,0.2162,0.5,finbert-ft-2026-08-09
wal,2022-12-31,57512,28,0,4,0.0,0.1429,0.0089,0.1672,0.5,finbert-ft-2026-08-09
wal,2023-03-31,57512,96,3,12,0.0312,0.125,0.0437,0.1622,0.5,finbert-ft-2026-08-09
wal,2023-06-30,57512,555,75,90,0.1351,0.1622,0.1386,0.1569,0.5,finbert-ft-2026-08-09
wal,2023-09-30,57512,134,8,12,0.0597,0.0896,0.0624,0.1272,0.5,finbert-ft-2026-08-09
wal,2023-12-31,57512,88,2,13,0.0227,0.1477,0.0314,0.1682,0.5,finbert-ft-2026-08-09
wal,2024-03-31,57512,88,5,13,0.0568,0.1477,0.0737,0.1853,0.5,finbert-ft-2026-08-09
wal,2024-06-30,57512,98,1,13,0.0102,0.1327,0.0194,0.1763,0.5,finbert-ft-2026-08-09
wal,2024-09-30,57512,114,1,14,0.0088,0.1228,0.0253,0.146,0.5,finbert-ft-2026-08-09
wal,2024-12-31,57512,81,1,14,0.0123,0.1728,0.0185,0.1975,0.5,finbert-ft-2026-08-09
wbs,2020-03-31,18221,50,0,11,0.0,0.22,0.0194,0.2271,0.5,finbert-ft-2026-08-09
wbs,2020-06-30,18221,35,3,15,0.0857,0.4286,0.083,0.4246,0.5,finbert-ft-2026-08-09
wbs,2020-09-30,18221,25,1,14,0.04,0.56,0.0488,0.4028,0.5,finbert-ft-2026-08-09
wbs,2020-12-31,18221,23,14,4,0.6087,0.1739,0.5988,0.1762,0.5,finbert-ft-2026-08-09
wbs,2021-03-31,18221,20,2,4,0.1,0.2,0.1188,0.2346,0.5,finbert-ft-2026-08-09
wbs,2021-06-30,18221,42,0,16,0.0,0.381,0.0164,0.3936,0.5,finbert-ft-2026-08-09
wbs,2021-09-30,18221,12,0,3,0.0,0.25,0.0091,0.2799,0.5,finbert-ft-2026-08-09
wbs,2021-12-31,18221,19,0,13,0.0,0.6842,0.0071,0.6109,0.5,finbert-ft-2026-08-09
wbs,2022-03-31,18221,61,0,30,0.0,0.4918,0.0086,0.5124,0.5,finbert-ft-2026-08-09
wbs,2022-06-30,18221,31,0,15,0.0,0.4839,0.0069,0.4208,0.5,finbert-ft-2026-08-09
wbs,2022-09-30,18221,17,0,1,0.0,0.0588,0.0125,0.0829,0.5,finbert-ft-2026-08-09
wbs,2022-12-31,18221,17,0,5,0.0,0.2941,0.0079,0.3365,0.5,finbert-ft-2026-08-09
wbs,2023-03-31,18221,61,0,6,0.0,0.0984,0.0306,0.1262,0.5,finbert-ft-2026-08-09
wbs,2023-06-30,18221,119,27,4,0.2269,0.0336,0.2337,0.0605,0.5,finbert-ft-2026-08-09
wbs,2023-09-30,18221,74,4,6,0.0541,0.0811,0.0607,0.1113,0.5,finbert-ft-2026-08-09
wbs,2023-12-31,18221,62,0,9,0.0,0.1452,0.0126,0.1641,0.5,finbert-ft-2026-08-09
wbs,2024-03-31,18221,21,2,7,0.0952,0.3333,0.0978,0.3079,0.5,finbert-ft-2026-08-09
wbs,2024-06-30,18221,90,0,11,0.0,0.1222,0.0136,0.1289,0.5,finbert-ft-2026-08-09
wbs,2024-09-30,18221,60,2,8,0.0333,0.1333,0.0438,0.146,0.5,finbert-ft-2026-08-09
wbs,2024-12-31,18221,90,5,3,0.0556,0.0333,0.0656,0.0678,0.5,finbert-ft-2026-08-09
wfc,2020-03-31,3511,3168,718,621,0.2266,0.196,0.2392,0.2087,0.5,finbert-ft-2026-08-09
wfc,2020-06-30,3511,1639,154,268,0.094,0.1635,0.1285,0.1784,0.5,finbert-ft-2026-08-09
wfc,2020-09-30,3511,1459,233,135,0.1597,0.0925,0.1842,0.1082,0.5,finbert-ft-2026-08-09
wfc,2020-12-31,3511,801,132,122,0.1648,0.1523,0.1625,0.1685,0.5,finbert-ft-2026-08-09
wfc,2021-03-31,3511,1171,142,243,0.1213,0.2075,0.1239,0.2289,0.5,finbert-ft-2026-08-09
wfc,2021-06-30,3511,1147,70,129,0.061,0.1125,0.093,0.1373,0.5,finbert-ft-2026-08-09
wfc,2021-09-30,3511,1321,268,153,0.2029,0.1158,0.2166,0.1352,0.5,finbert-ft-2026-08-09
wfc,2021-12-31,3511,610,63,76,0.1033,0.1246,0.1039,0.136,0.5,finbert-ft-2026-08-09
wfc,2022-03-31,3511,828,71,125,0.0857,0.151,0.0946,0.1684,0.5,finbert-ft-2026-08-09
wfc,2022-06-30,3511,1347,126,82,0.0935,0.0609,0.1103,0.0839,0.5,finbert-ft-2026-08-09
wfc,2022-09-30,3511,1083,102,77,0.0942,0.0711,0.1049,0.095,0.5,finbert-ft-2026-08-09
wfc,2022-12-31,3511,1159,363,215,0.3132,0.1855,0.3118,0.2495,0.5,finbert-ft-2026-08-09
wfc,2023-03-31,3511,1090,223,100,0.2046,0.0917,0.2153,0.1051,0.5,finbert-ft-2026-08-09
wfc,2023-06-30,3511,4601,198,320,0.043,0.0696,0.0554,0.0846,0.5,finbert-ft-2026-08-09
wfc,2023-09-30,3511,2487,352,288,0.1415,0.1158,0.1501,0.1253,0.5,finbert-ft-2026-08-09
wfc,2023-12-31,3511,1656,213,183,0.1286,0.1105,0.1352,0.1252,0.5,finbert-ft-2026-08-09
wfc,2024-03-31,3511,1882,113,147,0.06,0.0781,0.0719,0.0917,0.5,finbert-ft-2026-08-09
wfc,2024-06-30,3511,2548,195,111,0.0765,0.0436,0.0838,0.0613,0.5,finbert-ft-2026-08-09
wfc,2024-09-30,3511,2429,308,77,0.1268,0.0317,0.129,0.0482,0.5,finbert-ft-2026-08-09
wfc,2024-12-31,3511,1966,201,83,0.1022,0.0422,0.0984,0.0608,0.5,finbert-ft-2026-08-09
wsbc,2020-03-31,803,45,0,16,0.0,0.3556,0.0097,0.3433,0.5,finbert-ft-2026-08-09
wsbc,2020-06-30,803,26,0,11,0.0,0.4231,0.0085,0.3686,0.5,finbert-ft-2026-08-09
wsbc,2020-09-30,803,37,1,16,0.027,0.4324,0.0346,0.408,0.5,finbert-ft-2026-08-09
wsbc,2020-12-31,803,14,1,5,0.0714,0.3571,0.0787,0.344,0.5,finbert-ft-2026-08-09
wsbc,2021-03-31,803,40,0,17,0.0,0.425,0.0078,0.4039,0.5,finbert-ft-2026-08-09
wsbc,2021-06-30,803,35,0,18,0.0,0.5143,0.0084,0.4795,0.5,finbert-ft-2026-08-09
wsbc,2021-09-30,803,24,0,10,0.0,0.4167,0.011,0.3708,0.5,finbert-ft-2026-08-09
wsbc,2021-12-31,803,24,0,11,0.0,0.4583,0.0135,0.433,0.5,finbert-ft-2026-08-09
wsbc,2022-03-31,803,62,1,20,0.0161,0.3226,0.0234,0.333,0.5,finbert-ft-2026-08-09
wsbc,2022-06-30,803,46,0,14,0.0,0.3043,0.0082,0.2792,0.5,finbert-ft-2026-08-09
wsbc,2022-09-30,803,47,0,14,0.0,0.2979,0.0103,0.3007,0.5,finbert-ft-2026-08-09
wsbc,2022-12-31,803,23,0,8,0.0,0.3478,0.0074,0.3395,0.5,finbert-ft-2026-08-09
wsbc,2023-03-31,803,128,0,10,0.0,0.0781,0.0084,0.1103,0.5,finbert-ft-2026-08-09
wsbc,2023-06-30,803,86,0,15,0.0,0.1744,0.0087,0.1924,0.5,finbert-ft-2026-08-09
wsbc,2023-09-30,803,166,3,13,0.0181,0.0783,0.0328,0.1009,0.5,finbert-ft-2026-08-09
wsbc,2023-12-31,803,48,0,6,0.0,0.125,0.0098,0.1364,0.5,finbert-ft-2026-08-09
wsbc,2024-03-31,803,134,4,14,0.0299,0.1045,0.0475,0.114,0.5,finbert-ft-2026-08-09
wsbc,2024-06-30,803,82,2,18,0.0244,0.2195,0.0305,0.2263,0.5,finbert-ft-2026-08-09
wsbc,2024-09-30,803,129,4,32,0.031,0.2481,0.0462,0.2389,0.5,finbert-ft-2026-08-09
wsbc,2024-12-31,803,208,0,22,0.0,0.1058,0.0165,0.1153,0.5,finbert-ft-2026-08-09
wsfs,2020-03-31,17838,8,0,2,0.0,0.25,0.009,0.2454,0.5,finbert-ft-2026-08-09
wsfs,2020-06-30,17838,10,0,6,0.0,0.6,0.0069,0.5721,0.5,finbert-ft-2026-08-09
wsfs,2020-09-30,17838,7,0,3,0.0,0.4286,0.0071,0.4235,0.5,finbert-ft-2026-08-09
wsfs,2020-12-31,17838,10,2,7,0.2,0.7,0.2007,0.6585,0.5,finbert-ft-2026-08-09
wsfs,2021-03-31,17838,16,0,7,0.0,0.4375,0.0146,0.452,0.5,finbert-ft-2026-08-09
wsfs,2021-06-30,17838,5,0,3,0.0,0.6,0.0066,0.5742,0.5,finbert-ft-2026-08-09
wsfs,2021-09-30,17838,6,0,2,0.0,0.3333,0.0122,0.3241,0.5,finbert-ft-2026-08-09
wsfs,2021-12-31,17838,8,0,3,0.0,0.375,0.0104,0.4096,0.5,finbert-ft-2026-08-09
wsfs,2022-03-31,17838,12,0,6,0.0,0.5,0.0082,0.5647,0.5,finbert-ft-2026-08-09
wsfs,2022-06-30,17838,9,0,3,0.0,0.3333,0.0076,0.3223,0.5,finbert-ft-2026-08-09
wsfs,2022-09-30,17838,6,0,4,0.0,0.6667,0.0074,0.6413,0.5,finbert-ft-2026-08-09
wsfs,2022-12-31,17838,9,0,4,0.0,0.4444,0.0066,0.432,0.5,finbert-ft-2026-08-09
wsfs,2023-03-31,17838,9,0,4,0.0,0.4444,0.0084,0.4268,0.5,finbert-ft-2026-08-09
wsfs,2023-06-30,17838,7,0,2,0.0,0.2857,0.0122,0.2783,0.5,finbert-ft-2026-08-09
wsfs,2023-09-30,17838,12,0,5,0.0,0.4167,0.0073,0.4373,0.5,finbert-ft-2026-08-09
wsfs,2023-12-31,17838,7,0,1,0.0,0.1429,0.0143,0.1442,0.5,finbert-ft-2026-08-09
wsfs,2024-03-31,17838,7,0,2,0.0,0.2857,0.0099,0.3069,0.5,finbert-ft-2026-08-09
wsfs,2024-06-30,17838,5,0,3,0.0,0.6,0.0077,0.5704,0.5,finbert-ft-2026-08-09
wsfs,2024-09-30,17838,5,0,3,0.0,0.6,0.0076,0.5757,0.5,finbert-ft-2026-08-09
wsfs,2024-12-31,17838,163,0,2,0.0,0.0123,0.0078,0.0646,0.5,finbert-ft-2026-08-09
wtfc,2020-03-31,33935,25,1,9,0.04,0.36,0.0524,0.3517,0.5,finbert-ft-2026-08-09
wtfc,2020-06-30,33935,24,0,16,0.0,0.6667,0.0062,0.5974,0.5,finbert-ft-2026-08-09
wtfc,2020-09-30,33935,9,1,3,0.1111,0.3333,0.0736,0.3896,0.5,finbert-ft-2026-08-09
wtfc,2020-12-31,33935,3,0,1,0.0,0.3333,0.007,0.3259,0.5,finbert-ft-2026-08-09
wtfc,2021-03-31,33935,15,0,4,0.0,0.2667,0.0141,0.2721,0.5,finbert-ft-2026-08-09
wtfc,2021-06-30,33935,6,0,4,0.0,0.6667,0.0072,0.6395,0.5,finbert-ft-2026-08-09
wtfc,2021-09-30,33935,8,0,3,0.0,0.375,0.0682,0.3787,0.5,finbert-ft-2026-08-09
wtfc,2021-12-31,33935,9,0,4,0.0,0.4444,0.0399,0.4519,0.5,finbert-ft-2026-08-09
wtfc,2022-03-31,33935,9,1,2,0.1111,0.2222,0.073,0.2348,0.5,finbert-ft-2026-08-09
wtfc,2022-06-30,33935,11,0,6,0.0,0.5455,0.0094,0.5325,0.5,finbert-ft-2026-08-09
wtfc,2022-09-30,33935,9,1,3,0.1111,0.3333,0.116,0.3353,0.5,finbert-ft-2026-08-09
wtfc,2022-12-31,33935,14,0,8,0.0,0.5714,0.0092,0.5332,0.5,finbert-ft-2026-08-09
wtfc,2023-03-31,33935,13,0,5,0.0,0.3846,0.0512,0.371,0.5,finbert-ft-2026-08-09
wtfc,2023-06-30,33935,9,0,6,0.0,0.6667,0.0072,0.6675,0.5,finbert-ft-2026-08-09
wtfc,2023-09-30,33935,17,0,7,0.0,0.4118,0.0084,0.4211,0.5,finbert-ft-2026-08-09
wtfc,2023-12-31,33935,7,0,4,0.0,0.5714,0.0069,0.5748,0.5,finbert-ft-2026-08-09
wtfc,2024-03-31,33935,20,0,4,0.0,0.2,0.0094,0.3222,0.5,finbert-ft-2026-08-09
wtfc,2024-06-30,33935,11,0,6,0.0,0.5455,0.008,0.5311,0.5,finbert-ft-2026-08-09
wtfc,2024-09-30,33935,6,0,4,0.0,0.6667,0.0074,0.6454,0.5,finbert-ft-2026-08-09
wtfc,2024-12-31,33935,7,0,2,0.0,0.2857,0.0084,0.424,0.5,finbert-ft-2026-08-09
zion,2020-03-31,2270,57,3,7,0.0526,0.1228,0.0625,0.1388,0.5,finbert-ft-2026-08-09
zion,2020-06-30,2270,74,0,20,0.0,0.2703,0.0266,0.3097,0.5,finbert-ft-2026-08-09
zion,2020-09-30,2270,51,1,12,0.0196,0.2353,0.0353,0.2609,0.5,finbert-ft-2026-08-09
zion,2020-12-31,2270,19,1,4,0.0526,0.2105,0.0635,0.2015,0.5,finbert-ft-2026-08-09
zion,2021-03-31,2270,47,0,13,0.0,0.2766,0.0481,0.3139,0.5,finbert-ft-2026-08-09
zion,2021-06-30,2270,58,0,18,0.0,0.3103,0.0114,0.3342,0.5,finbert-ft-2026-08-09
zion,2021-09-30,2270,34,0,8,0.0,0.2353,0.0197,0.2921,0.5,finbert-ft-2026-08-09
zion,2021-12-31,2270,31,0,7,0.0,0.2258,0.0112,0.2542,0.5,finbert-ft-2026-08-09
zion,2022-03-31,2270,40,1,5,0.025,0.125,0.0348,0.1851,0.5,finbert-ft-2026-08-09
zion,2022-06-30,2270,70,1,13,0.0143,0.1857,0.0316,0.2026,0.5,finbert-ft-2026-08-09
zion,2022-09-30,2270,67,3,10,0.0448,0.1493,0.071,0.1522,0.5,finbert-ft-2026-08-09
zion,2022-12-31,2270,36,1,6,0.0278,0.1667,0.0425,0.2674,0.5,finbert-ft-2026-08-09
zion,2023-03-31,2270,43,0,10,0.0,0.2326,0.0115,0.2631,0.5,finbert-ft-2026-08-09
zion,2023-06-30,2270,307,22,17,0.0717,0.0554,0.0805,0.0867,0.5,finbert-ft-2026-08-09
zion,2023-09-30,2270,203,4,23,0.0197,0.1133,0.034,0.1467,0.5,finbert-ft-2026-08-09
zion,2023-12-31,2270,118,7,12,0.0593,0.1017,0.0724,0.1302,0.5,finbert-ft-2026-08-09
zion,2024-03-31,2270,262,13,17,0.0496,0.0649,0.0582,0.1059,0.5,finbert-ft-2026-08-09
zion,2024-06-30,2270,109,5,18,0.0459,0.1651,0.0685,0.173,0.5,finbert-ft-2026-08-09
zion,2024-09-30,2270,194,1,16,0.0052,0.0825,0.0224,0.1177,0.5,finbert-ft-2026-08-09
zion,2024-12-31,2270,133,1,20,0.0075,0.1504,0.0148,0.174,0.5,finbert-ft-2026-08-09
